visual_group,member_count,member_ids,truncated,representative_name,category,subcategory,reuse_candidate
alias:1128,1,1099,no,a mountain,terrain,ground,no
alias:1771,1,4393,no,a drawbridge,terrain,ground,no
alias:1772,1,2571,no,a stone,decoration,bottom_overlay,no
alias:1777,1,2562,no,a hollow stone,container,chest,no
alias:1983,1,2560,no,a stone coffin,container,chest,no
alias:1992,1,2565,no,a sarcophagus,container,chest,no
alias:1994,1,2564,no,a sarcophagus,container,chest,no
alias:2054,1,2568,no,a cobra statue,readable,text,no
alias:2137,3,2141;2142;2149,no,a searing fire,decoration,light_source,yes
alias:2138,2,2150;2151,no,a fire,decoration,light_source,yes
alias:2140,2,2139;2143,no,a fire,item,unspecified,yes
alias:2186,1,2186,no,nothing special,decoration,bottom_overlay,no
alias:2190,1,2217,no,an ominous pillar,decoration,bottom_overlay,no
alias:231,3,614;616;617,no,sand,terrain,ground,yes
alias:2433,1,2553,no,drawers,container,chest,no
alias:2434,1,2554,no,drawers,container,chest,no
alias:2435,1,2558,no,a bookcase,container,chest,no
alias:2438,1,2559,no,a bookcase,container,chest,no
alias:2469,2,2470;2543,no,a box,container,container,yes
alias:2472,2,2479;2546,no,a chest,container,chest,yes
alias:2473,1,2551,no,a box,container,chest,no
alias:2474,2,1990;2545,no,a wooden coffin,container,container,yes
alias:2476,2,1991;2544,no,a wooden coffin,container,container,yes
alias:2523,1,2561,no,a barrel,container,chest,no
alias:2753,1,4833,no,a giant footprint,container,chest,no
alias:2772,2,2566;2569,no,a lever,usable,interactable,yes
alias:2773,2,2567;2570,no,a lever,usable,interactable,yes
alias:2928,1,2774,no,a torch bearer,decoration,light_source,no
alias:2984,1,2549,no,a honeyflower patch,container,chest,no
alias:353,2,371;395,no,dirt floor,terrain,ground,yes
alias:355,1,372,no,muddy floor,usable,liquid_source,no
alias:3614,1,3611,no,a firtree,container,container,no
alias:3617,1,3610,no,a plum tree,container,container,no
alias:3634,2,2552;3612,no,a dead tree,container,chest,yes
alias:3639,1,2547,no,a bananapalm,container,chest,no
alias:387,1,2555,no,a small hole,container,chest,no
alias:3919,1,4830,no,witches mushrooms,container,chest,no
alias:4025,1,2548,no,a dead dragon,container,chest,no
alias:408,1,2556,no,a loose board,container,chest,no
alias:424,1,426,no,sandstone floor,terrain,ground,no
alias:4240,1,2550,no,a dead human,container,chest,no
alias:425,1,427,no,sandstone floor,terrain,ground,no
alias:4285,1,2557,no,a pile of bones,container,chest,no
alias:4305,1,2563,no,a pile of bones,structure,obstacle,no
alias:4609,1,4615,no,shallow water,usable,liquid_source,no
alias:4610,1,4616,no,shallow water,usable,liquid_source,no
alias:4611,1,4617,no,shallow water,usable,liquid_source,no
alias:4612,1,4618,no,shallow water,usable,liquid_source,no
alias:4613,1,4619,no,shallow water,usable,liquid_source,no
alias:4614,1,4620,no,shallow water,usable,liquid_source,no
alias:469,8,451;465;466;467;471;472;473;474,no,stairs,terrain,ground,yes
alias:470,1,468,no,nothing special,terrain,ground,no
alias:620,1,621,no,shallow water,usable,liquid_source,no
id:0,1,0,no,,container,container,no
id:1,1,1,no,,container,container,no
id:10,1,10,no,,container,container,no
id:2,1,2,no,,container,container,no
id:3,1,3,no,,container,container,no
id:4,1,4,no,,container,container,no
id:5,1,5,no,,container,container,no
id:6,1,6,no,,container,container,no
id:7,1,7,no,,container,container,no
id:8,1,8,no,,container,container,no
id:9,1,9,no,,container,container,no
id:99,1,99,no,,container,container,no
name:a backpack of holding|item,1,3253,no,a backpack of holding,item,portable,no
name:a backpack|equipment,9,2854;2865;2866;2867;2868;2869;2870;2871;2872,no,a backpack,equipment,clothing,yes
name:a badger fur|terrain,1,2595,no,a badger fur,terrain,border,no
name:a bag|equipment,9,2853;2857;2858;2859;2860;2861;2862;2863;2864,no,a bag,equipment,clothing,yes
name:a baking tray|item,1,3464,no,a baking tray,item,portable,no
name:a ball gown|equipment,1,3570,no,a ball gown,equipment,clothing,no
name:a bamboo column|decoration,7,2242;2243;2244;2245;2246;2247;2248,no,a bamboo column,decoration,bottom_overlay,yes
name:a bamboo drawer|container,4,2465;2466;2467;2468,no,a bamboo drawer,container,container,yes
name:a bamboo fence|decoration,2,1526;1527,no,a bamboo fence,decoration,bottom_overlay,yes
name:a bamboo lamp|decoration,23,2116;2117;5024;5025;5026;5027;5028;5029;5030;5031;5032;5033;5034;5035;5036;5037;5038;5039;5040;5041;5042;5043;5044,no,a bamboo lamp,decoration,light_source,yes
name:a bamboo palisade|decoration,4,1523;1524;1525;1542,no,a bamboo palisade,decoration,bottom_overlay,yes
name:a bamboo plant|decoration,8,3761;3762;3763;3764;3766;3767;3768;3769,no,a bamboo plant,decoration,bottom_overlay,yes
name:a bamboo plant|structure,2,3765;3770,no,a bamboo plant,structure,obstacle,yes
name:a bamboo pole|decoration,4,2249;2250;2251;2252,no,a bamboo pole,decoration,bottom_overlay,yes
name:a bamboo shelf|container,2,2459;2460,no,a bamboo shelf,container,container,yes
name:a bamboo table|item,2,2350;2351,no,a bamboo table,item,unspecified,yes
name:a bamboo wall window|decoration,2,1538;1541,no,a bamboo wall window,decoration,bottom_overlay,yes
name:a bamboo wall|decoration,15,1512;1513;1514;1515;1516;1517;1518;1519;1520;1521;1522;1536;1537;1539;1540,no,a bamboo wall,decoration,bottom_overlay,yes
name:a bamboo wardrobe|container,4,2455;2456;2457;2458,no,a bamboo wardrobe,container,container,yes
name:a banana skin|item,1,3104,no,a banana skin,item,portable,no
name:a banana staff|equipment,1,3348,no,a banana staff,equipment,weapon,no
name:a banana|usable,1,3587,no,a banana,usable,food,no
name:a barbarian axe|equipment,1,3317,no,a barbarian axe,equipment,weapon,no
name:a barrel|container,2,2519;2523,no,a barrel,container,container,yes
name:a basket|container,1,2855,no,a basket,container,container,no
name:a bast skirt|equipment,1,3560,no,a bast skirt,equipment,clothing,no
name:a battle axe|equipment,1,3266,no,a battle axe,equipment,weapon,no
name:a battle hammer|equipment,1,3305,no,a battle hammer,equipment,weapon,no
name:a battle shield|equipment,1,3413,no,a battle shield,equipment,shield,no
name:a bear doll|item,1,3001,no,a bear doll,item,portable,no
name:a beastslayer axe|equipment,1,3344,no,a beastslayer axe,equipment,weapon,no
name:a bed|furniture,2,2495;2497,no,a bed,furniture,bed,yes
name:a bed|structure,4,2488;2494;2496;2498,no,a bed,structure,obstacle,yes
name:a bed|usable,2,2487;2493,no,a bed,usable,interactable,yes
name:a beech|decoration,1,3621,no,a beech,decoration,bottom_overlay,no
name:a beer cask|usable,1,2525,no,a beer cask,usable,liquid_source,no
name:a bees ballroom|decoration,1,3877,no,a bees ballroom,decoration,bottom_overlay,no
name:a behemoth trophy|item,2,2675;2676,no,a behemoth trophy,item,unspecified,yes
name:a beholder helmet|equipment,1,3408,no,a beholder helmet,equipment,armor,no
name:a beholder shield|equipment,1,3418,no,a beholder shield,equipment,shield,no
name:a bench|item,4,2370;2371;2372;2373,no,a bench,item,unspecified,yes
name:a big bone|item,1,3116,no,a big bone,item,portable,no
name:a big fern|decoration,1,3751,no,a big fern,decoration,bottom_overlay,no
name:a big table|decoration,12,2302;2303;2304;2305;2306;2307;2308;2309;2310;2311;2312;2313,no,a big table,decoration,bottom_overlay,yes
name:a big table|item,1,2314,no,a big table,item,unspecified,no
name:a big wine cask|usable,8,2527;2528;2529;2530;2531;2532;2533;2534,no,a big wine cask,usable,liquid_source,yes
name:a bill|item,1,3216,no,a bill,item,portable,no
name:a birdcage|item,1,2975,no,a birdcage,item,unspecified,no
name:a birdcage|usable,1,2976,no,a birdcage,usable,interactable,no
name:a black bishop|item,1,3544,no,a black bishop,item,portable,no
name:a black castle|item,1,3542,no,a black castle,item,portable,no
name:a black knight|item,1,3543,no,a black knight,item,portable,no
name:a black pawn|item,1,3541,no,a black pawn,item,portable,no
name:a black pearl|item,1,3027,no,a black pearl,item,portable,no
name:a black shield|equipment,1,3429,no,a black shield,equipment,shield,no
name:a black token|item,1,3533,no,a black token,item,portable,no
name:a blackboard|readable,4,2597;2598;2602;2605,no,a blackboard,readable,text,yes
name:a blank paper|readable,1,2813,no,a blank paper,readable,text,no
name:a blank parchment|readable,1,2817,no,a blank parchment,readable,text,no
name:a blank rune|item,1,3147,no,a blank rune,item,portable,no
name:a blessed ankh|usable,1,3214,no,a blessed ankh,usable,interactable,no
name:a blessed shield|equipment,1,3423,no,a blessed shield,equipment,shield,no
name:a block of wood|structure,1,2743,no,a block of wood,structure,obstacle,no
name:a blood herb|item,1,3734,no,a blood herb,item,portable,no
name:a blood orb|item,1,3251,no,a blood orb,item,portable,no
name:a bloodspot|decoration,3,2693;2694;2695,no,a bloodspot,decoration,hangable,yes
name:a bloodspot|item,3,2696;2697;2698,no,a bloodspot,item,unspecified,yes
name:a blue gem|item,1,3041,no,a blue gem,item,portable,no
name:a blue pillow|item,1,2394,no,a blue pillow,item,portable,no
name:a blue robe|equipment,1,3567,no,a blue robe,equipment,armor,no
name:a blue rose|item,1,3659,no,a blue rose,item,portable,no
name:a blue shrine stone|decoration,1,1841,no,a blue shrine stone,decoration,bottom_overlay,no
name:a blue tapestry|decoration,1,2659,no,a blue tapestry,decoration,hangable,no
name:a blue tapestry|item,2,2657;2658,no,a blue tapestry,item,unspecified,yes
name:a blue tome|item,1,2850,no,a blue tome,item,portable,no
name:a blueberry bush|decoration,2,3699;3700,no,a blueberry bush,decoration,bottom_overlay,yes
name:a blueberry|usable,1,3588,no,a blueberry,usable,food,no
name:a bollard|structure,1,4972,no,a bollard,structure,obstacle,no
name:a bolt|equipment,1,3446,no,a bolt,equipment,ammunition,no
name:a bone club|equipment,1,3337,no,a bone club,equipment,weapon,no
name:a bone key|usable,1,2973,no,a bone key,usable,key,no
name:a bone shield|equipment,1,3441,no,a bone shield,equipment,shield,no
name:a bone sword|equipment,1,3338,no,a bone sword,equipment,weapon,no
name:a bone|item,1,3115,no,a bone,item,portable,no
name:a bongo drum|item,1,2951,no,a bongo drum,item,portable,no
name:a bookcase|container,6,2435;2436;2437;2438;2439;2440,no,a bookcase,container,container,yes
name:a book|readable,22,2816;2821;2824;2825;2826;2827;2828;2829;2830;2831;2832;2837;2838;2839;2840;2841;2842;2843;2844;2845;2846;2847,no,a book,readable,text,yes
name:a botanist's container|item,3,4868;4869;4870,no,a botanist's container,item,portable,yes
name:a botanist's container|usable,1,4867,no,a botanist's container,usable,interactable,no
name:a bottle|usable,1,2875,no,a bottle,usable,liquid_container,no
name:a bowel|item,3,3474;3475;3476,no,a bowel,item,portable,yes
name:a bowl|usable,1,2902,no,a bowl,usable,liquid_container,no
name:a bow|equipment,1,3350,no,a bow,equipment,weapon_bow,no
name:a box|container,2,2469;2473,no,a box,container,container,yes
name:a branch|decoration,1,3684,no,a branch,decoration,bottom_overlay,no
name:a brass armor|equipment,1,3359,no,a brass armor,equipment,armor,no
name:a brass helmet|equipment,1,3354,no,a brass helmet,equipment,armor,no
name:a brass shield|equipment,1,3411,no,a brass shield,equipment,shield,no
name:a bread|usable,1,3600,no,a bread,usable,food,no
name:a brick wall|decoration,11,1270;1271;1272;1273;1274;1275;1276;1277;1278;1279;1280,no,a brick wall,decoration,bottom_overlay,yes
name:a brick window|decoration,2,1736;1737,no,a brick window,decoration,bottom_overlay,yes
name:a bright sword|equipment,1,3295,no,a bright sword,equipment,weapon,no
name:a broadsword|equipment,1,3301,no,a broadsword,equipment,weapon,no
name:a broken amulet|equipment,1,3080,no,a broken amulet,equipment,clothing,no
name:a broken bottle|item,1,2892,no,a broken bottle,item,portable,no
name:a broken flask|item,2,2878;2894,no,a broken flask,item,portable,yes
name:a broken lizard statue|readable,4,2066;2067;2068;2069,no,a broken lizard statue,readable,text,yes
name:a broken obelisk|decoration,1,2200,no,a broken obelisk,decoration,bottom_overlay,no
name:a broken piggy bank|item,1,2996,no,a broken piggy bank,item,portable,no
name:a broken stone pillar|decoration,2,2264;2290,no,a broken stone pillar,decoration,bottom_overlay,yes
name:a broken stone tile|item,16,573;574;575;576;577;578;579;580;581;582;583;584;585;586;587;588,no,a broken stone tile,item,unspecified,yes
name:a broken stone wall|decoration,12,1573;1574;1575;1576;1577;1578;1579;1580;1581;1582;1583;1584,no,a broken stone wall,decoration,bottom_overlay,yes
name:a broken sword|item,1,3119,no,a broken sword,item,portable,no
name:a bronze amulet|equipment,1,3056,no,a bronze amulet,equipment,clothing,no
name:a bronze necklace|equipment,1,3009,no,a bronze necklace,equipment,clothing,no
name:a broom|usable,1,3454,no,a broom,usable,interactable,no
name:a brown bear fur|terrain,4,2587;2588;2589;2590,no,a brown bear fur,terrain,border,yes
name:a brown bread|usable,1,3602,no,a brown bread,usable,food,no
name:a brown flask|usable,1,2885,no,a brown flask,usable,liquid_container,no
name:a brown mushroom|usable,1,3725,no,a brown mushroom,usable,food,no
name:a bucket|usable,1,2873,no,a bucket,usable,liquid_container,no
name:a bunch of wheat|usable,1,3605,no,a bunch of wheat,usable,interactable,no
name:a buried coffin|item,2,1988;1989,no,a buried coffin,item,unspecified,yes
name:a burning heart|decoration,1,3240,no,a burning heart,decoration,light_source,no
name:a burning skull|decoration,2,5019;5020,no,a burning skull,decoration,light_source,yes
name:a burning wall|decoration,7,5061;5062;5063;5064;5065;5066;5067,no,a burning wall,decoration,light_source,yes
name:a burnt down torch|decoration,1,2926,no,a burnt down torch,decoration,light_source,no
name:a burnt scroll|item,1,3124,no,a burnt scroll,item,portable,no
name:a burst arrow|equipment,1,3449,no,a burst arrow,equipment,ammunition,no
name:a bush|decoration,1,3681,no,a bush,decoration,bottom_overlay,no
name:a butterfly conservation kit|item,4,4864;4865;4866;5089,no,a butterfly conservation kit,item,portable,yes
name:a butterfly conservation kit|usable,1,4863,no,a butterfly conservation kit,usable,interactable,no
name:a buttress|structure,4,1634;1635;1636;1637,no,a buttress,structure,top_overlay,yes
name:a cactus|decoration,12,3637;3638;3641;3642;3643;3644;3645;3646;3647;3648;3649;3650,no,a cactus,decoration,bottom_overlay,yes
name:a campfire|decoration,4,1998;1999;2000;2003,no,a campfire,decoration,light_source,yes
name:a campfire|structure,1,2002,no,a campfire,structure,obstacle,no
name:a candelabrum|decoration,1,2911,no,a candelabrum,decoration,light_source,no
name:a candlestick|decoration,1,2917,no,a candlestick,decoration,light_source,no
name:a candy cane|usable,1,3599,no,a candy cane,usable,food,no
name:a canopic jar|structure,1,4995,no,a canopic jar,structure,obstacle,no
name:a cape|equipment,1,3565,no,a cape,equipment,armor,no
name:a carlin sword|equipment,1,3283,no,a carlin sword,equipment,weapon,no
name:a carrot|usable,1,3595,no,a carrot,usable,food,no
name:a carved stone table|item,2,2346;2347,no,a carved stone table,item,unspecified,yes
name:a carved stone tile|terrain,7,513;514;515;516;517;518;519,no,a carved stone tile,terrain,ground,yes
name:a castle flag|decoration,1,2019,no,a castle flag,decoration,bottom_overlay,no
name:a castle shield|equipment,1,3435,no,a castle shield,equipment,shield,no
name:a cat's food mushroom|decoration,1,3916,no,a cat's food mushroom,decoration,bottom_overlay,no
name:a ceremonial mask|equipment,1,3395,no,a ceremonial mask,equipment,armor,no
name:a chain armor|equipment,1,3358,no,a chain armor,equipment,armor,no
name:a chain helmet|equipment,1,3352,no,a chain helmet,equipment,armor,no
name:a charmer's tiara|equipment,1,3407,no,a charmer's tiara,equipment,armor,no
name:a cherry|usable,1,3590,no,a cherry,usable,food,no
name:a chess board|terrain,2,1210;1211,no,a chess board,terrain,ground,yes
name:a chest|container,4,2472;2480;2481;2482,no,a chest,container,container,yes
name:a chill nettle|decoration,1,3870,no,a chill nettle,decoration,bottom_overlay,no
name:a christmas tree|decoration,1,2986,no,a christmas tree,decoration,light_source,no
name:a cleat|structure,1,4987,no,a cleat,structure,obstacle,no
name:a cleaver|item,1,3471,no,a cleaver,item,portable,no
name:a clerical mace|equipment,1,3311,no,a clerical mace,equipment,weapon,no
name:a closed door|decoration,2,4912;4913,no,a closed door,decoration,bottom_overlay,yes
name:a closed door|structure,34,1628;1629;1631;1632;1638;1640;1642;1644;1650;1651;1653;1654;1656;1658;1660;1662;1668;1669;1671;1672;1674;1676;1682;1683;1685;1689;1691;1692;1694;1698;5006;5007;5082;5084,no,a closed door,structure,door,yes
name:a closed fence gate|decoration,2,2177;2179,no,a closed fence gate,decoration,bottom_overlay,yes
name:a closed trapdoor|terrain,1,475,no,a closed trapdoor,terrain,ground,no
name:a closed trap|usable,1,3481,no,a closed trap,usable,interactable,no
name:a club ring|equipment,2,3093;3096,no,a club ring,equipment,clothing,yes
name:a club|equipment,1,3270,no,a club,equipment,weapon,no
name:a coal basin|decoration,8,2110;2111;2112;2113;3510;3511;3512;3513,no,a coal basin,decoration,light_source,yes
name:a coat|equipment,1,3562,no,a coat,equipment,armor,no
name:a cobra statue|decoration,2,2055;2057,no,a cobra statue,decoration,hangable,yes
name:a cobra statue|readable,4,2050;2051;2053;2054,no,a cobra statue,readable,text,yes
name:a cobrafang dagger|item,1,3238,no,a cobrafang dagger,item,portable,no
name:a coconut palm|decoration,1,3640,no,a coconut palm,decoration,bottom_overlay,no
name:a coconut|usable,1,3589,no,a coconut,usable,food,no
name:a combat knife|equipment,1,3292,no,a combat knife,equipment,weapon,no
name:a cookbook|item,1,3234,no,a cookbook,item,portable,no
name:a cookie|usable,1,3598,no,a cookie,usable,food,no
name:a copper key|usable,1,2970,no,a copper key,usable,key,no
name:a copper shield|equipment,1,3430,no,a copper shield,equipment,shield,no
name:a corncob|usable,1,3597,no,a corncob,usable,food,no
name:a cornucopia|usable,1,3103,no,a cornucopia,usable,interactable,no
name:a corpse|item,2,4313;4314,no,a corpse,item,portable,yes
name:a cot|furniture,2,2499;2501,no,a cot,furniture,bed,yes
name:a cot|structure,4,2490;2492;2500;2502,no,a cot,structure,obstacle,yes
name:a cot|usable,2,2489;2491,no,a cot,usable,interactable,yes
name:a couch|item,8,2402;2403;2404;2405;2406;2407;2408;2409,no,a couch,item,unspecified,yes
name:a counter|decoration,8,2317;2318;2320;2321;2342;2343;2344;2345,no,a counter,decoration,bottom_overlay,yes
name:a crane plant|decoration,1,3873,no,a crane plant,decoration,bottom_overlay,no
name:a crane|structure,4,3493;3494;3495;3496,no,a crane,structure,obstacle,yes
name:a crate|container,1,2471,no,a crate,container,container,no
name:a crossbow|equipment,1,3349,no,a crossbow,equipment,weapon_bow,no
name:a crowbar|equipment,1,3304,no,a crowbar,equipment,weapon,no
name:a crown armor|equipment,1,3381,no,a crown armor,equipment,armor,no
name:a crown helmet|equipment,1,3385,no,a crown helmet,equipment,armor,no
name:a crown shield|equipment,1,3419,no,a crown shield,equipment,shield,no
name:a crown|equipment,1,3011,no,a crown,equipment,clothing,no
name:a crusader helmet|equipment,1,3391,no,a crusader helmet,equipment,armor,no
name:a crystal arrow|item,1,3239,no,a crystal arrow,item,portable,no
name:a crystal ball|item,1,3076,no,a crystal ball,item,portable,no
name:a crystal coin|item,1,3043,no,a crystal coin,item,portable,no
name:a crystal key|usable,1,2971,no,a crystal key,usable,key,no
name:a crystal mace|equipment,1,3333,no,a crystal mace,equipment,weapon,no
name:a crystal necklace|equipment,1,3008,no,a crystal necklace,equipment,clothing,no
name:a crystal ring|equipment,1,3007,no,a crystal ring,equipment,clothing,no
name:a crystal wand|item,1,3068,no,a crystal wand,item,portable,no
name:a cuckoo clock|readable,6,2660;2661;2662;2663;2664;2668,no,a cuckoo clock,readable,information,yes
name:a cup|usable,3,2881;2883;2884,no,a cup,usable,liquid_container,yes
name:a cyclops trophy|item,2,2679;2680,no,a cyclops trophy,item,unspecified,yes
name:a dagger|equipment,1,3267,no,a dagger,equipment,weapon,no
name:a damaged helmet|equipment,1,3226,no,a damaged helmet,equipment,armor,no
name:a daramanian axe|equipment,1,3329,no,a daramanian axe,equipment,weapon,no
name:a daramanian mace|equipment,1,3327,no,a daramanian mace,equipment,weapon,no
name:a daramanian waraxe|equipment,1,3328,no,a daramanian waraxe,equipment,weapon,no
name:a dark armor|equipment,1,3383,no,a dark armor,equipment,armor,no
name:a dark helmet|equipment,1,3384,no,a dark helmet,equipment,armor,no
name:a dark mushroom|usable,1,3728,no,a dark mushroom,usable,food,no
name:a dark shield|equipment,1,3421,no,a dark shield,equipment,shield,no
name:a dawn singer|decoration,1,3875,no,a dawn singer,decoration,bottom_overlay,no
name:a dead badger|creature_remains,3,4224;4225;4226,no,a dead badger,creature_remains,corpse,yes
name:a dead bat|creature_remains,3,4363;4364;4365,no,a dead bat,creature_remains,corpse,yes
name:a dead bear|creature_remains,8,4030;4031;4032;4033;4074;4075;4076;4077,no,a dead bear,creature_remains,corpse,yes
name:a dead bear|item,2,4292;4293,no,a dead bear,item,unspecified,yes
name:a dead bear|usable,1,4291,no,a dead bear,usable,liquid_source,no
name:a dead behemoth|creature_remains,4,4112;4113;4114;4115,no,a dead behemoth,creature_remains,corpse,yes
name:a dead beholder|creature_remains,3,4089;4090;4091,no,a dead beholder,creature_remains,corpse,yes
name:a dead bird|creature_remains,3,4382;4383;4384,no,a dead bird,creature_remains,corpse,yes
name:a dead bug|creature_remains,3,4083;4084;4085,no,a dead bug,creature_remains,corpse,yes
name:a dead butterfly|creature_remains,5,4378;4991;4992;4993;5013,no,a dead butterfly,creature_remains,corpse,yes
name:a dead carniphila|creature_remains,3,4345;4346;4347,no,a dead carniphila,creature_remains,corpse,yes
name:a dead centipede|creature_remains,3,4354;4355;4356,no,a dead centipede,creature_remains,corpse,yes
name:a dead chicken|creature_remains,3,4330;4331;4332,no,a dead chicken,creature_remains,corpse,yes
name:a dead cobra|creature_remains,3,4188;4189;4190,no,a dead cobra,creature_remains,corpse,yes
name:a dead crab|creature_remains,3,4318;4319;4320,no,a dead crab,creature_remains,corpse,yes
name:a dead crocodile|creature_remains,3,4342;4343;4344,no,a dead crocodile,creature_remains,corpse,yes
name:a dead cyclops|creature_remains,3,3989;4092;4093,no,a dead cyclops,creature_remains,corpse,yes
name:a dead cyclops|item,1,4299,no,a dead cyclops,item,unspecified,no
name:a dead cyclops|usable,1,4251,no,a dead cyclops,usable,liquid_source,no
name:a dead deer|container,2,4278;4279,no,a dead deer,container,container,yes
name:a dead deer|creature_remains,4,4016;4017;4018;4019,no,a dead deer,creature_remains,corpse,yes
name:a dead deer|usable,1,4277,no,a dead deer,usable,liquid_source,no
name:a dead djinn|creature_remains,6,4170;4171;4172;4182;4183;4184,no,a dead djinn,creature_remains,corpse,yes
name:a dead dog|container,1,4282,no,a dead dog,container,container,no
name:a dead dog|creature_remains,4,4020;4021;4022;4023,no,a dead dog,creature_remains,corpse,yes
name:a dead dog|item,1,4283,no,a dead dog,item,portable,no
name:a dead dog|usable,1,4281,no,a dead dog,usable,liquid_source,no
name:a dead dragon|container,2,4287;4288,no,a dead dragon,container,container,yes
name:a dead dragon|creature_remains,8,4025;4026;4027;4028;4062;4063;4064;4065,no,a dead dragon,creature_remains,corpse,yes
name:a dead dragon|usable,1,4286,no,a dead dragon,usable,liquid_source,no
name:a dead dwarf|creature_remains,10,4141;4142;4143;4144;4164;4165;4166;4167;4168;4169,no,a dead dwarf,creature_remains,corpse,yes
name:a dead dworc|creature_remains,9,4369;4370;4371;4372;4373;4374;4375;4376;4377,no,a dead dworc,creature_remains,corpse,yes
name:a dead efreet|creature_remains,3,4218;4219;4220,no,a dead efreet,creature_remains,corpse,yes
name:a dead elder beholder|creature_remains,3,4233;4234;4235,no,a dead elder beholder,creature_remains,corpse,yes
name:a dead elephant|container,1,4310,no,a dead elephant,container,container,no
name:a dead elephant|creature_remains,3,4360;4361;4362,no,a dead elephant,creature_remains,corpse,yes
name:a dead elf|creature_remains,8,4126;4127;4128;4129;4160;4161;4162;4163,no,a dead elf,creature_remains,corpse,yes
name:a dead fire devil|creature_remains,3,4067;4068;4069,no,a dead fire devil,creature_remains,corpse,yes
name:a dead flamingo|creature_remains,3,4366;4367;4368,no,a dead flamingo,creature_remains,corpse,yes
name:a dead gargoyle|creature_remains,3,4203;4204;4205,no,a dead gargoyle,creature_remains,corpse,yes
name:a dead gazer|creature_remains,3,4230;4231;4232,no,a dead gazer,creature_remains,corpse,yes
name:a dead giant spider|creature_remains,3,4038;4039;4040,no,a dead giant spider,creature_remains,corpse,yes
name:a dead goblin|creature_remains,3,4121;4122;4123,no,a dead goblin,creature_remains,corpse,yes
name:a dead golin|creature_remains,1,4124,no,a dead golin,creature_remains,corpse,no
name:a dead human|container,2,4311;4312,no,a dead human,container,container,yes
name:a dead human|creature_remains,9,4240;4241;4242;4243;4244;4245;4246;4247;4248,no,a dead human,creature_remains,corpse,yes
name:a dead hyaena|creature_remains,3,4200;4201;4202,no,a dead hyaena,creature_remains,corpse,yes
name:a dead hydra|creature_remains,3,4348;4349;4350,no,a dead hydra,creature_remains,corpse,yes
name:a dead kongra|creature_remains,3,4333;4334;4335,no,a dead kongra,creature_remains,corpse,yes
name:a dead larva|creature_remains,3,4191;4192;4193,no,a dead larva,creature_remains,corpse,yes
name:a dead lion|creature_remains,4,4070;4071;4072;4073,no,a dead lion,creature_remains,corpse,yes
name:a dead lizard sentinel|creature_remains,3,4324;4325;4326,no,a dead lizard sentinel,creature_remains,corpse,yes
name:a dead lizard snakecharmer|creature_remains,3,4327;4328;4329,no,a dead lizard snakecharmer,creature_remains,corpse,yes
name:a dead lizard templar|creature_remains,3,4321;4322;4323,no,a dead lizard templar,creature_remains,corpse,yes
name:a dead man's saddle|decoration,4,3903;3904;3905;3906,no,a dead man's saddle,decoration,bottom_overlay,yes
name:a dead marid|creature_remains,3,4221;4222;4223,no,a dead marid,creature_remains,corpse,yes
name:a dead merlkin|creature_remains,3,4336;4337;4338,no,a dead merlkin,creature_remains,corpse,yes
name:a dead minotaur|container,2,4273;4274,no,a dead minotaur,container,container,yes
name:a dead minotaur|creature_remains,17,4011;4012;4013;4014;4015;4047;4048;4049;4050;4052;4053;4054;4055;4057;4058;4059;4060,no,a dead minotaur,creature_remains,corpse,yes
name:a dead minotaur|item,1,4275,no,a dead minotaur,item,portable,no
name:a dead minotaur|usable,1,4272,no,a dead minotaur,usable,liquid_source,no
name:a dead orc and wolf|creature_remains,3,4153;4154;4155,no,a dead orc and wolf,creature_remains,corpse,yes
name:a dead orc|creature_remains,15,4001;4002;4041;4042;4043;4044;4045;4046;4101;4102;4119;4120;4147;4148;4149,no,a dead orc,creature_remains,corpse,yes
name:a dead orc|item,1,4263,no,a dead orc,item,portable,no
name:a dead orc|usable,1,4262,no,a dead orc,usable,liquid_source,no
name:a dead panda|creature_remains,3,4351;4352;4353,no,a dead panda,creature_remains,corpse,yes
name:a dead parrot|creature_remains,3,4379;4380;4381,no,a dead parrot,creature_remains,corpse,yes
name:a dead pharaoh|creature_remains,6,4197;4198;4199;4215;4216;4217,no,a dead pharaoh,creature_remains,corpse,yes
name:a dead pig|creature_remains,3,4116;4117;4118,no,a dead pig,creature_remains,corpse,yes
name:a dead rabbit|creature_remains,3,4173;4174;4175,no,a dead rabbit,creature_remains,corpse,yes
name:a dead rabbit|item,2,4302;4303,no,a dead rabbit,item,portable,yes
name:a dead rabbit|usable,1,4301,no,a dead rabbit,usable,liquid_source,no
name:a dead rat|creature_remains,4,3994;3995;3996;3997,no,a dead rat,creature_remains,corpse,yes
name:a dead rat|item,3,4256;4257;4258,no,a dead rat,item,portable,yes
name:a dead rat|usable,1,4255,no,a dead rat,usable,liquid_source,no
name:a dead rotworm|container,1,4266,no,a dead rotworm,container,container,no
name:a dead rotworm|creature_remains,3,4005;4006;4145,no,a dead rotworm,creature_remains,corpse,yes
name:a dead rotworm|item,1,4267,no,a dead rotworm,item,unspecified,no
name:a dead scarab|creature_remains,6,4185;4186;4187;4194;4195;4196,no,a dead scarab,creature_remains,corpse,yes
name:a dead scorpion|creature_remains,3,4078;4079;4146,no,a dead scorpion,creature_remains,corpse,yes
name:a dead serpent spawn|creature_remains,3,4388;4389;4390,no,a dead serpent spawn,creature_remains,corpse,yes
name:a dead sheep|creature_remains,5,4086;4087;4088;4095;4096,no,a dead sheep,creature_remains,corpse,yes
name:a dead sibang|creature_remains,3,4339;4340;4341,no,a dead sibang,creature_remains,corpse,yes
name:a dead skunk|creature_remains,3,4227;4228;4229,no,a dead skunk,creature_remains,corpse,yes
name:a dead snake|creature_remains,3,3998;3999;4000,no,a dead snake,creature_remains,corpse,yes
name:a dead snake|item,3,4259;4260;4261,no,a dead snake,item,portable,yes
name:a dead spider|creature_remains,6,3988;4003;4004;4029;4066;4125,no,a dead spider,creature_remains,corpse,yes
name:a dead spider|item,2,4264;4265,no,a dead spider,item,portable,yes
name:a dead spider|usable,1,4250,no,a dead spider,usable,liquid_source,no
name:a dead swamp troll|creature_remains,3,4176;4177;4178,no,a dead swamp troll,creature_remains,corpse,yes
name:a dead tarantula|creature_remains,3,4385;4386;4387,no,a dead tarantula,creature_remains,corpse,yes
name:a dead tiger|creature_remains,3,4357;4358;4359,no,a dead tiger,creature_remains,corpse,yes
name:a dead tree|decoration,10,3623;3624;3627;3628;3629;3630;3631;3632;3633;3634,no,a dead tree,decoration,bottom_overlay,yes
name:a dead troll|creature_remains,7,3987;3991;3992;3993;4109;4110;4111,no,a dead troll,creature_remains,corpse,yes
name:a dead troll|item,2,4252;4253,no,a dead troll,item,portable,yes
name:a dead troll|usable,1,4249,no,a dead troll,usable,liquid_source,no
name:a dead war wolf|creature_remains,3,4150;4151;4152,no,a dead war wolf,creature_remains,corpse,yes
name:a dead wasp|creature_remains,3,4080;4081;4082,no,a dead wasp,creature_remains,corpse,yes
name:a dead wolf|container,1,4269,no,a dead wolf,container,container,no
name:a dead wolf|creature_remains,8,4007;4008;4009;4010;4105;4106;4107;4108,no,a dead wolf,creature_remains,corpse,yes
name:a dead wolf|item,1,4270,no,a dead wolf,item,portable,no
name:a dead wolf|usable,1,4268,no,a dead wolf,usable,liquid_source,no
name:a dead yeti|creature_remains,4,4236;4237;4238;4239,no,a dead yeti,creature_remains,corpse,yes
name:a deer trophy|item,2,2677;2678,no,a deer trophy,item,unspecified,yes
name:a demon armor|equipment,1,3388,no,a demon armor,equipment,armor,no
name:a demon helmet|equipment,1,3387,no,a demon helmet,equipment,armor,no
name:a demon shield|equipment,1,3420,no,a demon shield,equipment,shield,no
name:a demon trophy|item,2,2669;2670,no,a demon trophy,item,unspecified,yes
name:a demonbone amulet|equipment,1,3019,no,a demonbone amulet,equipment,clothing,no
name:a depot chest|container,1,3502,no,a depot chest,container,container,no
name:a devil helmet|equipment,1,3356,no,a devil helmet,equipment,armor,no
name:a devil's tongue flower|decoration,1,3899,no,a devil's tongue flower,decoration,bottom_overlay,no
name:a dew kisser flower|decoration,3,3892;3893;3894,no,a dew kisser flower,decoration,bottom_overlay,yes
name:a didgeridoo|usable,1,2965,no,a didgeridoo,usable,interactable,no
name:a dirt wall|terrain,12,356;357;358;359;360;361;362;363;364;365;366;367,no,a dirt wall,terrain,ground,yes
name:a dirty cape|item,1,3122,no,a dirty cape,item,portable,no
name:a dirty fur|item,1,3105,no,a dirty fur,item,portable,no
name:a djinn blade|equipment,1,3339,no,a djinn blade,equipment,weapon,no
name:a djinn's lamp|item,1,3247,no,a djinn's lamp,item,portable,no
name:a document|readable,2,2818;2834,no,a document,readable,text,yes
name:a doll|item,1,2991,no,a doll,item,portable,no
name:a double axe|equipment,1,3275,no,a double axe,equipment,weapon,no
name:a doublet|equipment,1,3379,no,a doublet,equipment,armor,no
name:a dragon flag|decoration,1,2018,no,a dragon flag,decoration,bottom_overlay,no
name:a dragon hammer|equipment,1,3322,no,a dragon hammer,equipment,weapon,no
name:a dragon lance|equipment,1,3302,no,a dragon lance,equipment,weapon,no
name:a dragon lord trophy|item,2,2681;2682,no,a dragon lord trophy,item,unspecified,yes
name:a dragon necklace|equipment,1,3085,no,a dragon necklace,equipment,clothing,no
name:a dragon scale helmet|equipment,1,3400,no,a dragon scale helmet,equipment,armor,no
name:a dragon scale mail|equipment,1,3386,no,a dragon scale mail,equipment,armor,no
name:a dragon shield|equipment,1,3416,no,a dragon shield,equipment,shield,no
name:a dragonfetish|item,1,3206,no,a dragonfetish,item,portable,no
name:a dragons nest tree|decoration,1,3752,no,a dragons nest tree,decoration,bottom_overlay,no
name:a draw well|usable,2,1930;1931,no,a draw well,usable,liquid_source,yes
name:a drawbridge|terrain,1,1771,no,a drawbridge,terrain,ground,no
name:a dresser|container,4,2441;2442;2443;2444,no,a dresser,container,container,yes
name:a dried fur|item,4,2689;2690;2691;2692,no,a dried fur,item,unspecified,yes
name:a dried grass roof|structure,12,1198;1199;1200;1201;1202;1203;1204;1205;1206;1207;1208;1209,no,a dried grass roof,structure,obstacle,yes
name:a dried grass roof|terrain,1,1197,no,a dried grass roof,terrain,ground,no
name:a dried well|decoration,4,2094;2095;2096;2097,no,a dried well,decoration,bottom_overlay,yes
name:a drum|usable,2,2952;3255,no,a drum,usable,interactable,yes
name:a dry bush|decoration,1,3698,no,a dry bush,decoration,bottom_overlay,no
name:a dustbin|structure,1,2526,no,a dustbin,structure,obstacle,no
name:a dwarf tree|decoration,1,3625,no,a dwarf tree,decoration,bottom_overlay,no
name:a dwarfen helmet|equipment,1,3396,no,a dwarfen helmet,equipment,armor,no
name:a dwarven armor|equipment,1,3397,no,a dwarven armor,equipment,armor,no
name:a dwarven axe|equipment,1,3323,no,a dwarven axe,equipment,weapon,no
name:a dwarven pickaxe|item,1,4845,no,a dwarven pickaxe,item,portable,no
name:a dwarven ring|equipment,2,3097;3099,no,a dwarven ring,equipment,clothing,yes
name:a dwarven shield|equipment,1,3425,no,a dwarven shield,equipment,shield,no
name:a dwarven statue|readable,1,2032,no,a dwarven statue,readable,text,no
name:a ewer|usable,4,3477;3478;3479;3480,no,a ewer,usable,liquid_container,yes
name:a fairy queen|decoration,1,3872,no,a fairy queen,decoration,bottom_overlay,no
name:a fallen tree|decoration,22,3922;3923;3924;3925;3926;3927;3928;3929;3930;3931;3932;3933;3934;3935;3936;3937;3946;3947;3948;3949;3950;3951,no,a fallen tree,decoration,bottom_overlay,yes
name:a family brooch|item,2,3205;4834,no,a family brooch,item,portable,yes
name:a fanfare|usable,1,2955,no,a fanfare,usable,interactable,no
name:a feather decoration|item,2,2687;2688,no,a feather decoration,item,unspecified,yes
name:a feather headdress|equipment,1,3406,no,a feather headdress,equipment,armor,no
name:a fence|structure,9,2171;2172;2173;2174;2175;2176;2181;2182;2183,no,a fence,structure,obstacle,yes
name:a fern|item,1,3737,no,a fern,item,portable,no
name:a figurehead|decoration,2,4974;4975,no,a figurehead,decoration,bottom_overlay,yes
name:a fir tree|decoration,1,3614,no,a fir tree,decoration,bottom_overlay,no
name:a fire axe|equipment,1,3320,no,a fire axe,equipment,weapon,no
name:a fire mushroom|usable,1,3731,no,a fire mushroom,usable,food,no
name:a fire sword|equipment,1,3280,no,a fire sword,equipment,weapon,no
name:a fire|decoration,1,2138,no,a fire,decoration,light_source,no
name:a fire|effect_object,9,2118;2119;2120;2123;2124;2125;2131;2132;2133,no,a fire,effect_object,magic_field,yes
name:a fishbone|item,1,3111,no,a fishbone,item,portable,no
name:a fishing net|decoration,8,2745;2746;2747;2748;2749;2750;2751;2752,no,a fishing net,decoration,hangable,yes
name:a fishing rod|usable,1,3483,no,a fishing rod,usable,interactable,no
name:a fish|usable,2,3578;3580,no,a fish,usable,food,yes
name:a flag of tibia|decoration,1,2020,no,a flag of Tibia,decoration,bottom_overlay,no
name:a flask of cough syrup|item,1,4828,no,a flask of cough syrup,item,portable,no
name:a flat roof|item,9,5045;5047;5048;5049;5050;5051;5052;5053;5054,no,a flat roof,item,unspecified,yes
name:a flat roof|structure,3,1153;1154;1155,no,a flat roof,structure,obstacle,yes
name:a flat roof|terrain,1,1152,no,a flat roof,terrain,ground,no
name:a flower bowl|item,1,2983,no,a flower bowl,item,portable,no
name:a flowery wall|decoration,12,2702;2703;2704;2705;2706;2707;2708;2709;2710;2711;2712;2713,no,a flowery wall,decoration,hangable,yes
name:a flute|usable,1,3262,no,a flute,usable,interactable,no
name:a foil|equipment,1,3326,no,a foil,equipment,weapon,no
name:a football|item,1,2990,no,a football,item,unspecified,no
name:a fork|item,1,3467,no,a fork,item,portable,no
name:a fountain|usable,4,1922;1923;1924;1925,no,a fountain,usable,liquid_source,yes
name:a framework wall|decoration,14,1281;1282;1283;1284;1285;1286;1287;1288;1289;1290;1291;1292;1293;2170,no,a framework wall,decoration,bottom_overlay,yes
name:a framework window|decoration,2,1734;1735,no,a framework window,decoration,bottom_overlay,yes
name:a funeral urn|item,1,4847,no,a funeral urn,item,portable,no
name:a furniture package|usable,41,2775;2776;2777;2778;2779;2780;2781;2782;2783;2784;2785;2786;2787;2788;2789;2790;2791;2792;2793;2794;2795;2796;2797;2798;2799;2800;2801;2802;2803;2804;2805;2806;2807;2808;2809;2810;2811;2812;5086;5087,yes,a furniture package,usable,interactable,yes
name:a gargoyle statue|readable,4,2035;2036;2037;2038,no,a gargoyle statue,readable,text,yes
name:a garlic necklace|equipment,1,3083,no,a garlic necklace,equipment,clothing,no
name:a gate of expertise|structure,16,1646;1647;1648;1649;1664;1665;1666;1667;1678;1679;1680;1681;1687;1688;1696;1697,no,a gate of expertise,structure,door,yes
name:a gem holder|item,1,3223,no,a gem holder,item,portable,no
name:a gemmed lamp|item,2,3231;3243,no,a gemmed lamp,item,portable,yes
name:a gemmed lamp|usable,1,3263,no,a gemmed lamp,usable,interactable,no
name:a giant ape's hair|item,1,4832,no,a giant ape's hair,item,portable,no
name:a giant footprint|decoration,14,2753;2754;2755;2756;2757;2758;2759;2760;2761;2762;2763;2764;2765;2766,no,a giant footprint,decoration,bottom_overlay,yes
name:a giant glimmer cap mushroom|decoration,1,3920,no,a giant glimmer cap mushroom,decoration,bottom_overlay,no
name:a giant jungle rose|decoration,1,3878,no,a giant jungle rose,decoration,bottom_overlay,no
name:a giant lizard claw|readable,4,2088;2089;2090;2091,no,a giant lizard claw,readable,text,yes
name:a giant lizard head|readable,8,2080;2081;2082;2083;2084;2085;2086;2087,no,a giant lizard head,readable,text,yes
name:a giant smithhammer|equipment,1,3208,no,a giant smithhammer,equipment,weapon,no
name:a giant sword|equipment,1,3281,no,a giant sword,equipment,weapon,no
name:a giant tree root|item,14,3959;3960;3961;3962;3965;3966;3967;3968;3969;3970;3971;3972;3973;3974,no,a giant tree root,item,unspecified,yes
name:a giant tree root|structure,2,3963;3964,no,a giant tree root,structure,obstacle,yes
name:a giant tree|decoration,38,3771;3772;3773;3774;3775;3776;3778;3779;3780;3781;3782;3784;3785;3786;3787;3788;3789;3790;3791;3792;3793;3794;3795;3796;3797;3798;3799;3800;3801;3802;3803;3952;3953;3954;3955;3956;3957;3958,no,a giant tree,decoration,bottom_overlay,yes
name:a giant tree|structure,23,3777;3783;3849;3850;3851;3852;3853;3854;3855;3856;3857;3858;3859;3860;3861;3862;3863;3864;3865;3866;3867;3868;3869,no,a giant tree,structure,obstacle,yes
name:a giggle mushroom|decoration,1,3914,no,a giggle mushroom,decoration,bottom_overlay,no
name:a glimmer cap mushroom|decoration,1,3918,no,a glimmer cap mushroom,decoration,bottom_overlay,no
name:a globe|item,1,2979,no,a globe,item,unspecified,no
name:a goat grass|item,1,3674,no,a goat grass,item,portable,no
name:a goblin statue|item,4,2030;2046;2047;2048,no,a goblin statue,item,unspecified,yes
name:a gold blossom|decoration,2,3886;3887,no,a gold blossom,decoration,bottom_overlay,yes
name:a gold coin|item,1,3031,no,a gold coin,item,portable,no
name:a gold nugget|item,1,3040,no,a gold nugget,item,portable,no
name:a gold ring|equipment,1,3063,no,a gold ring,equipment,clothing,no
name:a golden amulet|equipment,1,3013,no,a golden amulet,equipment,clothing,no
name:a golden armor|equipment,1,3360,no,a golden armor,equipment,armor,no
name:a golden helmet|equipment,1,3365,no,a golden helmet,equipment,armor,no
name:a golden key|usable,1,2972,no,a golden key,usable,key,no
name:a golden mug|usable,1,2903,no,a golden mug,usable,liquid_container,no
name:a golden sickle|equipment,1,3306,no,a golden sickle,equipment,weapon,no
name:a grass archway|structure,2,1593;1594,no,a grass archway,structure,top_overlay,yes
name:a grass mat|item,4,2511;2512;2513;2514,no,a grass mat,item,unspecified,yes
name:a grass wall window|decoration,2,1588;1591,no,a grass wall window,decoration,bottom_overlay,yes
name:a grass wall|decoration,6,1585;1586;1587;1589;1590;1592,no,a grass wall,decoration,bottom_overlay,yes
name:a grave flower|item,1,3661,no,a grave flower,item,portable,no
name:a grave stone|readable,3,1980;1981;1982,no,a grave stone,readable,text,yes
name:a grave|readable,1,1979,no,a grave,readable,text,no
name:a great axe|equipment,1,3303,no,a great axe,equipment,weapon,no
name:a great shield|equipment,1,3422,no,a great shield,equipment,shield,no
name:a green cushioned chair|item,4,2378;2379;2380;2381,no,a green cushioned chair,item,unspecified,yes
name:a green flask|usable,1,2877,no,a green flask,usable,liquid_container,no
name:a green fountain bush|decoration,1,3750,no,a green fountain bush,decoration,bottom_overlay,no
name:a green gem|item,1,3038,no,a green gem,item,portable,no
name:a green mushroom|usable,1,3732,no,a green mushroom,usable,food,no
name:a green pillow|item,1,2396,no,a green pillow,item,portable,no
name:a green tapestry|decoration,1,2647,no,a green tapestry,decoration,hangable,no
name:a green tapestry|item,2,2645;2646,no,a green tapestry,item,unspecified,yes
name:a green tome|item,1,2849,no,a green tome,item,portable,no
name:a green tunic|equipment,1,3563,no,a green tunic,equipment,armor,no
name:a green wig bush|decoration,1,3747,no,a green wig bush,decoration,bottom_overlay,no
name:a grey tome|item,1,2851,no,a grey tome,item,portable,no
name:a griffin shield|equipment,1,3433,no,a griffin shield,equipment,shield,no
name:a guardian halberd|equipment,1,3315,no,a guardian halberd,equipment,weapon,no
name:a guardian shield|equipment,1,3415,no,a guardian shield,equipment,shield,no
name:a halberd|equipment,1,3269,no,a halberd,equipment,weapon,no
name:a hammer of wrath|equipment,1,3332,no,a hammer of wrath,equipment,weapon,no
name:a hammer|usable,1,3460,no,a hammer,usable,interactable,no
name:a hammock|furniture,2,2507;2509,no,a hammock,furniture,bed,yes
name:a hammock|structure,4,2504;2506;2508;2510,no,a hammock,structure,obstacle,yes
name:a hammock|usable,2,2503;2505,no,a hammock,usable,interactable,yes
name:a hand axe|equipment,1,3268,no,a hand axe,equipment,weapon,no
name:a harp|usable,2,2963;2964,no,a harp,usable,interactable,yes
name:a hat of the mad|equipment,1,3210,no,a hat of the mad,equipment,armor,no
name:a hatchet|equipment,1,3276,no,a hatchet,equipment,weapon,no
name:a hawser|item,8,4979;4980;4981;4984;4985;4986;4998;5000,no,a hawser,item,unspecified,yes
name:a hawser|structure,7,4977;4978;4982;4983;4988;4997;4999,no,a hawser,structure,obstacle,yes
name:a heart pillow|item,1,2393,no,a heart pillow,item,portable,no
name:a heaven blossom|item,1,3657,no,a heaven blossom,item,unspecified,no
name:a heavy mace|equipment,1,3340,no,a heavy mace,equipment,weapon,no
name:a heavy machete|equipment,1,3330,no,a heavy machete,equipment,weapon,no
name:a helmet adornement|item,1,3228,no,a helmet adornement,item,portable,no
name:a helmet of the ancients|equipment,2,3229;3230,no,a helmet of the ancients,equipment,armor,yes
name:a helmet ornament|item,1,3222,no,a helmet ornament,item,portable,no
name:a helmet piece|item,1,3227,no,a helmet piece,item,portable,no
name:a hero statue|readable,1,2027,no,a hero statue,readable,text,no
name:a hoe|usable,1,3455,no,a hoe,usable,interactable,no
name:a hole|terrain,8,385;394;594;595;607;609;610;615,no,a hole,terrain,ground,yes
name:a holy falcon|item,1,3024,no,a holy falcon,item,portable,no
name:a holy scarab|item,1,3023,no,a holy scarab,item,portable,no
name:a holy tree|decoration,1,3613,no,a holy tree,decoration,light_source,no
name:a honey flower|item,1,2984,no,a honey flower,item,portable,no
name:a horned helmet|equipment,1,3390,no,a horned helmet,equipment,armor,no
name:a horn|usable,2,3257;3259,no,a horn,usable,interactable,yes
name:a horseman helmet|equipment,1,3405,no,a horseman helmet,equipment,armor,no
name:a hunting spear|equipment,1,3347,no,a hunting spear,equipment,weapon,no
name:a huntress statue|readable,4,2104;2105;2106;2107,no,a huntress statue,readable,text,yes
name:a hydra egg|item,1,4839,no,a hydra egg,item,portable,no
name:a hydra's nest|container,1,4873,no,a hydra's nest,container,chest,no
name:a jacket|equipment,1,3561,no,a jacket,equipment,armor,no
name:a jug|usable,1,2882,no,a jug,usable,liquid_container,no
name:a jungle bells plant|decoration,1,3874,no,a jungle bells plant,decoration,bottom_overlay,no
name:a jungle crown plant|decoration,1,3749,no,a jungle crown plant,decoration,bottom_overlay,no
name:a jungle dweller bush|decoration,1,3744,no,a jungle dweller bush,decoration,bottom_overlay,no
name:a jungle maw|decoration,2,3944;3945,no,a jungle maw,decoration,bottom_overlay,yes
name:a jungle rose|decoration,1,3879,no,a jungle rose,decoration,bottom_overlay,no
name:a jungle umbrella plant|decoration,6,3755;3756;3757;3758;3759;3760,no,a jungle umbrella plant,decoration,bottom_overlay,yes
name:a katana|equipment,1,3300,no,a katana,equipment,weapon,no
name:a knife|equipment,1,3291,no,a knife,equipment,weapon,no
name:a knife|usable,1,3469,no,a knife,usable,interactable,no
name:a knight armor|equipment,1,3370,no,a knight armor,equipment,armor,no
name:a knight axe|equipment,1,3318,no,a knight axe,equipment,weapon,no
name:a label|readable,1,3507,no,a label,readable,text,no
name:a ladder|decoration,2,1948;1968,no,a ladder,decoration,bottom_overlay,yes
name:a ladder|terrain,1,5081,no,a ladder,terrain,ground,no
name:a lamp|decoration,1,2914,no,a lamp,decoration,light_source,no
name:a large amphora|usable,1,2904,no,a large amphora,usable,liquid_container,no
name:a large cauldron|decoration,8,2004;2005;2006;2007;2008;2009;2010;2011,no,a large cauldron,decoration,bottom_overlay,yes
name:a large pearl flower|decoration,3,3901;3902;3921,no,a large pearl flower,decoration,bottom_overlay,yes
name:a large stone carving|terrain,8,505;506;507;508;509;510;511;512,no,a large stone carving,terrain,ground,yes
name:a large totem pole|decoration,1,2300,no,a large totem pole,decoration,bottom_overlay,no
name:a large trunk|container,4,2483;2484;2485;2486,no,a large trunk,container,container,yes
name:a lava fountain|decoration,2,5074;5075,no,a lava fountain,decoration,light_source,yes
name:a lava hole|decoration,2,390;391,no,a lava hole,decoration,bottom_overlay,yes
name:a lava wall|decoration,11,1441;1442;1443;1444;1445;1446;1447;1448;1449;5011;5012,no,a lava wall,decoration,light_source,yes
name:a leather armor|equipment,1,3361,no,a leather armor,equipment,armor,no
name:a leather helmet|equipment,1,3355,no,a leather helmet,equipment,armor,no
name:a left horn|item,1,3225,no,a left horn,item,portable,no
name:a legion helmet|equipment,1,3374,no,a legion helmet,equipment,armor,no
name:a lemonade cask|usable,1,2521,no,a lemonade cask,usable,liquid_source,no
name:a leopard armor|equipment,1,3404,no,a leopard armor,equipment,armor,no
name:a letter to markwin|item,1,3220,no,a letter to Markwin,item,portable,no
name:a letterbag|equipment,1,3217,no,a letterbag,equipment,clothing,no
name:a letter|readable,1,3505,no,a letter,readable,text,no
name:a lever|usable,2,2772;2773,no,a lever,usable,interactable,yes
name:a liana|structure,40,3809;3810;3811;3812;3813;3814;3815;3816;3817;3818;3819;3820;3821;3822;3823;3824;3825;3826;3827;3828;3829;3830;3831;3832;3833;3834;3835;3836;3837;3838;3839;3840;3841;3842;3843;3844;3845;3846;3847;3848,no,a liana,structure,obstacle,yes
name:a liane|decoration,2,1595;1596,no,a liane,decoration,bottom_overlay,yes
name:a lich staff|equipment,1,3343,no,a lich staff,equipment,weapon,no
name:a life crystal|decoration,1,3061,no,a life crystal,decoration,light_source,no
name:a life ring|equipment,2,3052;3089,no,a life ring,equipment,clothing,yes
name:a lifeless nettle|creature_remains,2,4391;4392,no,a lifeless nettle,creature_remains,corpse,yes
name:a light mace|equipment,1,3325,no,a light mace,equipment,weapon,no
name:a lion trophy|item,2,2683;2684,no,a lion trophy,item,unspecified,yes
name:a lit candelabrum|decoration,2,2912;2927,no,a lit candelabrum,decoration,light_source,yes
name:a lit candlestick|decoration,1,2918,no,a lit candlestick,decoration,light_source,no
name:a lit lamp|decoration,1,2915,no,a lit lamp,decoration,light_source,no
name:a lit tablelamp|decoration,1,2935,no,a lit tablelamp,decoration,light_source,no
name:a lit torch bearer|decoration,4,2929;2931;2941;2943,no,a lit torch bearer,decoration,light_source,yes
name:a lit torch|decoration,3,2921;2923;2925,no,a lit torch,decoration,light_source,yes
name:a lit wall lamp|decoration,6,2908;2910;2937;2939;2945;2947,no,a lit wall lamp,decoration,light_source,yes
name:a lizard statue|readable,4,2070;2071;2072;2073,no,a lizard statue,readable,text,yes
name:a lizards tongue bush|decoration,1,3748,no,a lizards tongue bush,decoration,bottom_overlay,no
name:a locker|container,8,2449;2450;2451;2452;3497;3498;3499;3500,no,a locker,container,container,yes
name:a longsword|equipment,1,3285,no,a longsword,equipment,weapon,no
name:a loose ice pile|terrain,1,608,no,a loose ice pile,terrain,ground,no
name:a loose stone pile|terrain,2,593;606,no,a loose stone pile,terrain,ground,yes
name:a love flower|item,1,3662,no,a love flower,item,unspecified,no
name:a lump of dough|usable,1,3604,no,a lump of dough,usable,interactable,no
name:a lute|usable,1,2950,no,a lute,usable,interactable,no
name:a luxurious couch|item,8,2410;2411;2412;2413;2414;2415;2416;2417,no,a luxurious couch,item,unspecified,yes
name:a lyre|usable,2,2949;3260,no,a lyre,usable,interactable,yes
name:a mace|equipment,1,3286,no,a mace,equipment,weapon,no
name:a machete|equipment,1,3308,no,a machete,equipment,weapon,no
name:a magic forcefield|decoration,1,1949,no,a magic forcefield,decoration,light_source,no
name:a magic forcefield|traversal,2,5022;5023,no,a magic forcefield,traversal,teleport,yes
name:a magic light wand|decoration,2,3046;3047,no,a magic light wand,decoration,light_source,yes
name:a magic longsword|equipment,1,3278,no,a magic longsword,equipment,weapon,no
name:a magic plate armor|equipment,1,3366,no,a magic plate armor,equipment,armor,no
name:a magic sword|equipment,1,3288,no,a magic sword,equipment,weapon,no
name:a magic wall|effect_object,2,2128;2129,no,a magic wall,effect_object,magic_field,yes
name:a magical key|usable,1,2967,no,a magical key,usable,key,no
name:a magician hat|equipment,1,3573,no,a magician hat,equipment,armor,no
name:a mailbox|decoration,2,3501;3508,no,a mailbox,decoration,bottom_overlay,yes
name:a mandolin|usable,1,3258,no,a mandolin,usable,interactable,no
name:a mandrake|item,1,5014,no,a mandrake,item,portable,no
name:a map|readable,2,2822;2823,no,a map,readable,text,yes
name:a marble pillar|decoration,1,2153,no,a marble pillar,decoration,bottom_overlay,no
name:a mastermind shield|equipment,1,3414,no,a mastermind shield,equipment,shield,no
name:a mast|decoration,10,1748;4940;4941;4942;4947;4948;4949;4950;4951;4952,no,a mast,decoration,bottom_overlay,yes
name:a mast|structure,6,1769;1770;4943;4944;4945;4946,no,a mast,structure,obstacle,yes
name:a meadow star|decoration,3,3888;3889;3890,no,a meadow star,decoration,bottom_overlay,yes
name:a medusa shield|equipment,1,3436,no,a medusa shield,equipment,shield,no
name:a melon|usable,1,3593,no,a melon,usable,food,no
name:a memory stone|item,1,4841,no,a memory stone,item,portable,no
name:a might ring|equipment,1,3048,no,a might ring,equipment,clothing,no
name:a mill board|terrain,49,1212;1213;1214;1215;1216;1217;1218;1219;1220;1221;1222;1223;1224;1225;1226;1227;1228;1229;1230;1231;1232;1233;1234;1235;1236;1237;1238;1239;1240;1241;1242;1243;1244;1245;1246;1247;1248;1249;1250;1251,yes,a mill board,terrain,ground,yes
name:a millstone|decoration,4,1943;1944;1945;1946,no,a millstone,decoration,bottom_overlay,yes
name:a mind stone|usable,1,3062,no,a mind stone,usable,interactable,no
name:a minotaur statue|item,4,2029;2043;2044;2045,no,a minotaur statue,item,unspecified,yes
name:a minotaur trophy|item,2,2685;2686,no,a minotaur trophy,item,unspecified,yes
name:a mirror|usable,1,3463,no,a mirror,usable,interactable,no
name:a model ship|item,1,2994,no,a model ship,item,portable,no
name:a moldy cheese|item,1,3120,no,a moldy cheese,item,portable,no
name:a monkey statue|item,3,5046;5055;5056,no,a monkey statue,item,unspecified,yes
name:a monkey tail|decoration,1,3871,no,a monkey tail,decoration,bottom_overlay,no
name:a monks diary|readable,1,3212,no,a monks diary,readable,text,no
name:a monument|readable,1,2028,no,a monument,readable,text,no
name:a moon flower|item,1,3655,no,a moon flower,item,portable,no
name:a moonlight rod|equipment,1,3070,no,a moonlight rod,equipment,weapon_wand,no
name:a morning star|equipment,1,3282,no,a morning star,equipment,weapon,no
name:a moss cap mushroom|decoration,2,3908;3909,no,a moss cap mushroom,decoration,bottom_overlay,yes
name:a mossy fallen tree|decoration,12,3975;3976;3977;3978;3979;3980;3981;3982;3983;3984;3985;3986,no,a mossy fallen tree,decoration,bottom_overlay,yes
name:a mossy stone|decoration,21,1840;1847;1848;1849;1850;1876;1877;1878;1879;1880;1881;1882;1883;1884;1885;1886;1887;1888;1889;1890;1891,no,a mossy stone,decoration,bottom_overlay,yes
name:a mossy wall|decoration,24,2714;2715;2716;2717;2718;2719;2720;2721;2722;2723;2724;2725;2726;2727;2728;2729;2730;2731;2732;2733;2734;2735;2736;2737,no,a mossy wall,decoration,hangable,yes
name:a mountain|decoration,65,1081;1082;1083;1084;1085;1086;1112;1113;1114;1115;1116;1117;1118;1119;1120;1121;1122;4457;4458;4459;4460;4461;4462;4463;4464;4465;4466;4467;4468;4469;4470;4471;4472;4473;4474;4475;4476;4477;4478;4479,yes,a mountain,decoration,bottom_overlay,yes
name:a mountain|structure,4,1123;1124;1125;1126,no,a mountain,structure,top_overlay,yes
name:a mountain|terrain,36,1127;1128;4411;4412;4413;4414;4415;4416;4417;4418;4419;4420;4421;4422;4423;4424;4425;4426;4427;4428;4429;4430;4431;4432;4433;4434;4435;4436;4437;4438;4439;4440;4441;4442;4443;4444,no,a mountain,terrain,ground,yes
name:a mug|usable,1,2880,no,a mug,usable,liquid_container,no
name:a mysterious fetish|usable,1,3078,no,a mysterious fetish,usable,interactable,no
name:a mystic flame|decoration,1,1959,no,a mystic flame,decoration,light_source,no
name:a mystic turban|equipment,1,3574,no,a mystic turban,equipment,armor,no
name:a naginata|equipment,1,3314,no,a naginata,equipment,weapon,no
name:a native armor|equipment,1,3402,no,a native armor,equipment,armor,no
name:a noble armor|equipment,1,3380,no,a noble armor,equipment,armor,no
name:a paddle|item,2,1767;1768,no,a paddle,item,unspecified,yes
name:a pagoda|decoration,2,2102;2103,no,a pagoda,decoration,bottom_overlay,yes
name:a painted stone|decoration,7,1915;1916;1917;1918;1919;1920;1921,no,a painted stone,decoration,bottom_overlay,yes
name:a painting|item,18,2596;2601;2612;2613;2614;2615;2618;2619;2620;2621;2622;2623;2624;2625;2626;2627;2628;2629,no,a painting,item,unspecified,yes
name:a palisade|decoration,19,1597;1598;1599;1600;1601;1602;1603;1604;1605;1606;1607;1608;1609;1610;1611;1616;1619;1620;1621,no,a palisade,decoration,bottom_overlay,yes
name:a palisade|structure,5,1612;1613;1614;1615;1617,no,a palisade,structure,obstacle,yes
name:a palm|decoration,1,3639,no,a palm,decoration,bottom_overlay,no
name:a panda teddy|usable,1,5080,no,a panda teddy,usable,interactable,no
name:a panpipe|usable,1,3261,no,a panpipe,usable,interactable,no
name:a pan|item,1,3466,no,a pan,item,portable,no
name:a paper|readable,1,2820,no,a paper,readable,text,no
name:a paravent wall|decoration,5,1416;1417;1418;1419;1420,no,a paravent wall,decoration,bottom_overlay,yes
name:a paravent|decoration,1,1415,no,a paravent,decoration,bottom_overlay,no
name:a parcel|container,1,3503,no,a parcel,container,container,no
name:a parchment|readable,4,2814;2819;2833;2835,no,a parchment,readable,text,yes
name:a passthrough|decoration,2,2334;2336,no,a passthrough,decoration,bottom_overlay,yes
name:a passthrough|structure,2,2338;2340,no,a passthrough,structure,door,yes
name:a paw amulet|equipment,1,3102,no,a paw amulet,equipment,clothing,no
name:a pear tree|decoration,1,3619,no,a pear tree,decoration,bottom_overlay,no
name:a pear|usable,1,3584,no,a pear,usable,food,no
name:a pedestal|item,1,477,no,a pedestal,item,unspecified,no
name:a pedestal|readable,6,2039;2040;2041;2042;2049;2052,no,a pedestal,readable,text,yes
name:a pendulum clock|readable,4,2445;2446;2447;2448,no,a pendulum clock,readable,information,yes
name:a pharaoh sword|equipment,1,3334,no,a pharaoh sword,equipment,weapon,no
name:a phoenix egg|item,1,3215,no,a phoenix egg,item,portable,no
name:a phoenix shield|equipment,1,3439,no,a phoenix shield,equipment,shield,no
name:a piano|usable,4,2959;2960;2961;2962,no,a piano,usable,interactable,yes
name:a pick|usable,1,3456,no,a pick,usable,interactable,no
name:a picture|decoration,3,2639;2640;2641,no,a picture,decoration,hangable,yes
name:a piece of iron|item,1,3110,no,a piece of iron,item,portable,no
name:a piggy bank|item,1,2995,no,a piggy bank,item,portable,no
name:a pile of bones|container,1,4285,no,a pile of bones,container,container,no
name:a pile of bones|creature_remains,3,4051;4056;4061,no,a pile of bones,creature_remains,corpse,yes
name:a pile of bones|item,13,4254;4271;4276;4280;4284;4289;4294;4298;4300;4306;4307;4308;4309,no,a pile of bones,item,portable,yes
name:a pile of bones|structure,2,4304;4305,no,a pile of bones,structure,obstacle,yes
name:a pile of chopped wood|structure,1,2742,no,a pile of chopped wood,structure,obstacle,no
name:a pine|decoration,1,3626,no,a pine,decoration,bottom_overlay,no
name:a pirate flag|decoration,1,4990,no,a pirate flag,decoration,bottom_overlay,no
name:a pitchfork|usable,1,3451,no,a pitchfork,usable,interactable,no
name:a pitfall|decoration,2,1066;1067,no,a pitfall,decoration,bottom_overlay,yes
name:a pitfall|terrain,1,294,no,a pitfall,terrain,ground,no
name:a plate armor|equipment,1,3357,no,a plate armor,equipment,armor,no
name:a plate shield|equipment,1,3410,no,a plate shield,equipment,shield,no
name:a plate|item,1,2905,no,a plate,item,portable,no
name:a platinum amulet|equipment,1,3055,no,a platinum amulet,equipment,armor,no
name:a platinum coin|item,1,3035,no,a platinum coin,item,portable,no
name:a plum tree|decoration,1,3617,no,a plum tree,decoration,bottom_overlay,no
name:a poison arrow|equipment,1,3448,no,a poison arrow,equipment,ammunition,no
name:a poison dagger|equipment,1,3299,no,a poison dagger,equipment,weapon,no
name:a poison well|usable,4,2098;2099;2100;2101,no,a poison well,usable,liquid_source,yes
name:a polar bear fur|terrain,4,2591;2592;2593;2594,no,a polar bear fur,terrain,border,yes
name:a pool|effect_object,12,2886;2887;2888;2889;2890;2891;2895;2896;2897;2898;2899;2900,no,a pool,effect_object,liquid_pool,yes
name:a poplar|decoration,1,3622,no,a poplar,decoration,bottom_overlay,no
name:a portable hole|item,1,3248,no,a portable hole,item,unspecified,no
name:a post horn|usable,1,2957,no,a post horn,usable,interactable,no
name:a post officers hat|equipment,1,3576,no,a post officers hat,equipment,armor,no
name:a potted flower|item,2,2985;2987,no,a potted flower,item,portable,yes
name:a pot|usable,1,3465,no,a pot,usable,liquid_container,no
name:a powder herb|item,1,3739,no,a powder herb,item,portable,no
name:a power bolt|equipment,1,3450,no,a power bolt,equipment,ammunition,no
name:a power ring|equipment,2,3050;3087,no,a power ring,equipment,clothing,yes
name:a present|container,1,2856,no,a present,container,container,no
name:a present|usable,1,3218,no,a present,usable,interactable,no
name:a protection amulet|equipment,1,3084,no,a protection amulet,equipment,clothing,no
name:a pumpkinhead|decoration,1,2978,no,a pumpkinhead,decoration,light_source,no
name:a pumpkinhead|usable,1,2977,no,a pumpkinhead,usable,interactable,no
name:a pumpkin|usable,1,3594,no,a pumpkin,usable,food,no
name:a purple cardinal|decoration,1,3884,no,a purple cardinal,decoration,bottom_overlay,no
name:a purple kiss bush|decoration,1,3753,no,a purple kiss bush,decoration,bottom_overlay,no
name:a purple tapestry|decoration,1,2644,no,a purple tapestry,decoration,hangable,no
name:a purple tapestry|item,2,2642;2643,no,a purple tapestry,item,unspecified,yes
name:a purple tome|item,1,2848,no,a purple tome,item,portable,no
name:a quagmire rod|equipment,1,3065,no,a quagmire rod,equipment,weapon_wand,no
name:a rake|usable,1,3452,no,a rake,usable,interactable,no
name:a ramp|decoration,36,1950;1951;1952;1953;1954;1955;1956;1957;1960;1961;1962;1963;1964;1965;1966;1967;1969;1970;1971;1972;1973;1974;1975;1976;2191;2192;2193;2194;2195;2196;2197;2198;2218;2219;2220;2221,no,a ramp,decoration,bottom_overlay,yes
name:a ramp|terrain,8,600;601;602;603;604;605;612;613,no,a ramp,terrain,ground,yes
name:a rangers cloak|equipment,1,3571,no,a rangers cloak,equipment,armor,no
name:a rapier|equipment,1,3272,no,a rapier,equipment,weapon,no
name:a ravager's axe|equipment,1,3331,no,a ravager's axe,equipment,weapon,no
name:a red apple|usable,1,3585,no,a red apple,usable,food,no
name:a red carpet|item,9,4854;4855;4856;4857;4858;4859;4860;4861;4862,no,a red carpet,item,unspecified,yes
name:a red carpet|terrain,9,2572;2573;2574;2575;2576;2577;2578;2579;2580,no,a red carpet,terrain,border,yes
name:a red cushioned chair|item,4,2374;2375;2376;2377,no,a red cushioned chair,item,unspecified,yes
name:a red gem|item,1,3039,no,a red gem,item,portable,no
name:a red maple|decoration,1,3618,no,a red maple,decoration,bottom_overlay,no
name:a red mushroom|usable,1,3724,no,a red mushroom,usable,food,no
name:a red pillow|item,1,2395,no,a red pillow,item,portable,no
name:a red robe|equipment,1,3566,no,a red robe,equipment,armor,no
name:a red rose|item,1,3658,no,a red rose,item,portable,no
name:a red shrine stone|decoration,1,1842,no,a red shrine stone,decoration,bottom_overlay,no
name:a red tapestry|decoration,1,2656,no,a red tapestry,decoration,hangable,no
name:a red tapestry|item,2,2654;2655,no,a red tapestry,item,unspecified,yes
name:a red tome|item,1,2852,no,a red tome,item,portable,no
name:a red tunic|equipment,1,3564,no,a red tunic,equipment,armor,no
name:a right horn|item,1,3224,no,a right horn,item,portable,no
name:a ring of healing|equipment,2,3098;3100,no,a ring of healing,equipment,clothing,yes
name:a ring of the sky|equipment,1,3006,no,a ring of the sky,equipment,clothing,no
name:a ring of wishes|equipment,1,3245,no,a ring of wishes,equipment,clothing,no
name:a ripper lance|equipment,1,3346,no,a ripper lance,equipment,weapon,no
name:a road|terrain,13,937;938;939;940;941;942;943;944;945;946;947;948;949,no,a road,terrain,ground,yes
name:a roc feather|item,1,3254,no,a roc feather,item,portable,no
name:a rocking chair|item,4,2382;2383;2384;2385,no,a rocking chair,item,unspecified,yes
name:a rocking horse|item,4,2997;2998;2999;3000,no,a rocking horse,item,unspecified,yes
name:a rolling pin|item,1,3473,no,a rolling pin,item,portable,no
name:a roll|usable,1,3601,no,a roll,usable,food,no
name:a rope bridge|terrain,6,2253;2254;2259;2260;2261;2262,no,a rope bridge,terrain,ground,yes
name:a rope railing|structure,24,2265;2266;2267;2268;2269;2270;2271;2272;2273;2274;2275;2276;2277;2278;2279;2280;2281;2282;2283;2284;2285;2286;2287;2288,no,a rope railing,structure,obstacle,yes
name:a rope|usable,1,3003,no,a rope,usable,interactable,no
name:a rose shield|equipment,1,3427,no,a rose shield,equipment,shield,no
name:a rosebush|structure,5,3676;3677;3678;3679;3680,no,a rosebush,structure,obstacle,yes
name:a round blue pillow|item,1,2398,no,a round blue pillow,item,portable,no
name:a round purple pillow|item,1,2400,no,a round purple pillow,item,portable,no
name:a round red pillow|item,1,2399,no,a round red pillow,item,portable,no
name:a round turquoise pillow|item,1,2401,no,a round turquoise pillow,item,portable,no
name:a royal blossom|item,3,3663;3664;3665,no,a royal blossom,item,unspecified,yes
name:a royal fanfare|usable,1,2956,no,a royal fanfare,usable,interactable,no
name:a royal helmet|equipment,1,3392,no,a royal helmet,equipment,armor,no
name:a ruby necklace|equipment,1,3016,no,a ruby necklace,equipment,clothing,no
name:a rudder blade|decoration,6,4965;4966;4967;4968;4969;4970,no,a rudder blade,decoration,bottom_overlay,yes
name:a sabre|equipment,1,3273,no,a sabre,equipment,weapon,no
name:a sacral statue|decoration,4,2062;2063;2064;2065,no,a sacral statue,decoration,bottom_overlay,yes
name:a sacrificial stone|decoration,12,3519;3520;3521;3522;3525;3526;3527;3528;3529;3530;3531;3532,no,a sacrificial stone,decoration,bottom_overlay,yes
name:a sail|structure,2,1749;1750,no,a sail,structure,obstacle,yes
name:a sail|terrain,8,4953;4954;4955;4956;4957;4958;4959;4960,no,a sail,terrain,ground,yes
name:a salamander shield|equipment,1,3445,no,a salamander shield,equipment,shield,no
name:a sandstone pillar|decoration,1,2188,no,a sandstone pillar,decoration,bottom_overlay,no
name:a sandstone railing|structure,11,2201;2202;2203;2209;2210;2211;2222;2223;2224;2230;2231,no,a sandstone railing,structure,obstacle,yes
name:a sandstone statue|decoration,1,2189,no,a sandstone statue,decoration,bottom_overlay,no
name:a sandstone statue|readable,1,2034,no,a sandstone statue,readable,text,no
name:a sandstone tile|terrain,1,422,no,a sandstone tile,terrain,ground,no
name:a sandstone wall|decoration,28,1305;1306;1307;1308;1309;1310;1311;1312;1313;1314;1315;1329;1330;1331;1332;1333;1334;1335;1336;1337;1338;1339;1340;1341;1342;1343;1344;5008,no,a sandstone wall,decoration,bottom_overlay,yes
name:a sandstone wall|terrain,2,478;480,no,a sandstone wall,terrain,ground,yes
name:a sandstone window|decoration,4,1744;1745;1746;1747,no,a sandstone window,decoration,bottom_overlay,yes
name:a saphire amulet|equipment,1,3021,no,a saphire amulet,equipment,clothing,no
name:a sarcophagus|container,2,1992;1994,no,a sarcophagus,container,container,yes
name:a sarcophagus|decoration,2,1993;1995,no,a sarcophagus,decoration,bottom_overlay,yes
name:a saw|usable,1,3461,no,a saw,usable,interactable,no
name:a scale armor|equipment,1,3377,no,a scale armor,equipment,armor,no
name:a scarab amulet|equipment,1,3018,no,a scarab amulet,equipment,clothing,no
name:a scarab coin|item,1,3042,no,a scarab coin,item,portable,no
name:a scarab ornament|usable,2,2616;2617,no,a scarab ornament,usable,interactable,yes
name:a scarab shield|equipment,1,3440,no,a scarab shield,equipment,shield,no
name:a scarf|equipment,1,3572,no,a scarf,equipment,armor,no
name:a scimitar|equipment,1,3307,no,a scimitar,equipment,weapon,no
name:a scroll|readable,1,2815,no,a scroll,readable,text,no
name:a scythe|equipment,1,3453,no,a scythe,equipment,weapon,no
name:a searing fire|decoration,1,2137,no,a searing fire,decoration,light_source,no
name:a sentinel shield|equipment,1,3444,no,a sentinel shield,equipment,shield,no
name:a serpent sword|equipment,1,3297,no,a serpent sword,equipment,weapon,no
name:a sewer grate|usable,1,435,no,a sewer grate,usable,interactable,no
name:a shadow herb|item,1,3740,no,a shadow herb,item,portable,no
name:a shadow plant|decoration,1,3683,no,a shadow plant,decoration,bottom_overlay,no
name:a sheet of tracing paper|item,1,4843,no,a sheet of tracing paper,item,portable,no
name:a sheet of tracing paper|usable,1,4842,no,a sheet of tracing paper,usable,interactable,no
name:a shield of honour|equipment,1,3417,no,a shield of honour,equipment,shield,no
name:a ship cabin wall|decoration,13,4904;4905;4906;4907;4908;4910;4915;4916;4919;5002;5003;5004;5005,no,a ship cabin wall,decoration,bottom_overlay,yes
name:a ship railing|decoration,18,4917;4920;4921;4922;4923;4924;4927;4928;4929;4930;4931;4932;4933;4934;4935;4938;4939;5001,no,a ship railing,decoration,bottom_overlay,yes
name:a ship railing|structure,4,4925;4926;4936;4937,no,a ship railing,structure,obstacle,yes
name:a ship rail|decoration,2,4909;4918,no,a ship rail,decoration,bottom_overlay,yes
name:a ships telescope|structure,4,3488;3489;3490;3491,no,a ships telescope,structure,obstacle,yes
name:a ship|decoration,23,4881;4882;4883;4884;4885;4886;4887;4888;4889;4890;4891;4892;4893;4894;4895;4896;4897;4898;4899;4900;4901;4902;4903,no,a ship,decoration,bottom_overlay,yes
name:a short pillar|structure,4,2255;2256;2257;2258,no,a short pillar,structure,obstacle,yes
name:a short sword|equipment,1,3294,no,a short sword,equipment,weapon,no
name:a shovel|usable,1,3457,no,a shovel,usable,interactable,no
name:a sickle|equipment,1,3293,no,a sickle,equipment,weapon,no
name:a sign|readable,8,2012;2013;2014;2015;2016;2017;2023;2024,no,a sign,readable,text,yes
name:a silver amulet|equipment,1,3054,no,a silver amulet,equipment,clothing,no
name:a silver brooch|item,1,3017,no,a silver brooch,item,portable,no
name:a silver dagger|equipment,1,3290,no,a silver dagger,equipment,weapon,no
name:a silver key|usable,1,2969,no,a silver key,usable,key,no
name:a silver mace|equipment,1,3312,no,a silver mace,equipment,weapon,no
name:a silver necklace|equipment,1,3015,no,a silver necklace,equipment,clothing,no
name:a simple dress|equipment,1,3568,no,a simple dress,equipment,clothing,no
name:a simple fanfare|usable,1,2954,no,a simple fanfare,usable,interactable,no
name:a skeleton|item,2,4315;4316,no,a skeleton,item,portable,yes
name:a skull staff|equipment,1,3324,no,a skull staff,equipment,weapon,no
name:a skull|item,3,3114;5015;5016,no,a skull,item,portable,yes
name:a slain banshee|creature_remains,3,4179;4180;4181,no,a slain banshee,creature_remains,corpse,yes
name:a slain bonebeast|creature_remains,3,4212;4213;4214,no,a slain bonebeast,creature_remains,corpse,yes
name:a slain crypt shambler|creature_remains,3,4209;4210;4211,no,a slain crypt shambler,creature_remains,corpse,yes
name:a slain demon|creature_remains,4,4097;4098;4099;4100,no,a slain demon,creature_remains,corpse,yes
name:a slain ghoul|container,1,4295,no,a slain ghoul,container,container,no
name:a slain ghoul|creature_remains,4,4034;4035;4036;4037,no,a slain ghoul,creature_remains,corpse,yes
name:a slain ghoul|item,2,4296;4297,no,a slain ghoul,item,portable,yes
name:a slain lich|creature_remains,3,4206;4207;4208,no,a slain lich,creature_remains,corpse,yes
name:a slain skeleton|creature_remains,6,3990;4024;4103;4104;4156;4157,no,a slain skeleton,creature_remains,corpse,yes
name:a slain vampire|creature_remains,4,4137;4138;4139;4140,no,a slain vampire,creature_remains,corpse,yes
name:a slime table mushroom|decoration,3,3910;3911;3912,no,a slime table mushroom,decoration,bottom_overlay,yes
name:a sling herb|item,1,3738,no,a sling herb,item,portable,no
name:a small amethyst|item,1,3033,no,a small amethyst,item,portable,no
name:a small axe|usable,1,3462,no,a small axe,usable,interactable,no
name:a small bamboo shelf|container,2,2463;2464,no,a small bamboo shelf,container,container,yes
name:a small bamboo shelf|structure,2,2461;2462,no,a small bamboo shelf,structure,obstacle,yes
name:a small basin|usable,1,1940,no,a small basin,usable,liquid_source,no
name:a small blue pillow|item,1,2389,no,a small blue pillow,item,portable,no
name:a small boat|decoration,10,1755;1756;1757;1758;1759;1760;1761;1762;1763;1764,no,a small boat,decoration,bottom_overlay,yes
name:a small cask|usable,1,4848,no,a small cask,usable,liquid_source,no
name:a small diamond|item,1,3028,no,a small diamond,item,portable,no
name:a small emerald|item,1,3032,no,a small emerald,item,portable,no
name:a small fern|decoration,1,3754,no,a small fern,decoration,bottom_overlay,no
name:a small fir tree|decoration,1,3682,no,a small fir tree,decoration,bottom_overlay,no
name:a small green pillow|item,1,2387,no,a small green pillow,item,portable,no
name:a small hole|terrain,1,387,no,a small hole,terrain,ground,no
name:a small lit pagoda|decoration,1,2075,no,a small lit pagoda,decoration,light_source,no
name:a small oil lamp|decoration,1,2933,no,a small oil lamp,decoration,light_source,no
name:a small orange pillow|item,1,2390,no,a small orange pillow,item,portable,no
name:a small pagoda|decoration,1,2074,no,a small pagoda,decoration,bottom_overlay,no
name:a small pearl flower|decoration,1,3900,no,a small pearl flower,decoration,bottom_overlay,no
name:a small purple pillow|item,1,2386,no,a small purple pillow,item,portable,no
name:a small red pillow|item,1,2388,no,a small red pillow,item,portable,no
name:a small round table|item,1,2316,no,a small round table,item,unspecified,no
name:a small ruby|item,1,3030,no,a small ruby,item,portable,no
name:a small sail|structure,2,1765;1766,no,a small sail,structure,obstacle,yes
name:a small sapphire|item,1,3029,no,a small sapphire,item,portable,no
name:a small snake head|item,3,5058;5059;5060,no,a small snake head,item,unspecified,yes
name:a small stone|equipment,1,1781,no,a small stone,equipment,weapon_throw,no
name:a small table|item,1,2319,no,a small table,item,unspecified,no
name:a small totem pole|decoration,1,2299,no,a small totem pole,decoration,bottom_overlay,no
name:a small trunk|item,1,2426,no,a small trunk,item,unspecified,no
name:a small turquoise pillow|item,1,2391,no,a small turquoise pillow,item,portable,no
name:a small white pillow|item,1,2392,no,a small white pillow,item,portable,no
name:a smashed stone head|decoration,1,4851,no,a smashed stone head,decoration,bottom_overlay,no
name:a snake destroyer|usable,1,4835,no,a snake destroyer,usable,interactable,no
name:a snake head|item,1,5057,no,a snake head,item,unspecified,no
name:a snake nest bush|decoration,1,3746,no,a snake nest bush,decoration,bottom_overlay,no
name:a snake ornament|terrain,16,546;547;548;549;550;551;552;553;554;555;556;557;558;559;560;561,no,a snake ornament,terrain,ground,yes
name:a snake wall|decoration,2,2077;2079,no,a snake wall,decoration,bottom_overlay,yes
name:a snakebite rod|equipment,1,3066,no,a snakebite rod,equipment,weapon_wand,no
name:a sneeze blossom|decoration,1,3891,no,a sneeze blossom,decoration,bottom_overlay,no
name:a snow heap|usable,1,611,no,a snow heap,usable,interactable,no
name:a snowball|equipment,1,2992,no,a snowball,equipment,weapon_throw,no
name:a snowy dead tree|decoration,1,3608,no,a snowy dead tree,decoration,bottom_overlay,no
name:a snowy fir tree|decoration,1,3609,no,a snowy fir tree,decoration,bottom_overlay,no
name:a sofa chair|item,4,2366;2367;2368;2369,no,a sofa chair,item,unspecified,yes
name:a soldier helmet|equipment,1,3375,no,a soldier helmet,equipment,armor,no
name:a spear|equipment,1,3277,no,a spear,equipment,weapon_throw,no
name:a spectral dress|equipment,1,4836,no,a spectral dress,equipment,clothing,no
name:a spectral stone|decoration,1,4840,no,a spectral stone,decoration,light_source,no
name:a spell rune|usable,56,3148;3149;3150;3151;3152;3153;3154;3155;3156;3157;3158;3159;3160;3161;3162;3163;3164;3165;3166;3167;3168;3169;3170;3171;3172;3173;3174;3175;3176;3177;3178;3179;3180;3181;3182;3183;3184;3185;3186;3187,yes,a spell rune,usable,rune,yes
name:a spellbook|readable,2,3059;3101,no,a spellbook,readable,text,yes
name:a spike sword|equipment,1,3271,no,a spike sword,equipment,weapon,no
name:a split stone golem|creature_remains,4,4133;4134;4135;4136,no,a split stone golem,creature_remains,corpse,yes
name:a spoon|item,1,3468,no,a spoon,item,portable,no
name:a spyreport|item,1,3232,no,a spyreport,item,portable,no
name:a square table|item,1,2315,no,a square table,item,unspecified,no
name:a staff|equipment,1,3289,no,a staff,equipment,weapon,no
name:a stamped letter|readable,1,3506,no,a stamped letter,readable,text,no
name:a stamped parcel|container,1,3504,no,a stamped parcel,container,container,no
name:a standing mirror|item,2,2453;2454,no,a standing mirror,item,unspecified,yes
name:a star amulet|equipment,1,3014,no,a star amulet,equipment,clothing,no
name:a star herb|item,1,3736,no,a star herb,item,portable,no
name:a statue|item,4,2025;2059;2060;2061,no,a statue,item,unspecified,yes
name:a statue|structure,1,2026,no,a statue,structure,obstacle,no
name:a stealth ring|equipment,2,3049;3086,no,a stealth ring,equipment,clothing,yes
name:a steel helmet|equipment,1,3351,no,a steel helmet,equipment,armor,no
name:a steel shield|equipment,1,3409,no,a steel shield,equipment,shield,no
name:a steering wheel|decoration,8,1751;1752;1753;1754;4961;4962;4963;4964,no,a steering wheel,decoration,bottom_overlay,yes
name:a stone circle|item,1,1996,no,a stone circle,item,unspecified,no
name:a stone coal basin|decoration,1,2115,no,a stone coal basin,decoration,light_source,no
name:a stone coffin|container,4,1983;1985;1986;1987,no,a stone coffin,container,container,yes
name:a stone coffin|decoration,1,1984,no,a stone coffin,decoration,bottom_overlay,no
name:a stone herb|item,1,3735,no,a stone herb,item,portable,no
name:a stone pile|decoration,1,1822,no,a stone pile,decoration,bottom_overlay,no
name:a stone pile|item,1,1823,no,a stone pile,item,unspecified,no
name:a stone pillar|decoration,3,2152;2263;2289,no,a stone pillar,decoration,bottom_overlay,yes
name:a stone railing|structure,25,2162;2163;2164;2165;2166;2167;2168;2169;2204;2205;2206;2207;2208;2212;2213;2214;2215;2216;2225;2226;2227;2228;2229;2232;2233,no,a stone railing,structure,obstacle,yes
name:a stone skin amulet|equipment,1,3081,no,a stone skin amulet,equipment,clothing,no
name:a stone snake pagoda|decoration,1,2093,no,a stone snake pagoda,decoration,bottom_overlay,no
name:a stone snake wall|decoration,3,2076;2078;2092,no,a stone snake wall,decoration,bottom_overlay,yes
name:a stone tile|terrain,5,419;420;429;430;431,no,a stone tile,terrain,ground,yes
name:a stone wall window|decoration,5,1465;1481;1499;1738;1739,no,a stone wall window,decoration,bottom_overlay,yes
name:a stone wall|decoration,103,1294;1295;1296;1297;1298;1299;1300;1301;1302;1303;1304;1345;1346;1347;1348;1349;1350;1351;1352;1353;1354;1355;1450;1451;1452;1453;1454;1455;1456;1457;1458;1459;1460;1461;1462;1463;1464;1466;1467;1468,yes,a stone wall,decoration,bottom_overlay,yes
name:a stone wall|structure,4,1482;1483;1484;1485,no,a stone wall,structure,top_overlay,yes
name:a stone wall|terrain,12,373;374;375;376;377;378;379;380;381;382;383;384,no,a stone wall,terrain,ground,yes
name:a stonecutter axe|equipment,1,3319,no,a stonecutter axe,equipment,weapon,no
name:a stone|decoration,57,1772;1773;1774;1775;1776;1777;1778;1779;1783;1784;1785;1786;1787;1788;1789;1790;1791;1792;1793;1843;1844;1845;1846;1851;1853;1856;1859;1860;1861;1862;1863;1864;1865;1866;1867;1868;1869;1870;1871;1872,yes,a stone,decoration,bottom_overlay,yes
name:a stone|item,2,1780;1782,no,a stone,item,portable,yes
name:a stone|structure,23,1129;1130;1131;1132;1133;1134;1135;1136;1137;1138;1139;1140;1141;1142;1143;1144;1145;1146;1147;1148;1149;1150;1151,no,a stone,structure,obstacle,yes
name:a stony pond|usable,4,5076;5077;5078;5079,no,a stony pond,usable,liquid_source,yes
name:a strange carving|terrain,4,596;597;598;599,no,a strange carving,terrain,ground,yes
name:a strange helmet|equipment,1,3373,no,a strange helmet,equipment,armor,no
name:a strange symbol|decoration,1,3058,no,a strange symbol,decoration,light_source,no
name:a strange talisman|equipment,1,3045,no,a strange talisman,equipment,clothing,no
name:a straw mat|item,4,2515;2516;2517;2518,no,a straw mat,item,unspecified,yes
name:a strawberry|usable,1,3591,no,a strawberry,usable,food,no
name:a street lamp|decoration,2,2108;2109,no,a street lamp,decoration,light_source,yes
name:a street sign|readable,2,2021;2022,no,a street sign,readable,text,yes
name:a studded armor|equipment,1,3378,no,a studded armor,equipment,armor,no
name:a studded club|equipment,1,3336,no,a studded club,equipment,weapon,no
name:a studded helmet|equipment,1,3376,no,a studded helmet,equipment,armor,no
name:a studded shield|equipment,1,3426,no,a studded shield,equipment,shield,no
name:a stuffed bunny|item,1,3242,no,a stuffed bunny,item,portable,no
name:a sundial|readable,1,2771,no,a sundial,readable,information,no
name:a sunflower|item,1,3667,no,a sunflower,item,unspecified,no
name:a swamp plant|decoration,10,3685;3686;3687;3688;3689;3690;3691;3692;3693;3694,no,a swamp plant,decoration,bottom_overlay,yes
name:a sword hilt|item,1,3237,no,a sword hilt,item,portable,no
name:a sword ring|equipment,2,3091;3094,no,a sword ring,equipment,clothing,yes
name:a sword|equipment,1,3264,no,a sword,equipment,weapon,no
name:a sycamore|decoration,1,3615,no,a sycamore,decoration,bottom_overlay,no
name:a tablelamp|usable,1,2934,no,a tablelamp,usable,interactable,no
name:a table|decoration,12,2322;2323;2324;2325;2326;2327;2328;2329;2330;2331;2332;2333,no,a table,decoration,bottom_overlay,yes
name:a talon|item,1,3034,no,a talon,item,portable,no
name:a tapestry|item,3,2599;2600;2666,no,a tapestry,item,unspecified,yes
name:a tear of daraman|item,1,3233,no,a tear of daraman,item,portable,no
name:a teddy bear|item,1,2993,no,a teddy bear,item,portable,no
name:a telescope|item,4,3484;3485;3486;3487,no,a telescope,item,unspecified,yes
name:a tempest rod|equipment,1,3067,no,a tempest rod,equipment,weapon_wand,no
name:a tempest shield|equipment,1,3442,no,a tempest shield,equipment,shield,no
name:a templar scytheblade|equipment,1,3345,no,a templar scytheblade,equipment,weapon,no
name:a temple wall|structure,1,1618,no,a temple wall,structure,obstacle,no
name:a thick trunk|item,1,2352,no,a thick trunk,item,unspecified,no
name:a thorn bush|decoration,18,3703;3704;3705;3706;3707;3708;3709;3710;3713;3714;3715;3716;3717;3718;3719;3720;3721;3722,no,a thorn bush,decoration,bottom_overlay,yes
name:a thorn bush|structure,2,3711;3712,no,a thorn bush,structure,obstacle,yes
name:a thread tree|decoration,1,3743,no,a thread tree,decoration,bottom_overlay,no
name:a throne|item,8,2354;2355;2356;2357;2362;2363;2364;2365,no,a throne,item,unspecified,yes
name:a throwing knife|equipment,1,3298,no,a throwing knife,equipment,weapon_throw,no
name:a throwing star|equipment,1,3287,no,a throwing star,equipment,weapon_throw,no
name:a thunder hammer|equipment,1,3309,no,a thunder hammer,equipment,weapon,no
name:a tic-tac-toe board|terrain,9,1261;1262;1263;1264;1265;1266;1267;1268;1269,no,a tic-tac-toe board,terrain,ground,yes
name:a tic-tac-toe token|item,2,3547;3548,no,a tic-tac-toe token,item,portable,yes
name:a tiger fur|decoration,2,2769;2770,no,a tiger fur,decoration,hangable,yes
name:a tiled roof|structure,14,1157;1160;1162;1163;1164;1165;1166;1167;1170;1172;1173;1174;1175;1176,no,a tiled roof,structure,obstacle,yes
name:a tiled roof|terrain,6,1158;1159;1161;1168;1169;1171,no,a tiled roof,terrain,ground,yes
name:a time ring|equipment,2,3053;3090,no,a time ring,equipment,clothing,yes
name:a titans orchid|decoration,4,3880;3881;3882;3883,no,a titans orchid,decoration,bottom_overlay,yes
name:a tomato|usable,1,3596,no,a tomato,usable,food,no
name:a torch bearer|decoration,4,2928;2930;2940;2942,no,a torch bearer,decoration,light_source,yes
name:a torch|decoration,3,2920;2922;2924,no,a torch,decoration,light_source,yes
name:a torn book|item,1,3121,no,a torn book,item,portable,no
name:a totem pole|decoration,1,2301,no,a totem pole,decoration,bottom_overlay,no
name:a tower fern|decoration,1,3745,no,a tower fern,decoration,bottom_overlay,no
name:a tower shield|equipment,1,3428,no,a tower shield,equipment,shield,no
name:a trapdoor|terrain,8,369;370;411;412;432;433;482;483,no,a trapdoor,terrain,ground,yes
name:a trap|usable,1,3482,no,a trap,usable,interactable,no
name:a treasure chest|container,1,2478,no,a treasure chest,container,container,no
name:a treasure map|readable,1,5090,no,a treasure map,readable,text,no
name:a tribal mask|equipment,1,3403,no,a tribal mask,equipment,armor,no
name:a troll green|item,1,3741,no,a troll green,item,portable,no
name:a trough|usable,1,2524,no,a trough,usable,liquid_container,no
name:a trumpet|usable,1,3256,no,a trumpet,usable,interactable,no
name:a tulip|item,1,3668,no,a tulip,item,portable,no
name:a turtle sprouter|decoration,1,3876,no,a turtle sprouter,decoration,bottom_overlay,no
name:a tusk chair|item,4,2418;2419;2420;2421,no,a tusk chair,item,unspecified,yes
name:a tusk shield|equipment,1,3443,no,a tusk shield,equipment,shield,no
name:a tusk table|item,2,2348;2349,no,a tusk table,item,unspecified,yes
name:a twin axe|equipment,1,3335,no,a twin axe,equipment,weapon,no
name:a two handed sword|equipment,1,3265,no,a two handed sword,equipment,weapon,no
name:a used candelabrum|decoration,1,2913,no,a used candelabrum,decoration,light_source,no
name:a used candlestick|decoration,1,2919,no,a used candlestick,decoration,light_source,no
name:a used lamp|decoration,1,2916,no,a used lamp,decoration,light_source,no
name:a vampire shield|equipment,1,3434,no,a vampire shield,equipment,shield,no
name:a vase|usable,1,2876,no,a vase,usable,liquid_container,no
name:a velvet petal|decoration,4,3895;3896;3897;3898,no,a velvet petal,decoration,bottom_overlay,yes
name:a ventilation grille|terrain,1,4971,no,a ventilation grille,terrain,ground,no
name:a vial|usable,1,2874,no,a vial,usable,liquid_container,no
name:a viking helmet|equipment,1,3367,no,a viking helmet,equipment,armor,no
name:a viking shield|equipment,1,3431,no,a viking shield,equipment,shield,no
name:a violet gem|item,1,3036,no,a violet gem,item,portable,no
name:a volcanic rod|equipment,1,3069,no,a volcanic rod,equipment,weapon_wand,no
name:a voodoo doll|item,1,3002,no,a voodoo doll,item,portable,no
name:a voodoodoll|item,1,3209,no,a voodoodoll,item,portable,no
name:a wall fountain|usable,2,1401;1402,no,a wall fountain,usable,liquid_source,yes
name:a wall lamp|decoration,6,2907;2909;2936;2938;2944;2946,no,a wall lamp,decoration,light_source,yes
name:a wall mirror|decoration,3,2632;2635;2638,no,a wall mirror,decoration,hangable,yes
name:a wall mirror|item,8,2603;2604;2630;2631;2633;2634;2636;2637,no,a wall mirror,item,unspecified,yes
name:a wand of cosmic energy|equipment,1,3073,no,a wand of cosmic energy,equipment,weapon_wand,no
name:a wand of dragonbreath|equipment,1,3075,no,a wand of dragonbreath,equipment,weapon_wand,no
name:a wand of inferno|equipment,1,3071,no,a wand of inferno,equipment,weapon_wand,no
name:a wand of plague|equipment,1,3072,no,a wand of plague,equipment,weapon_wand,no
name:a wand of vortex|equipment,1,3074,no,a wand of vortex,equipment,weapon_wand,no
name:a war axe|equipment,1,3342,no,a war axe,equipment,weapon,no
name:a war drum|item,1,2966,no,a war drum,item,portable,no
name:a war hammer|equipment,1,3279,no,a war hammer,equipment,weapon,no
name:a war horn|usable,1,2958,no,a war horn,usable,interactable,no
name:a wardrobe|container,4,2427;2428;2429;2430,no,a wardrobe,container,container,yes
name:a warlord sword|equipment,1,3296,no,a warlord sword,equipment,weapon,no
name:a warrior helmet|equipment,1,3369,no,a warrior helmet,equipment,armor,no
name:a watchdog statue|readable,1,2033,no,a watchdog statue,readable,text,no
name:a watch|readable,1,2906,no,a watch,readable,information,no
name:a water basin|usable,4,1926;1927;1928;1929,no,a water basin,usable,liquid_source,yes
name:a water cask|usable,1,2520,no,a water cask,usable,liquid_source,no
name:a water lily|structure,4,3669;3670;3671;3672,no,a water lily,structure,obstacle,yes
name:a water pipe|item,1,2980,no,a water pipe,item,portable,no
name:a water pipe|usable,1,2974,no,a water pipe,usable,interactable,no
name:a water wheel|decoration,2,1941;1942,no,a water wheel,decoration,bottom_overlay,yes
name:a waterfall|item,2,1716;1717,no,a waterfall,item,unspecified,yes
name:a waterfall|terrain,4,1718;1719;1720;1721,no,a waterfall,terrain,border,yes
name:a waterskin|usable,1,2901,no,a waterskin,usable,liquid_container,no
name:a wedding ring|equipment,1,3004,no,a wedding ring,equipment,clothing,no
name:a white bishop|item,1,3538,no,a white bishop,item,portable,no
name:a white castle|item,1,3536,no,a white castle,item,portable,no
name:a white dress|equipment,1,3569,no,a white dress,equipment,clothing,no
name:a white flag|decoration,1,4989,no,a white flag,decoration,bottom_overlay,no
name:a white flower|item,1,3656,no,a white flower,item,unspecified,no
name:a white knight|item,1,3537,no,a white knight,item,portable,no
name:a white mushroom|usable,1,3723,no,a white mushroom,usable,food,no
name:a white pawn|item,1,3535,no,a white pawn,item,portable,no
name:a white pearl|item,1,3026,no,a white pearl,item,portable,no
name:a white stone tile|terrain,1,463,no,a white stone tile,terrain,ground,no
name:a white tapestry|decoration,1,2667,no,a white tapestry,decoration,hangable,no
name:a white tapestry|item,1,2665,no,a white tapestry,item,unspecified,no
name:a white token|item,1,3534,no,a white token,item,portable,no
name:a willow|decoration,1,3616,no,a willow,decoration,bottom_overlay,no
name:a wine cask|usable,1,2522,no,a wine cask,usable,liquid_source,no
name:a winged helmet|equipment,1,3368,no,a winged helmet,equipment,armor,no
name:a witches cap mushroom|item,1,4829,no,a witches cap mushroom,item,portable,no
name:a witches cauldron plant|decoration,1,3885,no,a witches cauldron plant,decoration,bottom_overlay,no
name:a witchesbroom|usable,1,3211,no,a witchesbroom,usable,interactable,no
name:a wolf tooth chain|equipment,1,3012,no,a wolf tooth chain,equipment,clothing,no
name:a wolf trophy|item,2,2671;2672,no,a wolf trophy,item,unspecified,yes
name:a wood cape|equipment,1,3575,no,a wood cape,equipment,armor,no
name:a wood mushroom|usable,1,3727,no,a wood mushroom,usable,food,no
name:a wooden chair|item,4,2358;2359;2360;2361,no,a wooden chair,item,unspecified,yes
name:a wooden coffin|decoration,4,2474;2475;2476;2477,no,a wooden coffin,decoration,bottom_overlay,yes
name:a wooden doll|item,1,2989,no,a wooden doll,item,portable,no
name:a wooden flute|usable,1,2948,no,a wooden flute,usable,interactable,no
name:a wooden hammer|usable,1,3459,no,a wooden hammer,usable,interactable,no
name:a wooden key|usable,1,2968,no,a wooden key,usable,key,no
name:a wooden railing|structure,16,2154;2155;2156;2157;2158;2159;2160;2161;2234;2235;2236;2237;2238;2239;2240;2241,no,a wooden railing,structure,obstacle,yes
name:a wooden roof|structure,14,1177;1181;1182;1183;1184;1185;1186;1187;1191;1192;1193;1194;1195;1196,no,a wooden roof,structure,obstacle,yes
name:a wooden roof|terrain,6,1178;1179;1180;1188;1189;1190,no,a wooden roof,terrain,ground,yes
name:a wooden shield|equipment,1,3412,no,a wooden shield,equipment,shield,no
name:a wooden spoon|item,1,3470,no,a wooden spoon,item,portable,no
name:a worm|item,1,3492,no,a worm,item,portable,no
name:a wrinkled parchment|item,1,4846,no,a wrinkled parchment,item,portable,no
name:a yellow gem|item,1,3037,no,a yellow gem,item,portable,no
name:a yellow maple|decoration,1,3620,no,a yellow maple,decoration,bottom_overlay,no
name:a yellow pillow|item,1,2397,no,a yellow pillow,item,portable,no
name:a yellow rose|item,1,3660,no,a yellow rose,item,portable,no
name:a yellow tapestry|decoration,1,2650,no,a yellow tapestry,decoration,hangable,no
name:a yellow tapestry|item,2,2648;2649,no,a yellow tapestry,item,unspecified,yes
name:an agave|decoration,1,3697,no,an agave,decoration,bottom_overlay,no
name:an altar|decoration,6,3515;3516;3517;3518;3523;3524,no,an altar,decoration,bottom_overlay,yes
name:an amazon armor|equipment,1,3394,no,an amazon armor,equipment,armor,no
name:an amazon helmet|equipment,1,3393,no,an amazon helmet,equipment,armor,no
name:an amazon shield|equipment,1,3437,no,an amazon shield,equipment,shield,no
name:an amphora|usable,1,2893,no,an amphora,usable,liquid_container,no
name:an amulet of loss|equipment,1,3057,no,an amulet of loss,equipment,clothing,no
name:an anchor|structure,2,4973;4976,no,an anchor,structure,obstacle,yes
name:an ancient amulet|equipment,1,3025,no,an ancient amulet,equipment,clothing,no
name:an ancient rune|item,1,3235,no,an ancient rune,item,portable,no
name:an ancient shield|equipment,1,3432,no,an ancient shield,equipment,shield,no
name:an ancient tiara|equipment,1,3022,no,an ancient tiara,equipment,clothing,no
name:an angel statue|readable,1,2031,no,an angel statue,readable,text,no
name:an animal skull|item,1,3132,no,an animal skull,item,unspecified,no
name:an ankh|usable,1,3077,no,an ankh,usable,interactable,no
name:an annihilation bear|item,1,3213,no,an annihilation bear,item,portable,no
name:an ant trail|terrain,11,1068;1069;1070;1071;1072;1073;1074;1075;1076;1077;1078,no,an ant trail,terrain,border,yes
name:an ant-hill|structure,1,1079,no,an ant-hill,structure,obstacle,no
name:an anvil|structure,1,3458,no,an anvil,structure,obstacle,no
name:an arcane staff|equipment,1,3341,no,an arcane staff,equipment,weapon,no
name:an archway|structure,26,1365;1366;1367;1368;1369;1370;1371;1372;1528;1529;1530;1531;1532;1533;1534;1535;1557;1561;1565;1566;1567;1568;1624;1625;1626;1627,no,an archway,structure,top_overlay,yes
name:an arrow|equipment,1,3447,no,an arrow,equipment,ammunition,no
name:an axe ring|equipment,2,3092;3095,no,an axe ring,equipment,clothing,yes
name:an axe|equipment,1,3274,no,an axe,equipment,weapon,no
name:an eagle shield|equipment,1,3438,no,an eagle shield,equipment,shield,no
name:an earth hole|decoration,1,1080,no,an earth hole,decoration,bottom_overlay,no
name:an ectoplasm container|item,1,4853,no,an ectoplasm container,item,portable,no
name:an ectoplasm container|usable,1,4852,no,an ectoplasm container,usable,interactable,no
name:an egg|usable,1,3606,no,an egg,usable,food,no
name:an elephant tusk|item,1,3044,no,an elephant tusk,item,portable,no
name:an elven amulet|equipment,1,3082,no,an elven amulet,equipment,clothing,no
name:an elven brooch|item,1,3005,no,an elven brooch,item,portable,no
name:an elven mail|equipment,1,3399,no,an elven mail,equipment,armor,no
name:an elven poetry book|item,1,4844,no,an elven poetry book,item,portable,no
name:an elven vase|usable,1,2879,no,an elven vase,usable,liquid_container,no
name:an emblem|item,6,2606;2607;2608;2609;2610;2611,no,an emblem,item,unspecified,yes
name:an emerald bangle|item,1,3010,no,an emerald bangle,item,portable,no
name:an empty coal basin|decoration,2,2114;3514,no,an empty coal basin,decoration,light_source,yes
name:an enchanted staff|equipment,1,3321,no,an enchanted staff,equipment,weapon,no
name:an energy field|effect_object,3,2122;2126;2135,no,an energy field,effect_object,magic_field,yes
name:an energy ring|equipment,2,3051;3088,no,an energy ring,equipment,clothing,yes
name:an explorer brooch|item,1,4871,no,an explorer brooch,item,portable,no
name:an ice pick|usable,1,4872,no,an ice pick,usable,interactable,no
name:an ice rapier|equipment,1,3284,no,an ice rapier,equipment,weapon,no
name:an icicle|item,1,4837,no,an icicle,item,portable,no
name:an indoor plant|item,1,2982,no,an indoor plant,item,unspecified,no
name:an inkwell|item,1,3509,no,an inkwell,item,portable,no
name:an iron hammer|equipment,1,3310,no,an iron hammer,equipment,weapon,no
name:an iron helmet|equipment,1,3353,no,an iron helmet,equipment,armor,no
name:an ivory chair|item,4,2422;2423;2424;2425,no,an ivory chair,item,unspecified,yes
name:an obelisk|decoration,1,2199,no,an obelisk,decoration,bottom_overlay,no
name:an obsidian lance|equipment,1,3313,no,an obsidian lance,equipment,weapon,no
name:an oil lamp|decoration,1,2932,no,an oil lamp,decoration,light_source,no
name:an old and used backpack|equipment,1,3244,no,an old and used backpack,equipment,clothing,no
name:an old parchment|item,1,4831,no,an old parchment,item,portable,no
name:an old tree|decoration,1,3636,no,an old tree,decoration,bottom_overlay,no
name:an old twig|item,1,3106,no,an old twig,item,portable,no
name:an open door|structure,26,1630;1633;1639;1641;1643;1645;1652;1655;1657;1659;1661;1663;1670;1673;1675;1677;1684;1686;1690;1693;1695;1699;4911;4914;5083;5085,no,an open door,structure,door,yes
name:an open fence gate|structure,2,2178;2180,no,an open fence gate,structure,top_overlay,yes
name:an open passthrough|decoration,2,2335;2337,no,an open passthrough,decoration,bottom_overlay,yes
name:an open passthrough|structure,2,2339;2341,no,an open passthrough,structure,door,yes
name:an open trapdoor|terrain,1,476,no,an open trapdoor,terrain,ground,no
name:an orange mushroom|usable,1,3726,no,an orange mushroom,usable,food,no
name:an orange star|item,1,3673,no,an orange star,item,portable,no
name:an orange tapestry|decoration,1,2653,no,an orange tapestry,decoration,hangable,no
name:an orange tapestry|item,2,2651;2652,no,an orange tapestry,item,unspecified,yes
name:an orange tree|decoration,1,3742,no,an orange tree,decoration,bottom_overlay,no
name:an orange|usable,1,3586,no,an orange,usable,food,no
name:an orb|decoration,1,3060,no,an orb,decoration,light_source,no
name:an orc trophy|item,2,2673;2674,no,an orc trophy,item,unspecified,yes
name:an orchid|item,1,3675,no,an orchid,item,unspecified,no
name:an orcish axe|equipment,1,3316,no,an orcish axe,equipment,weapon,no
name:an orichalcum pearl|item,1,5021,no,an orichalcum pearl,item,portable,no
name:an oriental carpet|terrain,6,2581;2582;2583;2584;2585;2586,no,an oriental carpet,terrain,border,yes
name:an oriental pillar|decoration,1,2190,no,an oriental pillar,decoration,bottom_overlay,no
name:an oriental wall|decoration,61,1356;1357;1358;1359;1360;1361;1362;1363;1364;1373;1374;1375;1376;1377;1378;1379;1380;1381;1382;1383;1384;1385;1386;1387;1388;1389;1390;1391;1392;1393;1394;1395;1396;1397;1398;1409;1410;1411;1412;1413,yes,an oriental wall,decoration,bottom_overlay,yes
name:an oriental wall|structure,6,1403;1404;1405;1406;1407;1408,no,an oriental wall,structure,top_overlay,yes
name:an oriental wall|usable,4,1399;1400;1439;1440,no,an oriental wall,usable,liquid_source,yes
name:an oriental well|usable,8,1932;1933;1934;1935;1936;1937;1938;1939,no,an oriental well,usable,liquid_source,yes
name:an oriental window|decoration,4,1740;1741;1742;1743,no,an oriental window,decoration,bottom_overlay,yes
name:an ornamented ankh|item,1,3241,no,an ornamented ankh,item,portable,no
name:an ornamented shield|equipment,1,3424,no,an ornamented shield,equipment,shield,no
name:an ornamented stone table|item,1,2353,no,an ornamented stone table,item,unspecified,no
name:an ornament|decoration,2,2056;2058,no,an ornament,decoration,hangable,yes
name:an oven spatula|item,1,3472,no,an oven spatula,item,portable,no
name:an oven|decoration,8,2535;2536;2537;2538;2539;2540;2541;2542,no,an oven,decoration,light_source,yes
name:an unlit campfire|item,2,1997;2001,no,an unlit campfire,item,unspecified,yes
name:ashes|item,2,2140;3134,no,ashes,item,unspecified,yes
name:bars|structure,2,2184;2185,no,bars,structure,obstacle,yes
name:black marble floor|terrain,1,410,no,black marble floor,terrain,ground,no
name:blades|item,1,2146,no,blades,item,unspecified,no
name:blue note|item,1,3236,no,blue note,item,portable,no
name:boots of haste|equipment,1,3079,no,boots of haste,equipment,clothing,no
name:boots of waterwalking|equipment,1,3246,no,boots of waterwalking,equipment,clothing,no
name:brass legs|equipment,1,3372,no,brass legs,equipment,armor,no
name:broken brown glass|item,1,3117,no,broken brown glass,item,portable,no
name:broken green glass|item,1,3118,no,broken green glass,item,portable,no
name:broken pottery|item,1,3113,no,broken pottery,item,portable,no
name:bunnyslippers|equipment,1,3553,no,bunnyslippers,equipment,clothing,no
name:burnt down firewood|item,1,3131,no,burnt down firewood,item,portable,no
name:cat's food mushrooms|decoration,1,3917,no,cat's food mushrooms,decoration,bottom_overlay,no
name:chain legs|equipment,1,3558,no,chain legs,equipment,armor,no
name:cheese|usable,1,3607,no,cheese,usable,food,no
name:cobbled pavement|terrain,53,870;871;872;873;874;875;876;877;878;879;880;881;882;883;884;885;886;887;888;889;890;891;892;893;894;895;896;897;898;899;900;901;902;903;904;905;906;907;908;909,yes,cobbled pavement,terrain,ground,yes
name:cobwebs|decoration,3,2699;2700;2701,no,cobwebs,decoration,hangable,yes
name:crocodile boots|equipment,1,3556,no,crocodile boots,equipment,armor,no
name:crown legs|equipment,1,3382,no,crown legs,equipment,armor,no
name:dark mushrooms|decoration,1,3733,no,dark mushrooms,decoration,hangable,no
name:dead man's saddles|decoration,1,3907,no,dead man's saddles,decoration,bottom_overlay,no
name:debris|decoration,49,1794;1795;1796;1797;1798;1799;1800;1801;1802;1803;1804;1805;1806;1807;1808;1809;1810;1811;1812;1813;1814;1815;1816;1817;1818;1819;1820;1821;1824;1825;1826;1827;1828;1829;1830;1831;1832;1833;1834;1835,yes,debris,decoration,bottom_overlay,yes
name:debris|item,4,1897;1898;1899;1900,no,debris,item,unspecified,yes
name:demon legs|equipment,1,3389,no,demon legs,equipment,armor,no
name:dirt floor|terrain,16,280;351;352;353;4785;4786;4787;4788;4789;4790;4791;4792;4793;4794;4795;4796,no,dirt floor,terrain,ground,yes
name:dirt floor|traversal,1,386,no,dirt floor,traversal,rope_spot,no
name:dirt|terrain,42,103;134;135;136;137;138;139;140;141;142;143;144;145;190;191;192;193;194;4656;4657;4658;4659;4660;4661;4662;4663;4664;4665;4666;4667;4668;4669;4670;4671;4672;4673;4674;4675;4676;4677,yes,dirt,terrain,ground,yes
name:dragon ham|usable,1,3583,no,dragon ham,usable,food,no
name:dragon scale legs|equipment,1,3363,no,dragon scale legs,equipment,armor,no
name:drawers|container,4,2431;2432;2433;2434,no,drawers,container,container,yes
name:dry earth|terrain,13,982;983;984;985;986;987;988;989;990;991;992;993;994,no,dry earth,terrain,ground,yes
name:dwarfen legs|equipment,1,3398,no,dwarfen legs,equipment,armor,no
name:earth ground|terrain,1,368,no,earth ground,terrain,ground,no
name:earth|terrain,3,101;1020;1021,no,earth,terrain,ground,yes
name:electric iron bars|structure,3,5071;5072;5073,no,electric iron bars,structure,obstacle,yes
name:electric sparks|decoration,3,5068;5069;5070,no,electric sparks,decoration,light_source,yes
name:elven legs|equipment,1,3401,no,elven legs,equipment,armor,no
name:exotic flowers|item,1,2988,no,exotic flowers,item,portable,no
name:flour|usable,1,3603,no,flour,usable,interactable,no
name:flowers|terrain,2,108;109,no,flowers,terrain,ground,yes
name:frozen starlight|decoration,1,3249,no,frozen starlight,decoration,light_source,no
name:giggle mushrooms|decoration,1,3915,no,giggle mushrooms,decoration,bottom_overlay,no
name:glimmer cap mushrooms|decoration,1,3919,no,glimmer cap mushrooms,decoration,bottom_overlay,no
name:god flowers|item,1,2981,no,god flowers,item,portable,no
name:golden boots|equipment,1,3555,no,golden boots,equipment,armor,no
name:golden legs|equipment,1,3364,no,golden legs,equipment,armor,no
name:grapes|usable,1,3592,no,grapes,usable,food,no
name:grass|terrain,203,102;106;110;111;112;113;114;115;116;117;118;119;120;121;182;183;184;185;186;187;188;189;195;196;197;198;199;200;201;202;203;204;205;206;219;220;221;222;223;224,yes,grass,terrain,ground,yes
name:gravel|terrain,98,105;146;147;148;149;150;151;152;153;154;155;156;157;158;159;160;161;162;163;164;165;166;167;168;169;207;208;209;210;211;212;213;214;215;216;217;218;303;304;305,yes,gravel,terrain,ground,yes
name:ham|usable,1,3582,no,ham,usable,food,no
name:humanoid remains|item,1,3133,no,humanoid remains,item,unspecified,no
name:ice|terrain,13,800;813;814;815;816;817;818;819;820;821;822;823;824,no,ice,terrain,ground,yes
name:jungle grass|item,2,3695;3701,no,jungle grass,item,unspecified,yes
name:jungle grass|terrain,45,1019;1022;1023;1024;1025;1026;1027;1028;1029;1030;1031;1032;1033;1034;1035;1036;1037;1038;1039;1040;1041;1042;1043;1044;1045;1046;1047;1048;1049;1050;1051;1052;1053;1054;1055;1056;1057;1058;1059;1060,yes,jungle grass,terrain,ground,yes
name:jungle grass|usable,2,3696;3702,no,jungle grass,usable,interactable,yes
name:jungle vines|item,6,3938;3939;3940;3941;3942;3943,no,jungle vines,item,unspecified,yes
name:jungle vines|structure,5,3804;3805;3806;3807;3808,no,jungle vines,structure,obstacle,yes
name:knight legs|equipment,1,3371,no,knight legs,equipment,armor,no
name:lava|terrain,53,647;648;649;650;651;652;653;654;655;656;657;658;671;672;673;674;675;676;677;678;679;680;681;682;683;684;685;686;687;688;689;690;691;692;693;694;727;728;729;730,yes,lava,terrain,ground,yes
name:leather boots|equipment,1,3552,no,leather boots,equipment,armor,no
name:leather legs|equipment,1,3559,no,leather legs,equipment,armor,no
name:meat|usable,1,3577,no,meat,usable,food,no
name:moon flowers|item,1,3654,no,moon flowers,item,unspecified,no
name:muddy floor|terrain,1,354,no,muddy floor,terrain,ground,no
name:muddy floor|usable,1,355,no,muddy floor,usable,liquid_source,no
name:nothing special|decoration,1,2187,no,nothing special,decoration,bottom_overlay,no
name:nothing special|terrain,1,470,no,nothing special,terrain,ground,no
name:old rush wood|decoration,1,3635,no,old rush wood,decoration,bottom_overlay,no
name:ornamented floor|terrain,18,520;521;522;523;524;525;526;527;528;537;538;539;540;541;542;543;544;545,no,ornamented floor,terrain,ground,yes
name:panpipes|usable,1,2953,no,panpipes,usable,interactable,no
name:patched boots|equipment,1,3550,no,patched boots,equipment,armor,no
name:plate legs|equipment,1,3557,no,plate legs,equipment,armor,no
name:ploughed soil|terrain,5,951;952;953;4821;4822,no,ploughed soil,terrain,ground,yes
name:poison gas|effect_object,3,2121;2127;2134,no,poison gas,effect_object,magic_field,yes
name:remains of a fish|item,1,3125,no,remains of a fish,item,portable,no
name:remains of a ghost|container,1,4290,no,remains of a ghost,container,container,no
name:remains of a ghost|creature_remains,3,4094;4158;4159,no,remains of a ghost,creature_remains,corpse,yes
name:remains of a mummy|creature_remains,3,4130;4131;4132,no,remains of a mummy,creature_remains,corpse,yes
name:rock soil|terrain,118,107;170;171;172;173;174;175;176;177;178;179;180;181;244;245;246;247;248;249;250;251;252;253;254;255;256;257;258;259;260;261;262;263;264;265;266;267;327;328;329,yes,rock soil,terrain,ground,yes
name:rocks|terrain,24,1100;1101;1102;1103;1104;1105;1106;1107;1108;1109;1110;1111;4445;4446;4447;4448;4449;4450;4451;4452;4453;4454;4455;4456,no,rocks,terrain,border,yes
name:rotten meat|item,1,3112,no,rotten meat,item,portable,no
name:rubbish|item,5,3108;3109;3126;3127;3128,no,rubbish,item,portable,yes
name:rush wood|effect_object,1,2130,no,rush wood,effect_object,magic_field,no
name:salmon|usable,1,3579,no,salmon,usable,food,no
name:sandals|equipment,1,3551,no,sandals,equipment,clothing,no
name:sandstone floor|terrain,17,415;424;425;923;924;925;926;927;928;929;930;931;932;933;934;935;936,no,sandstone floor,terrain,ground,yes
name:sandstone|terrain,13,1316;1317;1318;1319;1320;1321;1322;1323;1324;1325;1326;1327;1328,no,sandstone,terrain,ground,yes
name:sandy floor|traversal,1,421,no,sandy floor,traversal,rope_spot,no
name:sand|terrain,102,104;122;123;124;125;126;127;128;129;130;131;132;133;231;232;233;234;235;236;237;238;239;240;241;242;243;623;624;625;626;627;628;629;630;631;632;633;634;719;720,yes,sand,terrain,ground,yes
name:santa's mailbox|decoration,1,3221,no,Santa's Mailbox,decoration,bottom_overlay,no
name:shallow water|terrain,15,865;866;867;868;869;4809;4810;4811;4812;4813;4814;4817;4818;4819;4820,no,shallow water,terrain,ground,yes
name:shallow water|usable,112,618;619;620;735;736;737;738;739;740;741;742;743;744;745;746;747;748;749;750;751;752;753;754;755;756;757;758;759;760;761;762;763;764;765;766;787;788;789;790;791,yes,shallow water,usable,liquid_source,yes
name:shrimp|usable,1,3581,no,shrimp,usable,food,no
name:slime table mushrooms|decoration,1,3913,no,slime table mushrooms,decoration,bottom_overlay,no
name:smoke|effect_object,1,2136,no,smoke,effect_object,magic_field,no
name:snow|terrain,13,799;4726;4727;4728;4729;4730;4731;4732;4733;4734;4735;4736;4737,no,snow,terrain,ground,yes
name:soft boots|equipment,1,3549,no,soft boots,equipment,clothing,no
name:soil|terrain,1,950,no,soil,terrain,ground,no
name:some bones|item,1,4317,no,some bones,item,portable,no
name:some golden fruits|item,1,3020,no,some golden fruits,item,portable,no
name:some leaves|item,1,3129,no,some leaves,item,portable,no
name:some mushrooms|usable,2,3729;3730,no,some mushrooms,usable,food,yes
name:some pieces of wood|item,1,2744,no,some pieces of wood,item,unspecified,no
name:some sharp icicles|decoration,1,4994,no,some sharp icicles,decoration,bottom_overlay,no
name:some skulls|item,2,5017;5018,no,some skulls,item,unspecified,yes
name:some sunflowers|item,1,3666,no,some sunflowers,item,unspecified,no
name:some wood|item,1,3107,no,some wood,item,portable,no
name:spikes|item,1,2148,no,spikes,item,unspecified,no
name:stairs|decoration,1,1947,no,stairs,decoration,bottom_overlay,no
name:stairs|terrain,16,413;414;428;434;437;438;469;484;485;566;567;1156;4823;4824;4825;4826,no,stairs,terrain,ground,yes
name:stalagmites|decoration,4,388;389;392;393,no,stalagmites,decoration,bottom_overlay,yes
name:steel boots|equipment,1,3554,no,steel boots,equipment,armor,no
name:stone floor|terrain,24,416;418;436;479;481;499;500;501;502;503;504;529;530;531;532;533;534;535;536;562;565;568;569;570,no,stone floor,terrain,ground,yes
name:stone rubbish|item,4,3141;3142;3143;3144,no,stone rubbish,item,portable,yes
name:stone stairs|decoration,2,1977;1978,no,stone stairs,decoration,bottom_overlay,yes
name:stones|decoration,5,1852;1854;1855;1857;1858,no,stones,decoration,bottom_overlay,yes
name:strange holes|item,1,2147,no,strange holes,item,unspecified,no
name:strange powder|item,1,4838,no,strange powder,item,portable,no
name:strange slits|item,1,2145,no,strange slits,item,unspecified,no
name:studded legs|equipment,1,3362,no,studded legs,equipment,armor,no
name:swamp|terrain,109,659;660;661;662;663;664;665;666;667;668;669;670;731;732;733;734;767;768;769;770;771;772;773;774;775;776;777;778;779;780;781;782;783;784;785;786;1722;1723;1724;1725,yes,swamp,terrain,ground,yes
name:tanned brown bear fur|structure,2,2738;2739,no,tanned brown bear fur,structure,obstacle,yes
name:tanned polar bear fur|structure,2,2740;2741,no,tanned polar bear fur,structure,obstacle,yes
name:tanned tiger fur|decoration,2,2767;2768,no,tanned tiger fur,decoration,bottom_overlay,yes
name:tar|terrain,16,837;838;839;840;841;842;843;844;845;846;847;848;849;850;851;852,no,tar,terrain,ground,yes
name:the black king|item,1,3546,no,the black king,item,portable,no
name:the black queen|item,1,3545,no,the black queen,item,portable,no
name:the carrot of doom|usable,1,3250,no,the carrot of doom,usable,food,no
name:the holy tible|readable,1,2836,no,the holy Tible,readable,text,no
name:the horn of sundering|item,1,3252,no,the horn of sundering,item,portable,no
name:the orb of nature|item,1,3064,no,the orb of nature,item,unspecified,no
name:the remains of a canopic jar|structure,1,4996,no,the remains of a canopic jar,structure,obstacle,no
name:the skull of ratha|item,1,3207,no,the skull of Ratha,item,portable,no
name:the statue of the snake god|decoration,1,4850,no,the statue of the snake god,decoration,light_source,no
name:the white king|item,1,3540,no,the white king,item,portable,no
name:the white queen|item,1,3539,no,the white queen,item,portable,no
name:tiled floor|terrain,2,417;423,no,tiled floor,terrain,ground,yes
name:trashed wooden bars|item,2,3145;3146,no,trashed wooden bars,item,unspecified,yes
name:twigs|item,1,3130,no,twigs,item,portable,no
name:void|terrain,1,100,no,void,terrain,ground,no
name:waldos posthorn|usable,1,3219,no,Waldos Posthorn,usable,interactable,no
name:water|terrain,28,635;636;637;638;639;640;641;642;643;644;645;646;1700;1701;1702;1703;1704;1705;1706;1707;1708;1709;1710;1711;1712;1713;1714;1715,no,water,terrain,ground,yes
name:water|usable,1,622,no,water,usable,liquid_source,no
name:wheat|item,2,3651;3652,no,wheat,item,unspecified,yes
name:wheat|usable,1,3653,no,wheat,usable,interactable,no
name:whisper moss|item,1,4827,no,whisper moss,item,portable,no
name:white marble floor|terrain,1,409,no,white marble floor,terrain,ground,no
name:wooden bars|structure,8,2291;2292;2293;2294;2295;2296;2297;2298,no,wooden bars,structure,obstacle,yes
name:wooden floor|item,2,571;572,no,wooden floor,item,unspecified,yes
name:wooden floor|structure,16,439;440;441;442;443;444;445;446;447;448;449;450;589;590;591;592,no,wooden floor,structure,obstacle,yes
name:wooden floor|terrain,28,408;452;453;454;455;456;457;458;459;460;461;462;464;486;487;488;489;490;491;492;493;494;495;496;497;498;563;564,no,wooden floor,terrain,ground,yes
name:wooden stairs|decoration,1,1958,no,wooden stairs,decoration,bottom_overlay,no
name:wooden trash|item,6,3135;3136;3137;3138;3139;3140,no,wooden trash,item,portable,yes
name:wooden trash|structure,1,4849,no,wooden trash,structure,obstacle,no
name:worn leather boots|item,1,3123,no,worn leather boots,item,portable,no
name:your own dead body|item,1,3204,no,your own dead body,item,unspecified,no
