ID,Name,Category,Subcategory,Source,Priority,Status,Mockup Version,Approved Version,Production Version,Representation,Rig,Animation,VFX,Notes
obj:2427,a wardrobe,container,container,./dat/objects.srv,P0,TODO,,,,MESH,NONE,NONE,NONE,
obj:2428,a wardrobe,container,container,./dat/objects.srv,P0,TODO,,,,SHARED_CANDIDATE:obj:2427,NONE,NONE,NONE,
obj:2434,drawers,container,container,./dat/objects.srv,P0,TODO,,,,SHARED_CANDIDATE:obj:2431,NONE,NONE,NONE,
obj:2435,a bookcase,container,container,./dat/objects.srv,P0,TODO,,,,MESH,NONE,NONE,NONE,
obj:2436,a bookcase,container,container,./dat/objects.srv,P0,TODO,,,,SHARED_CANDIDATE:obj:2435,NONE,NONE,NONE,
obj:2437,a bookcase,container,container,./dat/objects.srv,P0,TODO,,,,SHARED_CANDIDATE:obj:2435,NONE,NONE,NONE,
obj:2469,a box,container,container,./dat/objects.srv,P0,TODO,,,,MESH,NONE,NONE,NONE,
obj:2471,a crate,container,container,./dat/objects.srv,P0,TODO,,,,MESH,NONE,NONE,NONE,
obj:2472,a chest,container,container,./dat/objects.srv,P0,TODO,,,,MESH,NONE,NONE,NONE,
obj:2473,a box,container,container,./dat/objects.srv,P0,TODO,,,,SHARED_CANDIDATE:obj:2469,NONE,NONE,NONE,
obj:2523,a barrel,container,container,./dat/objects.srv,P0,TODO,,,,SHARED_CANDIDATE:obj:2519,NONE,NONE,NONE,
obj:1081,a mountain,decoration,bottom_overlay,./dat/objects.srv,P0,TODO,,,,MESH,NONE,NONE,NONE,
obj:1082,a mountain,decoration,bottom_overlay,./dat/objects.srv,P0,TODO,,,,SHARED_CANDIDATE:obj:1081,NONE,NONE,NONE,
obj:1084,a mountain,decoration,bottom_overlay,./dat/objects.srv,P0,TODO,,,,SHARED_CANDIDATE:obj:1081,NONE,NONE,NONE,
obj:1085,a mountain,decoration,bottom_overlay,./dat/objects.srv,P0,TODO,,,,SHARED_CANDIDATE:obj:1081,NONE,NONE,NONE,
obj:1086,a mountain,decoration,bottom_overlay,./dat/objects.srv,P0,TODO,,,,SHARED_CANDIDATE:obj:1081,NONE,NONE,NONE,
obj:1112,a mountain,decoration,bottom_overlay,./dat/objects.srv,P0,TODO,,,,SHARED_CANDIDATE:obj:1081,NONE,NONE,NONE,
obj:1113,a mountain,decoration,bottom_overlay,./dat/objects.srv,P0,TODO,,,,SHARED_CANDIDATE:obj:1081,NONE,NONE,NONE,
obj:1114,a mountain,decoration,bottom_overlay,./dat/objects.srv,P0,TODO,,,,SHARED_CANDIDATE:obj:1081,NONE,NONE,NONE,
obj:1115,a mountain,decoration,bottom_overlay,./dat/objects.srv,P0,TODO,,,,SHARED_CANDIDATE:obj:1081,NONE,NONE,NONE,
obj:1116,a mountain,decoration,bottom_overlay,./dat/objects.srv,P0,TODO,,,,SHARED_CANDIDATE:obj:1081,NONE,NONE,NONE,
obj:1117,a mountain,decoration,bottom_overlay,./dat/objects.srv,P0,TODO,,,,SHARED_CANDIDATE:obj:1081,NONE,NONE,NONE,
obj:1118,a mountain,decoration,bottom_overlay,./dat/objects.srv,P0,TODO,,,,SHARED_CANDIDATE:obj:1081,NONE,NONE,NONE,
obj:1119,a mountain,decoration,bottom_overlay,./dat/objects.srv,P0,TODO,,,,SHARED_CANDIDATE:obj:1081,NONE,NONE,NONE,
obj:1120,a mountain,decoration,bottom_overlay,./dat/objects.srv,P0,TODO,,,,SHARED_CANDIDATE:obj:1081,NONE,NONE,NONE,
obj:1121,a mountain,decoration,bottom_overlay,./dat/objects.srv,P0,TODO,,,,SHARED_CANDIDATE:obj:1081,NONE,NONE,NONE,
obj:1270,a brick wall,decoration,bottom_overlay,./dat/objects.srv,P0,TODO,,,,MESH,NONE,NONE,NONE,
obj:1271,a brick wall,decoration,bottom_overlay,./dat/objects.srv,P0,TODO,,,,SHARED_CANDIDATE:obj:1270,NONE,NONE,NONE,
obj:1272,a brick wall,decoration,bottom_overlay,./dat/objects.srv,P0,TODO,,,,SHARED_CANDIDATE:obj:1270,NONE,NONE,NONE,
obj:1273,a brick wall,decoration,bottom_overlay,./dat/objects.srv,P0,TODO,,,,SHARED_CANDIDATE:obj:1270,NONE,NONE,NONE,
obj:1274,a brick wall,decoration,bottom_overlay,./dat/objects.srv,P0,TODO,,,,SHARED_CANDIDATE:obj:1270,NONE,NONE,NONE,
obj:1275,a brick wall,decoration,bottom_overlay,./dat/objects.srv,P0,TODO,,,,SHARED_CANDIDATE:obj:1270,NONE,NONE,NONE,
obj:1276,a brick wall,decoration,bottom_overlay,./dat/objects.srv,P0,TODO,,,,SHARED_CANDIDATE:obj:1270,NONE,NONE,NONE,
obj:1277,a brick wall,decoration,bottom_overlay,./dat/objects.srv,P0,TODO,,,,SHARED_CANDIDATE:obj:1270,NONE,NONE,NONE,
obj:1278,a brick wall,decoration,bottom_overlay,./dat/objects.srv,P0,TODO,,,,SHARED_CANDIDATE:obj:1270,NONE,NONE,NONE,
obj:1279,a brick wall,decoration,bottom_overlay,./dat/objects.srv,P0,TODO,,,,SHARED_CANDIDATE:obj:1270,NONE,NONE,NONE,
obj:1280,a brick wall,decoration,bottom_overlay,./dat/objects.srv,P0,TODO,,,,SHARED_CANDIDATE:obj:1270,NONE,NONE,NONE,
obj:1281,a framework wall,decoration,bottom_overlay,./dat/objects.srv,P0,TODO,,,,MESH,NONE,NONE,NONE,
obj:1282,a framework wall,decoration,bottom_overlay,./dat/objects.srv,P0,TODO,,,,SHARED_CANDIDATE:obj:1281,NONE,NONE,NONE,
obj:1283,a framework wall,decoration,bottom_overlay,./dat/objects.srv,P0,TODO,,,,SHARED_CANDIDATE:obj:1281,NONE,NONE,NONE,
obj:1284,a framework wall,decoration,bottom_overlay,./dat/objects.srv,P0,TODO,,,,SHARED_CANDIDATE:obj:1281,NONE,NONE,NONE,
obj:1285,a framework wall,decoration,bottom_overlay,./dat/objects.srv,P0,TODO,,,,SHARED_CANDIDATE:obj:1281,NONE,NONE,NONE,
obj:1286,a framework wall,decoration,bottom_overlay,./dat/objects.srv,P0,TODO,,,,SHARED_CANDIDATE:obj:1281,NONE,NONE,NONE,
obj:1287,a framework wall,decoration,bottom_overlay,./dat/objects.srv,P0,TODO,,,,SHARED_CANDIDATE:obj:1281,NONE,NONE,NONE,
obj:1288,a framework wall,decoration,bottom_overlay,./dat/objects.srv,P0,TODO,,,,SHARED_CANDIDATE:obj:1281,NONE,NONE,NONE,
obj:1289,a framework wall,decoration,bottom_overlay,./dat/objects.srv,P0,TODO,,,,SHARED_CANDIDATE:obj:1281,NONE,NONE,NONE,
obj:1290,a framework wall,decoration,bottom_overlay,./dat/objects.srv,P0,TODO,,,,SHARED_CANDIDATE:obj:1281,NONE,NONE,NONE,
obj:1291,a framework wall,decoration,bottom_overlay,./dat/objects.srv,P0,TODO,,,,SHARED_CANDIDATE:obj:1281,NONE,NONE,NONE,
obj:1292,a framework wall,decoration,bottom_overlay,./dat/objects.srv,P0,TODO,,,,SHARED_CANDIDATE:obj:1281,NONE,NONE,NONE,
obj:1293,a framework wall,decoration,bottom_overlay,./dat/objects.srv,P0,TODO,,,,SHARED_CANDIDATE:obj:1281,NONE,NONE,NONE,
obj:1294,a stone wall,decoration,bottom_overlay,./dat/objects.srv,P0,TODO,,,,MESH,NONE,NONE,NONE,
obj:1295,a stone wall,decoration,bottom_overlay,./dat/objects.srv,P0,TODO,,,,SHARED_CANDIDATE:obj:1294,NONE,NONE,NONE,
obj:1296,a stone wall,decoration,bottom_overlay,./dat/objects.srv,P0,TODO,,,,SHARED_CANDIDATE:obj:1294,NONE,NONE,NONE,
obj:1297,a stone wall,decoration,bottom_overlay,./dat/objects.srv,P0,TODO,,,,SHARED_CANDIDATE:obj:1294,NONE,NONE,NONE,
obj:1298,a stone wall,decoration,bottom_overlay,./dat/objects.srv,P0,TODO,,,,SHARED_CANDIDATE:obj:1294,NONE,NONE,NONE,
obj:1299,a stone wall,decoration,bottom_overlay,./dat/objects.srv,P0,TODO,,,,SHARED_CANDIDATE:obj:1294,NONE,NONE,NONE,
obj:1300,a stone wall,decoration,bottom_overlay,./dat/objects.srv,P0,TODO,,,,SHARED_CANDIDATE:obj:1294,NONE,NONE,NONE,
obj:1301,a stone wall,decoration,bottom_overlay,./dat/objects.srv,P0,TODO,,,,SHARED_CANDIDATE:obj:1294,NONE,NONE,NONE,
obj:1302,a stone wall,decoration,bottom_overlay,./dat/objects.srv,P0,TODO,,,,SHARED_CANDIDATE:obj:1294,NONE,NONE,NONE,
obj:1303,a stone wall,decoration,bottom_overlay,./dat/objects.srv,P0,TODO,,,,SHARED_CANDIDATE:obj:1294,NONE,NONE,NONE,
obj:1735,a framework window,decoration,bottom_overlay,./dat/objects.srv,P0,TODO,,,,SHARED_CANDIDATE:obj:1734,NONE,NONE,NONE,
obj:1772,a stone,decoration,bottom_overlay,./dat/objects.srv,P0,TODO,,,,MESH,NONE,NONE,NONE,
obj:1773,a stone,decoration,bottom_overlay,./dat/objects.srv,P0,TODO,,,,SHARED_CANDIDATE:obj:1772,NONE,NONE,NONE,
obj:1774,a stone,decoration,bottom_overlay,./dat/objects.srv,P0,TODO,,,,SHARED_CANDIDATE:obj:1772,NONE,NONE,NONE,
obj:1775,a stone,decoration,bottom_overlay,./dat/objects.srv,P0,TODO,,,,SHARED_CANDIDATE:obj:1772,NONE,NONE,NONE,
obj:1776,a stone,decoration,bottom_overlay,./dat/objects.srv,P0,TODO,,,,SHARED_CANDIDATE:obj:1772,NONE,NONE,NONE,
obj:1777,a stone,decoration,bottom_overlay,./dat/objects.srv,P0,TODO,,,,SHARED_CANDIDATE:obj:1772,NONE,NONE,NONE,
obj:1778,a stone,decoration,bottom_overlay,./dat/objects.srv,P0,TODO,,,,SHARED_CANDIDATE:obj:1772,NONE,NONE,NONE,
obj:1779,a stone,decoration,bottom_overlay,./dat/objects.srv,P0,TODO,,,,SHARED_CANDIDATE:obj:1772,NONE,NONE,NONE,
obj:1787,a stone,decoration,bottom_overlay,./dat/objects.srv,P0,TODO,,,,SHARED_CANDIDATE:obj:1772,NONE,NONE,NONE,
obj:1788,a stone,decoration,bottom_overlay,./dat/objects.srv,P0,TODO,,,,SHARED_CANDIDATE:obj:1772,NONE,NONE,NONE,
obj:1789,a stone,decoration,bottom_overlay,./dat/objects.srv,P0,TODO,,,,SHARED_CANDIDATE:obj:1772,NONE,NONE,NONE,
obj:1790,a stone,decoration,bottom_overlay,./dat/objects.srv,P0,TODO,,,,SHARED_CANDIDATE:obj:1772,NONE,NONE,NONE,
obj:1791,a stone,decoration,bottom_overlay,./dat/objects.srv,P0,TODO,,,,SHARED_CANDIDATE:obj:1772,NONE,NONE,NONE,
obj:1792,a stone,decoration,bottom_overlay,./dat/objects.srv,P0,TODO,,,,SHARED_CANDIDATE:obj:1772,NONE,NONE,NONE,
obj:1793,a stone,decoration,bottom_overlay,./dat/objects.srv,P0,TODO,,,,SHARED_CANDIDATE:obj:1772,NONE,NONE,NONE,
obj:1794,debris,decoration,bottom_overlay,./dat/objects.srv,P0,TODO,,,,MESH,NONE,NONE,NONE,
obj:1795,debris,decoration,bottom_overlay,./dat/objects.srv,P0,TODO,,,,SHARED_CANDIDATE:obj:1794,NONE,NONE,NONE,
obj:1796,debris,decoration,bottom_overlay,./dat/objects.srv,P0,TODO,,,,SHARED_CANDIDATE:obj:1794,NONE,NONE,NONE,
obj:1797,debris,decoration,bottom_overlay,./dat/objects.srv,P0,TODO,,,,SHARED_CANDIDATE:obj:1794,NONE,NONE,NONE,
obj:1798,debris,decoration,bottom_overlay,./dat/objects.srv,P0,TODO,,,,SHARED_CANDIDATE:obj:1794,NONE,NONE,NONE,
obj:1799,debris,decoration,bottom_overlay,./dat/objects.srv,P0,TODO,,,,SHARED_CANDIDATE:obj:1794,NONE,NONE,NONE,
obj:1800,debris,decoration,bottom_overlay,./dat/objects.srv,P0,TODO,,,,SHARED_CANDIDATE:obj:1794,NONE,NONE,NONE,
obj:1808,debris,decoration,bottom_overlay,./dat/objects.srv,P0,TODO,,,,SHARED_CANDIDATE:obj:1794,NONE,NONE,NONE,
obj:1809,debris,decoration,bottom_overlay,./dat/objects.srv,P0,TODO,,,,SHARED_CANDIDATE:obj:1794,NONE,NONE,NONE,
obj:1810,debris,decoration,bottom_overlay,./dat/objects.srv,P0,TODO,,,,SHARED_CANDIDATE:obj:1794,NONE,NONE,NONE,
obj:1811,debris,decoration,bottom_overlay,./dat/objects.srv,P0,TODO,,,,SHARED_CANDIDATE:obj:1794,NONE,NONE,NONE,
obj:1813,debris,decoration,bottom_overlay,./dat/objects.srv,P0,TODO,,,,SHARED_CANDIDATE:obj:1794,NONE,NONE,NONE,
obj:1814,debris,decoration,bottom_overlay,./dat/objects.srv,P0,TODO,,,,SHARED_CANDIDATE:obj:1794,NONE,NONE,NONE,
obj:1815,debris,decoration,bottom_overlay,./dat/objects.srv,P0,TODO,,,,SHARED_CANDIDATE:obj:1794,NONE,NONE,NONE,
obj:1816,debris,decoration,bottom_overlay,./dat/objects.srv,P0,TODO,,,,SHARED_CANDIDATE:obj:1794,NONE,NONE,NONE,
obj:1817,debris,decoration,bottom_overlay,./dat/objects.srv,P0,TODO,,,,SHARED_CANDIDATE:obj:1794,NONE,NONE,NONE,
obj:1818,debris,decoration,bottom_overlay,./dat/objects.srv,P0,TODO,,,,SHARED_CANDIDATE:obj:1794,NONE,NONE,NONE,
obj:1820,debris,decoration,bottom_overlay,./dat/objects.srv,P0,TODO,,,,SHARED_CANDIDATE:obj:1794,NONE,NONE,NONE,
obj:1947,stairs,decoration,bottom_overlay,./dat/objects.srv,P0,TODO,,,,MESH,NONE,NONE,NONE,
obj:1948,a ladder,decoration,bottom_overlay,./dat/objects.srv,P0,TODO,,,,MESH,NONE,NONE,NONE,
obj:1949,a magic forcefield,decoration,light_source,./dat/objects.srv,P0,TODO,,,,MESH,NONE,NONE,NONE,
obj:1950,a ramp,decoration,bottom_overlay,./dat/objects.srv,P0,TODO,,,,MESH,NONE,NONE,NONE,
obj:1951,a ramp,decoration,bottom_overlay,./dat/objects.srv,P0,TODO,,,,SHARED_CANDIDATE:obj:1950,NONE,NONE,NONE,
obj:1952,a ramp,decoration,bottom_overlay,./dat/objects.srv,P0,TODO,,,,SHARED_CANDIDATE:obj:1950,NONE,NONE,NONE,
obj:1953,a ramp,decoration,bottom_overlay,./dat/objects.srv,P0,TODO,,,,SHARED_CANDIDATE:obj:1950,NONE,NONE,NONE,
obj:1958,wooden stairs,decoration,bottom_overlay,./dat/objects.srv,P0,TODO,,,,MESH,NONE,NONE,NONE,
obj:2020,a flag of Tibia,decoration,bottom_overlay,./dat/objects.srv,P0,TODO,,,,MESH,NONE,NONE,NONE,
obj:2109,a street lamp,decoration,light_source,./dat/objects.srv,P0,TODO,,,,SHARED_CANDIDATE:obj:2108,NONE,NONE,NONE,
obj:2110,a coal basin,decoration,light_source,./dat/objects.srv,P0,TODO,,,,MESH,NONE,NONE,NONE,
obj:2113,a coal basin,decoration,light_source,./dat/objects.srv,P0,TODO,,,,SHARED_CANDIDATE:obj:2110,NONE,NONE,NONE,
obj:2153,a marble pillar,decoration,bottom_overlay,./dat/objects.srv,P0,TODO,,,,MESH,NONE,NONE,NONE,
obj:2177,a closed fence gate,decoration,bottom_overlay,./dat/objects.srv,P0,TODO,,,,MESH,NONE,NONE,NONE,
obj:2179,a closed fence gate,decoration,bottom_overlay,./dat/objects.srv,P0,TODO,,,,SHARED_CANDIDATE:obj:2177,NONE,NONE,NONE,
obj:2317,a counter,decoration,bottom_overlay,./dat/objects.srv,P0,TODO,,,,MESH,NONE,NONE,NONE,
obj:2318,a counter,decoration,bottom_overlay,./dat/objects.srv,P0,TODO,,,,SHARED_CANDIDATE:obj:2317,NONE,NONE,NONE,
obj:2320,a counter,decoration,bottom_overlay,./dat/objects.srv,P0,TODO,,,,SHARED_CANDIDATE:obj:2317,NONE,NONE,NONE,
obj:2321,a counter,decoration,bottom_overlay,./dat/objects.srv,P0,TODO,,,,SHARED_CANDIDATE:obj:2317,NONE,NONE,NONE,
obj:2322,a table,decoration,bottom_overlay,./dat/objects.srv,P0,TODO,,,,MESH,NONE,NONE,NONE,
obj:2323,a table,decoration,bottom_overlay,./dat/objects.srv,P0,TODO,,,,SHARED_CANDIDATE:obj:2322,NONE,NONE,NONE,
obj:2324,a table,decoration,bottom_overlay,./dat/objects.srv,P0,TODO,,,,SHARED_CANDIDATE:obj:2322,NONE,NONE,NONE,
obj:2325,a table,decoration,bottom_overlay,./dat/objects.srv,P0,TODO,,,,SHARED_CANDIDATE:obj:2322,NONE,NONE,NONE,
obj:2326,a table,decoration,bottom_overlay,./dat/objects.srv,P0,TODO,,,,SHARED_CANDIDATE:obj:2322,NONE,NONE,NONE,
obj:2327,a table,decoration,bottom_overlay,./dat/objects.srv,P0,TODO,,,,SHARED_CANDIDATE:obj:2322,NONE,NONE,NONE,
obj:2329,a table,decoration,bottom_overlay,./dat/objects.srv,P0,TODO,,,,SHARED_CANDIDATE:obj:2322,NONE,NONE,NONE,
obj:2330,a table,decoration,bottom_overlay,./dat/objects.srv,P0,TODO,,,,SHARED_CANDIDATE:obj:2322,NONE,NONE,NONE,
obj:2331,a table,decoration,bottom_overlay,./dat/objects.srv,P0,TODO,,,,SHARED_CANDIDATE:obj:2322,NONE,NONE,NONE,
obj:2535,an oven,decoration,light_source,./dat/objects.srv,P0,TODO,,,,MESH,NONE,NONE,NONE,
obj:2908,a lit wall lamp,decoration,light_source,./dat/objects.srv,P0,TODO,,,,MESH,NONE,NONE,NONE,
obj:2910,a lit wall lamp,decoration,light_source,./dat/objects.srv,P0,TODO,,,,SHARED_CANDIDATE:obj:2908,NONE,NONE,NONE,
obj:2929,a lit torch bearer,decoration,light_source,./dat/objects.srv,P0,TODO,,,,MESH,NONE,NONE,NONE,
obj:2931,a lit torch bearer,decoration,light_source,./dat/objects.srv,P0,TODO,,,,SHARED_CANDIDATE:obj:2929,NONE,NONE,NONE,
obj:3614,a fir tree,decoration,bottom_overlay,./dat/objects.srv,P0,TODO,,,,MESH,NONE,NONE,NONE,
obj:3615,a sycamore,decoration,bottom_overlay,./dat/objects.srv,P0,TODO,,,,MESH,NONE,NONE,NONE,
obj:3616,a willow,decoration,bottom_overlay,./dat/objects.srv,P0,TODO,,,,MESH,NONE,NONE,NONE,
obj:3617,a plum tree,decoration,bottom_overlay,./dat/objects.srv,P0,TODO,,,,MESH,NONE,NONE,NONE,
obj:3621,a beech,decoration,bottom_overlay,./dat/objects.srv,P0,TODO,,,,MESH,NONE,NONE,NONE,
obj:3622,a poplar,decoration,bottom_overlay,./dat/objects.srv,P0,TODO,,,,MESH,NONE,NONE,NONE,
obj:3625,a dwarf tree,decoration,bottom_overlay,./dat/objects.srv,P0,TODO,,,,MESH,NONE,NONE,NONE,
obj:3681,a bush,decoration,bottom_overlay,./dat/objects.srv,P0,TODO,,,,MESH,NONE,NONE,NONE,
obj:3682,a small fir tree,decoration,bottom_overlay,./dat/objects.srv,P0,TODO,,,,MESH,NONE,NONE,NONE,
obj:3683,a shadow plant,decoration,bottom_overlay,./dat/objects.srv,P0,TODO,,,,MESH,NONE,NONE,NONE,
obj:3684,a branch,decoration,bottom_overlay,./dat/objects.srv,P0,TODO,,,,MESH,NONE,NONE,NONE,
obj:3685,a swamp plant,decoration,bottom_overlay,./dat/objects.srv,P0,TODO,,,,MESH,NONE,NONE,NONE,
obj:3686,a swamp plant,decoration,bottom_overlay,./dat/objects.srv,P0,TODO,,,,SHARED_CANDIDATE:obj:3685,NONE,NONE,NONE,
obj:3687,a swamp plant,decoration,bottom_overlay,./dat/objects.srv,P0,TODO,,,,SHARED_CANDIDATE:obj:3685,NONE,NONE,NONE,
obj:3688,a swamp plant,decoration,bottom_overlay,./dat/objects.srv,P0,TODO,,,,SHARED_CANDIDATE:obj:3685,NONE,NONE,NONE,
obj:3689,a swamp plant,decoration,bottom_overlay,./dat/objects.srv,P0,TODO,,,,SHARED_CANDIDATE:obj:3685,NONE,NONE,NONE,
obj:3690,a swamp plant,decoration,bottom_overlay,./dat/objects.srv,P0,TODO,,,,SHARED_CANDIDATE:obj:3685,NONE,NONE,NONE,
obj:3691,a swamp plant,decoration,bottom_overlay,./dat/objects.srv,P0,TODO,,,,SHARED_CANDIDATE:obj:3685,NONE,NONE,NONE,
obj:3692,a swamp plant,decoration,bottom_overlay,./dat/objects.srv,P0,TODO,,,,SHARED_CANDIDATE:obj:3685,NONE,NONE,NONE,
obj:3693,a swamp plant,decoration,bottom_overlay,./dat/objects.srv,P0,TODO,,,,SHARED_CANDIDATE:obj:3685,NONE,NONE,NONE,
obj:3694,a swamp plant,decoration,bottom_overlay,./dat/objects.srv,P0,TODO,,,,SHARED_CANDIDATE:obj:3685,NONE,NONE,NONE,
obj:3699,a blueberry bush,decoration,bottom_overlay,./dat/objects.srv,P0,TODO,,,,MESH,NONE,NONE,NONE,
obj:4457,a mountain,decoration,bottom_overlay,./dat/objects.srv,P0,TODO,,,,SHARED_CANDIDATE:obj:1081,NONE,NONE,NONE,
obj:4458,a mountain,decoration,bottom_overlay,./dat/objects.srv,P0,TODO,,,,SHARED_CANDIDATE:obj:1081,NONE,NONE,NONE,
obj:4459,a mountain,decoration,bottom_overlay,./dat/objects.srv,P0,TODO,,,,SHARED_CANDIDATE:obj:1081,NONE,NONE,NONE,
obj:4460,a mountain,decoration,bottom_overlay,./dat/objects.srv,P0,TODO,,,,SHARED_CANDIDATE:obj:1081,NONE,NONE,NONE,
obj:4461,a mountain,decoration,bottom_overlay,./dat/objects.srv,P0,TODO,,,,SHARED_CANDIDATE:obj:1081,NONE,NONE,NONE,
obj:4462,a mountain,decoration,bottom_overlay,./dat/objects.srv,P0,TODO,,,,SHARED_CANDIDATE:obj:1081,NONE,NONE,NONE,
obj:4463,a mountain,decoration,bottom_overlay,./dat/objects.srv,P0,TODO,,,,SHARED_CANDIDATE:obj:1081,NONE,NONE,NONE,
obj:4464,a mountain,decoration,bottom_overlay,./dat/objects.srv,P0,TODO,,,,SHARED_CANDIDATE:obj:1081,NONE,NONE,NONE,
obj:4465,a mountain,decoration,bottom_overlay,./dat/objects.srv,P0,TODO,,,,SHARED_CANDIDATE:obj:1081,NONE,NONE,NONE,
obj:4466,a mountain,decoration,bottom_overlay,./dat/objects.srv,P0,TODO,,,,SHARED_CANDIDATE:obj:1081,NONE,NONE,NONE,
obj:4467,a mountain,decoration,bottom_overlay,./dat/objects.srv,P0,TODO,,,,SHARED_CANDIDATE:obj:1081,NONE,NONE,NONE,
obj:4468,a mountain,decoration,bottom_overlay,./dat/objects.srv,P0,TODO,,,,SHARED_CANDIDATE:obj:1081,NONE,NONE,NONE,
obj:4815,a mountain,decoration,bottom_overlay,./dat/objects.srv,P0,TODO,,,,SHARED_CANDIDATE:obj:1081,NONE,NONE,NONE,
obj:4816,a mountain,decoration,bottom_overlay,./dat/objects.srv,P0,TODO,,,,SHARED_CANDIDATE:obj:1081,NONE,NONE,NONE,
obj:2123,a fire,effect_object,magic_field,./dat/objects.srv,P0,TODO,,,,SHARED_CANDIDATE:obj:2118,NONE,NONE,REQUIRED,
obj:2126,an energy field,effect_object,magic_field,./dat/objects.srv,P0,TODO,,,,SHARED_CANDIDATE:obj:2122,NONE,NONE,REQUIRED,
obj:3272,a rapier,equipment,weapon,./dat/objects.srv,P0,TODO,,,,MESH,NONE,NONE,NONE,
obj:3294,a short sword,equipment,weapon,./dat/objects.srv,P0,TODO,,,,MESH,NONE,NONE,NONE,
obj:3355,a leather helmet,equipment,armor,./dat/objects.srv,P0,TODO,,,,MESH,NONE,NONE,NONE,
obj:3361,a leather armor,equipment,armor,./dat/objects.srv,P0,TODO,,,,MESH,NONE,NONE,NONE,
obj:3552,leather boots,equipment,armor,./dat/objects.srv,P0,TODO,,,,MESH,NONE,NONE,NONE,
obj:1782,a stone,item,portable,./dat/objects.srv,P0,TODO,,,,SHARED_CANDIDATE:obj:1780,NONE,NONE,NONE,
obj:2030,a goblin statue,item,unspecified,./dat/objects.srv,P0,TODO,,,,MESH,NONE,NONE,NONE,
obj:2319,a small table,item,unspecified,./dat/objects.srv,P0,TODO,,,,MESH,NONE,NONE,NONE,
obj:2359,a wooden chair,item,unspecified,./dat/objects.srv,P0,TODO,,,,SHARED_CANDIDATE:obj:2358,NONE,NONE,NONE,
obj:2361,a wooden chair,item,unspecified,./dat/objects.srv,P0,TODO,,,,SHARED_CANDIDATE:obj:2358,NONE,NONE,NONE,
obj:2370,a bench,item,unspecified,./dat/objects.srv,P0,TODO,,,,MESH,NONE,NONE,NONE,
obj:2371,a bench,item,unspecified,./dat/objects.srv,P0,TODO,,,,SHARED_CANDIDATE:obj:2370,NONE,NONE,NONE,
obj:2372,a bench,item,unspecified,./dat/objects.srv,P0,TODO,,,,SHARED_CANDIDATE:obj:2370,NONE,NONE,NONE,
obj:2373,a bench,item,unspecified,./dat/objects.srv,P0,TODO,,,,SHARED_CANDIDATE:obj:2370,NONE,NONE,NONE,
obj:2599,a tapestry,item,unspecified,./dat/objects.srv,P0,TODO,,,,MESH,NONE,NONE,NONE,
obj:2894,a broken flask,item,portable,./dat/objects.srv,P0,TODO,,,,SHARED_CANDIDATE:obj:2878,NONE,NONE,NONE,
obj:2982,an indoor plant,item,unspecified,./dat/objects.srv,P0,TODO,,,,MESH,NONE,NONE,NONE,
obj:2983,a flower bowl,item,portable,./dat/objects.srv,P0,TODO,,,,MESH,NONE,NONE,NONE,
obj:3105,a dirty fur,item,portable,./dat/objects.srv,P0,TODO,,,,MESH,NONE,NONE,NONE,
obj:3106,an old twig,item,portable,./dat/objects.srv,P0,TODO,,,,MESH,NONE,NONE,NONE,
obj:3108,rubbish,item,portable,./dat/objects.srv,P0,TODO,,,,MESH,NONE,NONE,NONE,
obj:3111,a fishbone,item,portable,./dat/objects.srv,P0,TODO,,,,MESH,NONE,NONE,NONE,
obj:3112,rotten meat,item,portable,./dat/objects.srv,P0,TODO,,,,MESH,NONE,NONE,NONE,
obj:3471,a cleaver,item,portable,./dat/objects.srv,P0,TODO,,,,MESH,NONE,NONE,NONE,
obj:3654,moon flowers,item,unspecified,./dat/objects.srv,P0,TODO,,,,MESH,NONE,NONE,NONE,
obj:3655,a moon flower,item,portable,./dat/objects.srv,P0,TODO,,,,MESH,NONE,NONE,NONE,
obj:3657,a heaven blossom,item,unspecified,./dat/objects.srv,P0,TODO,,,,MESH,NONE,NONE,NONE,
obj:4254,a pile of bones,item,portable,./dat/objects.srv,P0,TODO,,,,MESH,NONE,NONE,NONE,
obj:4256,a dead rat,item,portable,./dat/objects.srv,P0,TODO,,,,MESH,NONE,NONE,NONE,
obj:4257,a dead rat,item,portable,./dat/objects.srv,P0,TODO,,,,SHARED_CANDIDATE:obj:4256,NONE,NONE,NONE,
obj:4258,a dead rat,item,portable,./dat/objects.srv,P0,TODO,,,,SHARED_CANDIDATE:obj:4256,NONE,NONE,NONE,
obj:5048,a flat roof,item,unspecified,./dat/objects.srv,P0,TODO,,,,SHARED_CANDIDATE:obj:5045,NONE,NONE,NONE,
obj:5049,a flat roof,item,unspecified,./dat/objects.srv,P0,TODO,,,,SHARED_CANDIDATE:obj:5045,NONE,NONE,NONE,
obj:5050,a flat roof,item,unspecified,./dat/objects.srv,P0,TODO,,,,SHARED_CANDIDATE:obj:5045,NONE,NONE,NONE,
obj:5052,a flat roof,item,unspecified,./dat/objects.srv,P0,TODO,,,,SHARED_CANDIDATE:obj:5045,NONE,NONE,NONE,
obj:5053,a flat roof,item,unspecified,./dat/objects.srv,P0,TODO,,,,SHARED_CANDIDATE:obj:5045,NONE,NONE,NONE,
obj:5054,a flat roof,item,unspecified,./dat/objects.srv,P0,TODO,,,,SHARED_CANDIDATE:obj:5045,NONE,NONE,NONE,
obj:2831,a book,readable,text,./dat/objects.srv,P0,TODO,,,,SHARED_CANDIDATE:obj:2816,NONE,NONE,NONE,
obj:1123,a mountain,structure,top_overlay,./dat/objects.srv,P0,TODO,,,,MESH,NONE,NONE,NONE,
obj:1124,a mountain,structure,top_overlay,./dat/objects.srv,P0,TODO,,,,SHARED_CANDIDATE:obj:1123,NONE,NONE,NONE,
obj:1125,a mountain,structure,top_overlay,./dat/objects.srv,P0,TODO,,,,SHARED_CANDIDATE:obj:1123,NONE,NONE,NONE,
obj:1126,a mountain,structure,top_overlay,./dat/objects.srv,P0,TODO,,,,SHARED_CANDIDATE:obj:1123,NONE,NONE,NONE,
obj:1153,a flat roof,structure,obstacle,./dat/objects.srv,P0,TODO,,,,MESH,NONE,NONE,NONE,
obj:1154,a flat roof,structure,obstacle,./dat/objects.srv,P0,TODO,,,,SHARED_CANDIDATE:obj:1153,NONE,NONE,NONE,
obj:1155,a flat roof,structure,obstacle,./dat/objects.srv,P0,TODO,,,,SHARED_CANDIDATE:obj:1153,NONE,NONE,NONE,
obj:1160,a tiled roof,structure,obstacle,./dat/objects.srv,P0,TODO,,,,SHARED_CANDIDATE:obj:1157,NONE,NONE,NONE,
obj:1164,a tiled roof,structure,obstacle,./dat/objects.srv,P0,TODO,,,,SHARED_CANDIDATE:obj:1157,NONE,NONE,NONE,
obj:1165,a tiled roof,structure,obstacle,./dat/objects.srv,P0,TODO,,,,SHARED_CANDIDATE:obj:1157,NONE,NONE,NONE,
obj:1628,a closed door,structure,door,./dat/objects.srv,P0,TODO,,,,MESH,NONE,NONE,NONE,
obj:1629,a closed door,structure,door,./dat/objects.srv,P0,TODO,,,,SHARED_CANDIDATE:obj:1628,NONE,NONE,NONE,
obj:1632,a closed door,structure,door,./dat/objects.srv,P0,TODO,,,,SHARED_CANDIDATE:obj:1628,NONE,NONE,NONE,
obj:1633,an open door,structure,door,./dat/objects.srv,P0,TODO,,,,SHARED_CANDIDATE:obj:1630,NONE,NONE,NONE,
obj:1634,a buttress,structure,top_overlay,./dat/objects.srv,P0,TODO,,,,MESH,NONE,NONE,NONE,
obj:1635,a buttress,structure,top_overlay,./dat/objects.srv,P0,TODO,,,,SHARED_CANDIDATE:obj:1634,NONE,NONE,NONE,
obj:1636,a buttress,structure,top_overlay,./dat/objects.srv,P0,TODO,,,,SHARED_CANDIDATE:obj:1634,NONE,NONE,NONE,
obj:1637,a buttress,structure,top_overlay,./dat/objects.srv,P0,TODO,,,,SHARED_CANDIDATE:obj:1634,NONE,NONE,NONE,
obj:2026,a statue,structure,obstacle,./dat/objects.srv,P0,TODO,,,,MESH,NONE,NONE,NONE,
obj:2154,a wooden railing,structure,obstacle,./dat/objects.srv,P0,TODO,,,,MESH,NONE,NONE,NONE,
obj:2155,a wooden railing,structure,obstacle,./dat/objects.srv,P0,TODO,,,,SHARED_CANDIDATE:obj:2154,NONE,NONE,NONE,
obj:2156,a wooden railing,structure,obstacle,./dat/objects.srv,P0,TODO,,,,SHARED_CANDIDATE:obj:2154,NONE,NONE,NONE,
obj:2157,a wooden railing,structure,obstacle,./dat/objects.srv,P0,TODO,,,,SHARED_CANDIDATE:obj:2154,NONE,NONE,NONE,
obj:2158,a wooden railing,structure,obstacle,./dat/objects.srv,P0,TODO,,,,SHARED_CANDIDATE:obj:2154,NONE,NONE,NONE,
obj:2159,a wooden railing,structure,obstacle,./dat/objects.srv,P0,TODO,,,,SHARED_CANDIDATE:obj:2154,NONE,NONE,NONE,
obj:2162,a stone railing,structure,obstacle,./dat/objects.srv,P0,TODO,,,,MESH,NONE,NONE,NONE,
obj:2164,a stone railing,structure,obstacle,./dat/objects.srv,P0,TODO,,,,SHARED_CANDIDATE:obj:2162,NONE,NONE,NONE,
obj:2166,a stone railing,structure,obstacle,./dat/objects.srv,P0,TODO,,,,SHARED_CANDIDATE:obj:2162,NONE,NONE,NONE,
obj:2168,a stone railing,structure,obstacle,./dat/objects.srv,P0,TODO,,,,SHARED_CANDIDATE:obj:2162,NONE,NONE,NONE,
obj:2171,a fence,structure,obstacle,./dat/objects.srv,P0,TODO,,,,MESH,NONE,NONE,NONE,
obj:2172,a fence,structure,obstacle,./dat/objects.srv,P0,TODO,,,,SHARED_CANDIDATE:obj:2171,NONE,NONE,NONE,
obj:2173,a fence,structure,obstacle,./dat/objects.srv,P0,TODO,,,,SHARED_CANDIDATE:obj:2171,NONE,NONE,NONE,
obj:2174,a fence,structure,obstacle,./dat/objects.srv,P0,TODO,,,,SHARED_CANDIDATE:obj:2171,NONE,NONE,NONE,
obj:2184,bars,structure,obstacle,./dat/objects.srv,P0,TODO,,,,MESH,NONE,NONE,NONE,
obj:2488,a bed,structure,obstacle,./dat/objects.srv,P0,TODO,,,,MESH,NONE,NONE,NONE,
obj:2526,a dustbin,structure,obstacle,./dat/objects.srv,P0,TODO,,,,MESH,NONE,NONE,NONE,
obj:439,wooden floor,structure,obstacle,./dat/objects.srv,P0,TODO,,,,MESH,NONE,NONE,NONE,
obj:440,wooden floor,structure,obstacle,./dat/objects.srv,P0,TODO,,,,SHARED_CANDIDATE:obj:439,NONE,NONE,NONE,
obj:441,wooden floor,structure,obstacle,./dat/objects.srv,P0,TODO,,,,SHARED_CANDIDATE:obj:439,NONE,NONE,NONE,
obj:442,wooden floor,structure,obstacle,./dat/objects.srv,P0,TODO,,,,SHARED_CANDIDATE:obj:439,NONE,NONE,NONE,
obj:443,wooden floor,structure,obstacle,./dat/objects.srv,P0,TODO,,,,SHARED_CANDIDATE:obj:439,NONE,NONE,NONE,
obj:444,wooden floor,structure,obstacle,./dat/objects.srv,P0,TODO,,,,SHARED_CANDIDATE:obj:439,NONE,NONE,NONE,
obj:445,wooden floor,structure,obstacle,./dat/objects.srv,P0,TODO,,,,SHARED_CANDIDATE:obj:439,NONE,NONE,NONE,
obj:446,wooden floor,structure,obstacle,./dat/objects.srv,P0,TODO,,,,SHARED_CANDIDATE:obj:439,NONE,NONE,NONE,
obj:447,wooden floor,structure,obstacle,./dat/objects.srv,P0,TODO,,,,SHARED_CANDIDATE:obj:439,NONE,NONE,NONE,
obj:448,wooden floor,structure,obstacle,./dat/objects.srv,P0,TODO,,,,SHARED_CANDIDATE:obj:439,NONE,NONE,NONE,
obj:449,wooden floor,structure,obstacle,./dat/objects.srv,P0,TODO,,,,SHARED_CANDIDATE:obj:439,NONE,NONE,NONE,
obj:450,wooden floor,structure,obstacle,./dat/objects.srv,P0,TODO,,,,SHARED_CANDIDATE:obj:439,NONE,NONE,NONE,
obj:101,earth,terrain,ground,./dat/objects.srv,P0,TODO,,,,MESH,NONE,NONE,NONE,
obj:103,dirt,terrain,ground,./dat/objects.srv,P0,TODO,,,,MESH,NONE,NONE,NONE,
obj:1099,a mountain,terrain,ground,./dat/objects.srv,P0,TODO,,,,MESH,NONE,NONE,NONE,
obj:1100,rocks,terrain,border,./dat/objects.srv,P0,TODO,,,,MESH,NONE,NONE,NONE,
obj:1101,rocks,terrain,border,./dat/objects.srv,P0,TODO,,,,SHARED_CANDIDATE:obj:1100,NONE,NONE,NONE,
obj:1102,rocks,terrain,border,./dat/objects.srv,P0,TODO,,,,SHARED_CANDIDATE:obj:1100,NONE,NONE,NONE,
obj:1103,rocks,terrain,border,./dat/objects.srv,P0,TODO,,,,SHARED_CANDIDATE:obj:1100,NONE,NONE,NONE,
obj:1104,rocks,terrain,border,./dat/objects.srv,P0,TODO,,,,SHARED_CANDIDATE:obj:1100,NONE,NONE,NONE,
obj:1105,rocks,terrain,border,./dat/objects.srv,P0,TODO,,,,SHARED_CANDIDATE:obj:1100,NONE,NONE,NONE,
obj:1106,rocks,terrain,border,./dat/objects.srv,P0,TODO,,,,SHARED_CANDIDATE:obj:1100,NONE,NONE,NONE,
obj:1107,rocks,terrain,border,./dat/objects.srv,P0,TODO,,,,SHARED_CANDIDATE:obj:1100,NONE,NONE,NONE,
obj:1108,rocks,terrain,border,./dat/objects.srv,P0,TODO,,,,SHARED_CANDIDATE:obj:1100,NONE,NONE,NONE,
obj:1109,rocks,terrain,border,./dat/objects.srv,P0,TODO,,,,SHARED_CANDIDATE:obj:1100,NONE,NONE,NONE,
obj:1110,rocks,terrain,border,./dat/objects.srv,P0,TODO,,,,SHARED_CANDIDATE:obj:1100,NONE,NONE,NONE,
obj:1111,rocks,terrain,border,./dat/objects.srv,P0,TODO,,,,SHARED_CANDIDATE:obj:1100,NONE,NONE,NONE,
obj:1127,a mountain,terrain,ground,./dat/objects.srv,P0,TODO,,,,MESH,NONE,NONE,NONE,
obj:1152,a flat roof,terrain,ground,./dat/objects.srv,P0,TODO,,,,MESH,NONE,NONE,NONE,
obj:1159,a tiled roof,terrain,ground,./dat/objects.srv,P0,TODO,,,,SHARED_CANDIDATE:obj:1158,NONE,NONE,NONE,
obj:1771,a drawbridge,terrain,ground,./dat/objects.srv,P0,TODO,,,,MESH,NONE,NONE,NONE,
obj:2572,a red carpet,terrain,border,./dat/objects.srv,P0,TODO,,,,MESH,NONE,NONE,NONE,
obj:2573,a red carpet,terrain,border,./dat/objects.srv,P0,TODO,,,,SHARED_CANDIDATE:obj:2572,NONE,NONE,NONE,
obj:2574,a red carpet,terrain,border,./dat/objects.srv,P0,TODO,,,,SHARED_CANDIDATE:obj:2572,NONE,NONE,NONE,
obj:2575,a red carpet,terrain,border,./dat/objects.srv,P0,TODO,,,,SHARED_CANDIDATE:obj:2572,NONE,NONE,NONE,
obj:2576,a red carpet,terrain,border,./dat/objects.srv,P0,TODO,,,,SHARED_CANDIDATE:obj:2572,NONE,NONE,NONE,
obj:2577,a red carpet,terrain,border,./dat/objects.srv,P0,TODO,,,,SHARED_CANDIDATE:obj:2572,NONE,NONE,NONE,
obj:2578,a red carpet,terrain,border,./dat/objects.srv,P0,TODO,,,,SHARED_CANDIDATE:obj:2572,NONE,NONE,NONE,
obj:2579,a red carpet,terrain,border,./dat/objects.srv,P0,TODO,,,,SHARED_CANDIDATE:obj:2572,NONE,NONE,NONE,
obj:2580,a red carpet,terrain,border,./dat/objects.srv,P0,TODO,,,,SHARED_CANDIDATE:obj:2572,NONE,NONE,NONE,
obj:293,grass,terrain,ground,./dat/objects.srv,P0,TODO,,,,SHARED_CANDIDATE:obj:102,NONE,NONE,NONE,
obj:351,dirt floor,terrain,ground,./dat/objects.srv,P0,TODO,,,,SHARED_CANDIDATE:obj:280,NONE,NONE,NONE,
obj:352,dirt floor,terrain,ground,./dat/objects.srv,P0,TODO,,,,SHARED_CANDIDATE:obj:280,NONE,NONE,NONE,
obj:353,dirt floor,terrain,ground,./dat/objects.srv,P0,TODO,,,,SHARED_CANDIDATE:obj:280,NONE,NONE,NONE,
obj:354,muddy floor,terrain,ground,./dat/objects.srv,P0,TODO,,,,MESH,NONE,NONE,NONE,
obj:356,a dirt wall,terrain,ground,./dat/objects.srv,P0,TODO,,,,MESH,NONE,NONE,NONE,
obj:357,a dirt wall,terrain,ground,./dat/objects.srv,P0,TODO,,,,SHARED_CANDIDATE:obj:356,NONE,NONE,NONE,
obj:358,a dirt wall,terrain,ground,./dat/objects.srv,P0,TODO,,,,SHARED_CANDIDATE:obj:356,NONE,NONE,NONE,
obj:359,a dirt wall,terrain,ground,./dat/objects.srv,P0,TODO,,,,SHARED_CANDIDATE:obj:356,NONE,NONE,NONE,
obj:360,a dirt wall,terrain,ground,./dat/objects.srv,P0,TODO,,,,SHARED_CANDIDATE:obj:356,NONE,NONE,NONE,
obj:361,a dirt wall,terrain,ground,./dat/objects.srv,P0,TODO,,,,SHARED_CANDIDATE:obj:356,NONE,NONE,NONE,
obj:362,a dirt wall,terrain,ground,./dat/objects.srv,P0,TODO,,,,SHARED_CANDIDATE:obj:356,NONE,NONE,NONE,
obj:363,a dirt wall,terrain,ground,./dat/objects.srv,P0,TODO,,,,SHARED_CANDIDATE:obj:356,NONE,NONE,NONE,
obj:364,a dirt wall,terrain,ground,./dat/objects.srv,P0,TODO,,,,SHARED_CANDIDATE:obj:356,NONE,NONE,NONE,
obj:365,a dirt wall,terrain,ground,./dat/objects.srv,P0,TODO,,,,SHARED_CANDIDATE:obj:356,NONE,NONE,NONE,
obj:366,a dirt wall,terrain,ground,./dat/objects.srv,P0,TODO,,,,SHARED_CANDIDATE:obj:356,NONE,NONE,NONE,
obj:367,a dirt wall,terrain,ground,./dat/objects.srv,P0,TODO,,,,SHARED_CANDIDATE:obj:356,NONE,NONE,NONE,
obj:368,earth ground,terrain,ground,./dat/objects.srv,P0,TODO,,,,MESH,NONE,NONE,NONE,
obj:369,a trapdoor,terrain,ground,./dat/objects.srv,P0,TODO,,,,MESH,NONE,NONE,NONE,
obj:373,a stone wall,terrain,ground,./dat/objects.srv,P0,TODO,,,,MESH,NONE,NONE,NONE,
obj:374,a stone wall,terrain,ground,./dat/objects.srv,P0,TODO,,,,SHARED_CANDIDATE:obj:373,NONE,NONE,NONE,
obj:375,a stone wall,terrain,ground,./dat/objects.srv,P0,TODO,,,,SHARED_CANDIDATE:obj:373,NONE,NONE,NONE,
obj:376,a stone wall,terrain,ground,./dat/objects.srv,P0,TODO,,,,SHARED_CANDIDATE:obj:373,NONE,NONE,NONE,
obj:377,a stone wall,terrain,ground,./dat/objects.srv,P0,TODO,,,,SHARED_CANDIDATE:obj:373,NONE,NONE,NONE,
obj:378,a stone wall,terrain,ground,./dat/objects.srv,P0,TODO,,,,SHARED_CANDIDATE:obj:373,NONE,NONE,NONE,
obj:379,a stone wall,terrain,ground,./dat/objects.srv,P0,TODO,,,,SHARED_CANDIDATE:obj:373,NONE,NONE,NONE,
obj:380,a stone wall,terrain,ground,./dat/objects.srv,P0,TODO,,,,SHARED_CANDIDATE:obj:373,NONE,NONE,NONE,
obj:381,a stone wall,terrain,ground,./dat/objects.srv,P0,TODO,,,,SHARED_CANDIDATE:obj:373,NONE,NONE,NONE,
obj:382,a stone wall,terrain,ground,./dat/objects.srv,P0,TODO,,,,SHARED_CANDIDATE:obj:373,NONE,NONE,NONE,
obj:383,a stone wall,terrain,ground,./dat/objects.srv,P0,TODO,,,,SHARED_CANDIDATE:obj:373,NONE,NONE,NONE,
obj:384,a stone wall,terrain,ground,./dat/objects.srv,P0,TODO,,,,SHARED_CANDIDATE:obj:373,NONE,NONE,NONE,
obj:385,a hole,terrain,ground,./dat/objects.srv,P0,TODO,,,,MESH,NONE,NONE,NONE,
obj:408,wooden floor,terrain,ground,./dat/objects.srv,P0,TODO,,,,MESH,NONE,NONE,NONE,
obj:409,white marble floor,terrain,ground,./dat/objects.srv,P0,TODO,,,,MESH,NONE,NONE,NONE,
obj:410,black marble floor,terrain,ground,./dat/objects.srv,P0,TODO,,,,MESH,NONE,NONE,NONE,
obj:411,a trapdoor,terrain,ground,./dat/objects.srv,P0,TODO,,,,SHARED_CANDIDATE:obj:369,NONE,NONE,NONE,
obj:412,a trapdoor,terrain,ground,./dat/objects.srv,P0,TODO,,,,SHARED_CANDIDATE:obj:369,NONE,NONE,NONE,
obj:413,stairs,terrain,ground,./dat/objects.srv,P0,TODO,,,,MESH,NONE,NONE,NONE,
obj:428,stairs,terrain,ground,./dat/objects.srv,P0,TODO,,,,SHARED_CANDIDATE:obj:413,NONE,NONE,NONE,
obj:429,a stone tile,terrain,ground,./dat/objects.srv,P0,TODO,,,,SHARED_CANDIDATE:obj:419,NONE,NONE,NONE,
obj:432,a trapdoor,terrain,ground,./dat/objects.srv,P0,TODO,,,,SHARED_CANDIDATE:obj:369,NONE,NONE,NONE,
obj:434,stairs,terrain,ground,./dat/objects.srv,P0,TODO,,,,SHARED_CANDIDATE:obj:413,NONE,NONE,NONE,
obj:436,stone floor,terrain,ground,./dat/objects.srv,P0,TODO,,,,SHARED_CANDIDATE:obj:416,NONE,NONE,NONE,
obj:437,stairs,terrain,ground,./dat/objects.srv,P0,TODO,,,,SHARED_CANDIDATE:obj:413,NONE,NONE,NONE,
obj:438,stairs,terrain,ground,./dat/objects.srv,P0,TODO,,,,SHARED_CANDIDATE:obj:413,NONE,NONE,NONE,
obj:4394,rock soil,terrain,ground,./dat/objects.srv,P0,TODO,,,,SHARED_CANDIDATE:obj:107,NONE,NONE,NONE,
obj:4395,rock soil,terrain,ground,./dat/objects.srv,P0,TODO,,,,SHARED_CANDIDATE:obj:107,NONE,NONE,NONE,
obj:4396,rock soil,terrain,ground,./dat/objects.srv,P0,TODO,,,,SHARED_CANDIDATE:obj:107,NONE,NONE,NONE,
obj:4397,rock soil,terrain,ground,./dat/objects.srv,P0,TODO,,,,SHARED_CANDIDATE:obj:107,NONE,NONE,NONE,
obj:4398,rock soil,terrain,ground,./dat/objects.srv,P0,TODO,,,,SHARED_CANDIDATE:obj:107,NONE,NONE,NONE,
obj:4399,rock soil,terrain,ground,./dat/objects.srv,P0,TODO,,,,SHARED_CANDIDATE:obj:107,NONE,NONE,NONE,
obj:4400,rock soil,terrain,ground,./dat/objects.srv,P0,TODO,,,,SHARED_CANDIDATE:obj:107,NONE,NONE,NONE,
obj:4401,rock soil,terrain,ground,./dat/objects.srv,P0,TODO,,,,SHARED_CANDIDATE:obj:107,NONE,NONE,NONE,
obj:4402,rock soil,terrain,ground,./dat/objects.srv,P0,TODO,,,,SHARED_CANDIDATE:obj:107,NONE,NONE,NONE,
obj:4403,rock soil,terrain,ground,./dat/objects.srv,P0,TODO,,,,SHARED_CANDIDATE:obj:107,NONE,NONE,NONE,
obj:4404,rock soil,terrain,ground,./dat/objects.srv,P0,TODO,,,,SHARED_CANDIDATE:obj:107,NONE,NONE,NONE,
obj:4405,rock soil,terrain,ground,./dat/objects.srv,P0,TODO,,,,SHARED_CANDIDATE:obj:107,NONE,NONE,NONE,
obj:4406,rock soil,terrain,ground,./dat/objects.srv,P0,TODO,,,,SHARED_CANDIDATE:obj:107,NONE,NONE,NONE,
obj:4407,rock soil,terrain,ground,./dat/objects.srv,P0,TODO,,,,SHARED_CANDIDATE:obj:107,NONE,NONE,NONE,
obj:4408,rock soil,terrain,ground,./dat/objects.srv,P0,TODO,,,,SHARED_CANDIDATE:obj:107,NONE,NONE,NONE,
obj:4409,rock soil,terrain,ground,./dat/objects.srv,P0,TODO,,,,SHARED_CANDIDATE:obj:107,NONE,NONE,NONE,
obj:4410,rock soil,terrain,ground,./dat/objects.srv,P0,TODO,,,,SHARED_CANDIDATE:obj:107,NONE,NONE,NONE,
obj:4445,rocks,terrain,border,./dat/objects.srv,P0,TODO,,,,SHARED_CANDIDATE:obj:1100,NONE,NONE,NONE,
obj:4446,rocks,terrain,border,./dat/objects.srv,P0,TODO,,,,SHARED_CANDIDATE:obj:1100,NONE,NONE,NONE,
obj:4447,rocks,terrain,border,./dat/objects.srv,P0,TODO,,,,SHARED_CANDIDATE:obj:1100,NONE,NONE,NONE,
obj:4448,rocks,terrain,border,./dat/objects.srv,P0,TODO,,,,SHARED_CANDIDATE:obj:1100,NONE,NONE,NONE,
obj:4451,rocks,terrain,border,./dat/objects.srv,P0,TODO,,,,SHARED_CANDIDATE:obj:1100,NONE,NONE,NONE,
obj:4452,rocks,terrain,border,./dat/objects.srv,P0,TODO,,,,SHARED_CANDIDATE:obj:1100,NONE,NONE,NONE,
obj:4453,rocks,terrain,border,./dat/objects.srv,P0,TODO,,,,SHARED_CANDIDATE:obj:1100,NONE,NONE,NONE,
obj:4454,rocks,terrain,border,./dat/objects.srv,P0,TODO,,,,SHARED_CANDIDATE:obj:1100,NONE,NONE,NONE,
obj:4455,rocks,terrain,border,./dat/objects.srv,P0,TODO,,,,SHARED_CANDIDATE:obj:1100,NONE,NONE,NONE,
obj:4456,rocks,terrain,border,./dat/objects.srv,P0,TODO,,,,SHARED_CANDIDATE:obj:1100,NONE,NONE,NONE,
obj:451,stairs,terrain,ground,./dat/objects.srv,P0,TODO,,,,MESH,NONE,NONE,NONE,
obj:4515,grass,terrain,ground,./dat/objects.srv,P0,TODO,,,,SHARED_CANDIDATE:obj:102,NONE,NONE,NONE,
obj:4516,grass,terrain,ground,./dat/objects.srv,P0,TODO,,,,SHARED_CANDIDATE:obj:102,NONE,NONE,NONE,
obj:4517,grass,terrain,ground,./dat/objects.srv,P0,TODO,,,,SHARED_CANDIDATE:obj:102,NONE,NONE,NONE,
obj:4518,grass,terrain,ground,./dat/objects.srv,P0,TODO,,,,SHARED_CANDIDATE:obj:102,NONE,NONE,NONE,
obj:4519,grass,terrain,ground,./dat/objects.srv,P0,TODO,,,,SHARED_CANDIDATE:obj:102,NONE,NONE,NONE,
obj:452,wooden floor,terrain,ground,./dat/objects.srv,P0,TODO,,,,SHARED_CANDIDATE:obj:408,NONE,NONE,NONE,
obj:4520,grass,terrain,ground,./dat/objects.srv,P0,TODO,,,,SHARED_CANDIDATE:obj:102,NONE,NONE,NONE,
obj:4521,grass,terrain,ground,./dat/objects.srv,P0,TODO,,,,SHARED_CANDIDATE:obj:102,NONE,NONE,NONE,
obj:4522,grass,terrain,ground,./dat/objects.srv,P0,TODO,,,,SHARED_CANDIDATE:obj:102,NONE,NONE,NONE,
obj:4523,grass,terrain,ground,./dat/objects.srv,P0,TODO,,,,SHARED_CANDIDATE:obj:102,NONE,NONE,NONE,
obj:4524,grass,terrain,ground,./dat/objects.srv,P0,TODO,,,,SHARED_CANDIDATE:obj:102,NONE,NONE,NONE,
obj:4525,grass,terrain,ground,./dat/objects.srv,P0,TODO,,,,SHARED_CANDIDATE:obj:102,NONE,NONE,NONE,
obj:4526,grass,terrain,ground,./dat/objects.srv,P0,TODO,,,,SHARED_CANDIDATE:obj:102,NONE,NONE,NONE,
obj:4527,grass,terrain,ground,./dat/objects.srv,P0,TODO,,,,SHARED_CANDIDATE:obj:102,NONE,NONE,NONE,
obj:4528,grass,terrain,ground,./dat/objects.srv,P0,TODO,,,,SHARED_CANDIDATE:obj:102,NONE,NONE,NONE,
obj:4529,grass,terrain,ground,./dat/objects.srv,P0,TODO,,,,SHARED_CANDIDATE:obj:102,NONE,NONE,NONE,
obj:4530,grass,terrain,ground,./dat/objects.srv,P0,TODO,,,,SHARED_CANDIDATE:obj:102,NONE,NONE,NONE,
obj:4531,grass,terrain,border,./dat/objects.srv,P0,TODO,,,,SHARED_CANDIDATE:obj:102,NONE,NONE,NONE,
obj:4532,grass,terrain,border,./dat/objects.srv,P0,TODO,,,,SHARED_CANDIDATE:obj:102,NONE,NONE,NONE,
obj:4533,grass,terrain,border,./dat/objects.srv,P0,TODO,,,,SHARED_CANDIDATE:obj:102,NONE,NONE,NONE,
obj:4534,grass,terrain,border,./dat/objects.srv,P0,TODO,,,,SHARED_CANDIDATE:obj:102,NONE,NONE,NONE,
obj:4535,grass,terrain,border,./dat/objects.srv,P0,TODO,,,,SHARED_CANDIDATE:obj:102,NONE,NONE,NONE,
obj:4536,grass,terrain,border,./dat/objects.srv,P0,TODO,,,,SHARED_CANDIDATE:obj:102,NONE,NONE,NONE,
obj:4537,grass,terrain,border,./dat/objects.srv,P0,TODO,,,,SHARED_CANDIDATE:obj:102,NONE,NONE,NONE,
obj:4538,grass,terrain,border,./dat/objects.srv,P0,TODO,,,,SHARED_CANDIDATE:obj:102,NONE,NONE,NONE,
obj:4539,grass,terrain,border,./dat/objects.srv,P0,TODO,,,,SHARED_CANDIDATE:obj:102,NONE,NONE,NONE,
obj:4540,grass,terrain,border,./dat/objects.srv,P0,TODO,,,,SHARED_CANDIDATE:obj:102,NONE,NONE,NONE,
obj:4541,grass,terrain,border,./dat/objects.srv,P0,TODO,,,,SHARED_CANDIDATE:obj:102,NONE,NONE,NONE,
obj:4542,grass,terrain,border,./dat/objects.srv,P0,TODO,,,,SHARED_CANDIDATE:obj:102,NONE,NONE,NONE,
obj:4555,gravel,terrain,ground,./dat/objects.srv,P0,TODO,,,,SHARED_CANDIDATE:obj:105,NONE,NONE,NONE,
obj:4559,gravel,terrain,ground,./dat/objects.srv,P0,TODO,,,,SHARED_CANDIDATE:obj:105,NONE,NONE,NONE,
obj:4560,gravel,terrain,ground,./dat/objects.srv,P0,TODO,,,,SHARED_CANDIDATE:obj:105,NONE,NONE,NONE,
obj:4561,gravel,terrain,ground,./dat/objects.srv,P0,TODO,,,,SHARED_CANDIDATE:obj:105,NONE,NONE,NONE,
obj:4562,gravel,terrain,ground,./dat/objects.srv,P0,TODO,,,,SHARED_CANDIDATE:obj:105,NONE,NONE,NONE,
obj:4563,gravel,terrain,ground,./dat/objects.srv,P0,TODO,,,,SHARED_CANDIDATE:obj:105,NONE,NONE,NONE,
obj:4564,gravel,terrain,ground,./dat/objects.srv,P0,TODO,,,,SHARED_CANDIDATE:obj:105,NONE,NONE,NONE,
obj:4565,gravel,terrain,ground,./dat/objects.srv,P0,TODO,,,,SHARED_CANDIDATE:obj:105,NONE,NONE,NONE,
obj:4566,gravel,terrain,ground,./dat/objects.srv,P0,TODO,,,,SHARED_CANDIDATE:obj:105,NONE,NONE,NONE,
obj:4567,gravel,terrain,ground,./dat/objects.srv,P0,TODO,,,,SHARED_CANDIDATE:obj:105,NONE,NONE,NONE,
obj:4568,gravel,terrain,ground,./dat/objects.srv,P0,TODO,,,,SHARED_CANDIDATE:obj:105,NONE,NONE,NONE,
obj:4584,gravel,terrain,ground,./dat/objects.srv,P0,TODO,,,,SHARED_CANDIDATE:obj:105,NONE,NONE,NONE,
obj:4657,dirt,terrain,border,./dat/objects.srv,P0,TODO,,,,SHARED_CANDIDATE:obj:103,NONE,NONE,NONE,
obj:4658,dirt,terrain,border,./dat/objects.srv,P0,TODO,,,,SHARED_CANDIDATE:obj:103,NONE,NONE,NONE,
obj:4659,dirt,terrain,border,./dat/objects.srv,P0,TODO,,,,SHARED_CANDIDATE:obj:103,NONE,NONE,NONE,
obj:467,stairs,terrain,ground,./dat/objects.srv,P0,TODO,,,,ALIAS_OF:obj:451,NONE,NONE,NONE,
obj:4785,dirt floor,terrain,border,./dat/objects.srv,P0,TODO,,,,SHARED_CANDIDATE:obj:280,NONE,NONE,NONE,
obj:4786,dirt floor,terrain,border,./dat/objects.srv,P0,TODO,,,,SHARED_CANDIDATE:obj:280,NONE,NONE,NONE,
obj:4787,dirt floor,terrain,border,./dat/objects.srv,P0,TODO,,,,SHARED_CANDIDATE:obj:280,NONE,NONE,NONE,
obj:4788,dirt floor,terrain,border,./dat/objects.srv,P0,TODO,,,,SHARED_CANDIDATE:obj:280,NONE,NONE,NONE,
obj:4789,dirt floor,terrain,border,./dat/objects.srv,P0,TODO,,,,SHARED_CANDIDATE:obj:280,NONE,NONE,NONE,
obj:4790,dirt floor,terrain,border,./dat/objects.srv,P0,TODO,,,,SHARED_CANDIDATE:obj:280,NONE,NONE,NONE,
obj:4791,dirt floor,terrain,border,./dat/objects.srv,P0,TODO,,,,SHARED_CANDIDATE:obj:280,NONE,NONE,NONE,
obj:4792,dirt floor,terrain,border,./dat/objects.srv,P0,TODO,,,,SHARED_CANDIDATE:obj:280,NONE,NONE,NONE,
obj:4793,dirt floor,terrain,border,./dat/objects.srv,P0,TODO,,,,SHARED_CANDIDATE:obj:280,NONE,NONE,NONE,
obj:4794,dirt floor,terrain,border,./dat/objects.srv,P0,TODO,,,,SHARED_CANDIDATE:obj:280,NONE,NONE,NONE,
obj:4795,dirt floor,terrain,border,./dat/objects.srv,P0,TODO,,,,SHARED_CANDIDATE:obj:280,NONE,NONE,NONE,
obj:4796,dirt floor,terrain,border,./dat/objects.srv,P0,TODO,,,,SHARED_CANDIDATE:obj:280,NONE,NONE,NONE,
obj:4821,ploughed soil,terrain,ground,./dat/objects.srv,P0,TODO,,,,SHARED_CANDIDATE:obj:951,NONE,NONE,NONE,
obj:4822,ploughed soil,terrain,ground,./dat/objects.srv,P0,TODO,,,,SHARED_CANDIDATE:obj:951,NONE,NONE,NONE,
obj:602,a ramp,terrain,border,./dat/objects.srv,P0,TODO,,,,SHARED_CANDIDATE:obj:600,NONE,NONE,NONE,
obj:603,a ramp,terrain,border,./dat/objects.srv,P0,TODO,,,,SHARED_CANDIDATE:obj:600,NONE,NONE,NONE,
obj:604,a ramp,terrain,ground,./dat/objects.srv,P0,TODO,,,,SHARED_CANDIDATE:obj:600,NONE,NONE,NONE,
obj:870,cobbled pavement,terrain,ground,./dat/objects.srv,P0,TODO,,,,MESH,NONE,NONE,NONE,
obj:950,soil,terrain,ground,./dat/objects.srv,P0,TODO,,,,MESH,NONE,NONE,NONE,
obj:952,ploughed soil,terrain,ground,./dat/objects.srv,P0,TODO,,,,SHARED_CANDIDATE:obj:951,NONE,NONE,NONE,
obj:386,dirt floor,traversal,rope_spot,./dat/objects.srv,P0,TODO,,,,MESH,NONE,NONE,NONE,
obj:1930,a draw well,usable,liquid_source,./dat/objects.srv,P0,TODO,,,,MESH,NONE,NONE,NONE,
obj:1931,a draw well,usable,liquid_source,./dat/objects.srv,P0,TODO,,,,SHARED_CANDIDATE:obj:1930,NONE,NONE,NONE,
obj:2487,a bed,usable,interactable,./dat/objects.srv,P0,TODO,,,,MESH,NONE,NONE,NONE,
obj:2520,a water cask,usable,liquid_source,./dat/objects.srv,P0,TODO,,,,MESH,NONE,NONE,NONE,
obj:2522,a wine cask,usable,liquid_source,./dat/objects.srv,P0,TODO,,,,MESH,NONE,NONE,NONE,
obj:2524,a trough,usable,liquid_container,./dat/objects.srv,P0,TODO,,,,MESH,NONE,NONE,NONE,
obj:2772,a lever,usable,interactable,./dat/objects.srv,P0,TODO,,,,MESH,NONE,NONE,NONE,
obj:2873,a bucket,usable,liquid_container,./dat/objects.srv,P0,TODO,,,,MESH,NONE,NONE,NONE,
obj:2875,a bottle,usable,liquid_container,./dat/objects.srv,P0,TODO,,,,MESH,NONE,NONE,NONE,
obj:2893,an amphora,usable,liquid_container,./dat/objects.srv,P0,TODO,,,,MESH,NONE,NONE,NONE,
obj:3003,a rope,usable,interactable,./dat/objects.srv,P0,TODO,,,,MESH,NONE,NONE,NONE,
obj:3457,a shovel,usable,interactable,./dat/objects.srv,P0,TODO,,,,MESH,NONE,NONE,NONE,
obj:3465,a pot,usable,liquid_container,./dat/objects.srv,P0,TODO,,,,MESH,NONE,NONE,NONE,
obj:355,muddy floor,usable,liquid_source,./dat/objects.srv,P0,TODO,,,,MESH,NONE,NONE,NONE,
obj:3653,wheat,usable,interactable,./dat/objects.srv,P0,TODO,,,,MESH,NONE,NONE,NONE,
obj:4255,a dead rat,usable,liquid_source,./dat/objects.srv,P0,TODO,,,,MESH,NONE,NONE,NONE,
obj:4268,a dead wolf,usable,liquid_source,./dat/objects.srv,P0,TODO,,,,MESH,NONE,NONE,NONE,
obj:4301,a dead rabbit,usable,liquid_source,./dat/objects.srv,P0,TODO,,,,MESH,NONE,NONE,NONE,
obj:435,a sewer grate,usable,interactable,./dat/objects.srv,P0,TODO,,,,MESH,NONE,NONE,NONE,
obj:4597,shallow water,usable,liquid_source,./dat/objects.srv,P0,TODO,,,,SHARED_CANDIDATE:obj:618,NONE,NONE,NONE,
obj:4598,shallow water,usable,liquid_source,./dat/objects.srv,P0,TODO,,,,SHARED_CANDIDATE:obj:618,NONE,NONE,NONE,
obj:4599,shallow water,usable,liquid_source,./dat/objects.srv,P0,TODO,,,,SHARED_CANDIDATE:obj:618,NONE,NONE,NONE,
obj:4600,shallow water,usable,liquid_source,./dat/objects.srv,P0,TODO,,,,SHARED_CANDIDATE:obj:618,NONE,NONE,NONE,
obj:4601,shallow water,usable,liquid_source,./dat/objects.srv,P0,TODO,,,,SHARED_CANDIDATE:obj:618,NONE,NONE,NONE,
obj:4602,shallow water,usable,liquid_source,./dat/objects.srv,P0,TODO,,,,SHARED_CANDIDATE:obj:618,NONE,NONE,NONE,
obj:4633,shallow water,usable,liquid_source,./dat/objects.srv,P0,TODO,,,,SHARED_CANDIDATE:obj:618,NONE,NONE,NONE,
obj:4634,shallow water,usable,liquid_source,./dat/objects.srv,P0,TODO,,,,SHARED_CANDIDATE:obj:618,NONE,NONE,NONE,
obj:4635,shallow water,usable,liquid_source,./dat/objects.srv,P0,TODO,,,,SHARED_CANDIDATE:obj:618,NONE,NONE,NONE,
obj:4636,shallow water,usable,liquid_source,./dat/objects.srv,P0,TODO,,,,SHARED_CANDIDATE:obj:618,NONE,NONE,NONE,
obj:4637,shallow water,usable,liquid_source,./dat/objects.srv,P0,TODO,,,,SHARED_CANDIDATE:obj:618,NONE,NONE,NONE,
obj:4638,shallow water,usable,liquid_source,./dat/objects.srv,P0,TODO,,,,SHARED_CANDIDATE:obj:618,NONE,NONE,NONE,
obj:4639,shallow water,usable,liquid_source,./dat/objects.srv,P0,TODO,,,,SHARED_CANDIDATE:obj:618,NONE,NONE,NONE,
obj:4640,shallow water,usable,liquid_source,./dat/objects.srv,P0,TODO,,,,SHARED_CANDIDATE:obj:618,NONE,NONE,NONE,
obj:4641,shallow water,usable,liquid_source,./dat/objects.srv,P0,TODO,,,,SHARED_CANDIDATE:obj:618,NONE,NONE,NONE,
obj:4642,shallow water,usable,liquid_source,./dat/objects.srv,P0,TODO,,,,SHARED_CANDIDATE:obj:618,NONE,NONE,NONE,
obj:4643,shallow water,usable,liquid_source,./dat/objects.srv,P0,TODO,,,,SHARED_CANDIDATE:obj:618,NONE,NONE,NONE,
obj:4644,shallow water,usable,liquid_source,./dat/objects.srv,P0,TODO,,,,SHARED_CANDIDATE:obj:618,NONE,NONE,NONE,
obj:622,water,usable,liquid_source,./dat/objects.srv,P0,TODO,,,,MESH,NONE,NONE,NONE,
obj:2433,drawers,container,container,./dat/objects.srv,P1,TODO,,,,SHARED_CANDIDATE:obj:2431,NONE,NONE,NONE,
obj:4311,a dead human,container,container,./dat/objects.srv,P1,TODO,,,,MESH,NONE,NONE,NONE,
mon:14,sheep,creature,monster,./mon/sheep.mon,P1,TODO,,,,SKELETAL_MESH,REQUIRED,REQUIRED,NONE,
mon:15,troll,creature,monster,./mon/troll.mon,P1,TODO,,,,SKELETAL_MESH,REQUIRED,REQUIRED,NONE,
mon:16,bear,creature,monster,./mon/bear.mon,P1,TODO,,,,SKELETAL_MESH,REQUIRED,REQUIRED,NONE,
mon:21,rat,creature,monster,./mon/rat.mon,P1,TODO,,,,SKELETAL_MESH,REQUIRED,REQUIRED,NONE,
mon:22,cyclops,creature,monster,./mon/cyclops.mon,P1,TODO,,,,SKELETAL_MESH,REQUIRED,REQUIRED,NONE,
mon:25,minotaur,creature,monster,./mon/minotaur.mon,P1,TODO,,,,SKELETAL_MESH,REQUIRED,REQUIRED,NONE,
mon:26,rotworm,creature,monster,./mon/rotworm.mon,P1,TODO,,,,SKELETAL_MESH,REQUIRED,REQUIRED,NONE,
mon:27,wolf,creature,monster,./mon/wolf.mon,P1,TODO,,,,SKELETAL_MESH,REQUIRED,REQUIRED,NONE,
mon:28,snake,creature,monster,./mon/snake.mon,P1,TODO,,,,SKELETAL_MESH,REQUIRED,REQUIRED,NONE,
mon:30,spider,creature,monster,./mon/spider.mon,P1,TODO,,,,SKELETAL_MESH,REQUIRED,REQUIRED,NONE,
mon:31,deer,creature,monster,./mon/deer.mon,P1,TODO,,,,SKELETAL_MESH,REQUIRED,REQUIRED,NONE,
mon:33,skeleton,creature,monster,./mon/skeleton.mon,P1,TODO,,,,SKELETAL_MESH,REQUIRED,REQUIRED,NONE,
mon:36,poison spider,creature,monster,./mon/poisonspider.mon,P1,TODO,,,,SKELETAL_MESH,REQUIRED,REQUIRED,NONE,
mon:44,wasp,creature,monster,./mon/wasp.mon,P1,TODO,,,,SKELETAL_MESH,REQUIRED,REQUIRED,NONE,
mon:45,bug,creature,monster,./mon/bug.mon,P1,TODO,,,,SKELETAL_MESH,REQUIRED,REQUIRED,NONE,
mon:5,orc,creature,monster,./mon/orc.mon,P1,TODO,,,,SKELETAL_MESH,REQUIRED,REQUIRED,NONE,
mon:50,orc spearman,creature,monster,./mon/orcspearman.mon,P1,TODO,,,,SKELETAL_MESH,REQUIRED,REQUIRED,NONE,
mon:56,cave rat,creature,monster,./mon/caverat.mon,P1,TODO,,,,SKELETAL_MESH,REQUIRED,REQUIRED,NONE,
mon:61,goblin,creature,monster,./mon/goblin.mon,P1,TODO,,,,SKELETAL_MESH,REQUIRED,REQUIRED,NONE,
mon:74,rabbit,creature,monster,./mon/rabbit.mon,P1,TODO,,,,SKELETAL_MESH,REQUIRED,REQUIRED,NONE,
npc:Al Dee,Al Dee,creature,npc,./npc/aldee.npc,P1,TODO,,,,SHARED_CANDIDATE:outfit:128,REQUIRED,REQUIRED,NONE,
npc:Amber,Amber,creature,npc,./npc/amber.npc,P1,TODO,,,,SHARED_CANDIDATE:outfit:137,REQUIRED,REQUIRED,NONE,
npc:Billy,Billy,creature,npc,./npc/billy.npc,P1,TODO,,,,SHARED_CANDIDATE:outfit:128,REQUIRED,REQUIRED,NONE,
npc:Cipfried,Cipfried,creature,npc,./npc/cipfried.npc,P1,TODO,,,,SHARED_CANDIDATE:outfit:57,REQUIRED,REQUIRED,NONE,
npc:Dallheim,Dallheim,creature,npc,./npc/dallheim.npc,P1,TODO,,,,SHARED_CANDIDATE:outfit:131,REQUIRED,REQUIRED,NONE,
npc:Dixi,Dixi,creature,npc,./npc/dixi.npc,P1,TODO,,,,SHARED_CANDIDATE:outfit:136,REQUIRED,REQUIRED,NONE,
npc:Hyacinth,Hyacinth,creature,npc,./npc/hyacinth.npc,P1,TODO,,,,SHARED_CANDIDATE:outfit:130,REQUIRED,REQUIRED,NONE,
npc:Lee'Delle,Lee'Delle,creature,npc,./npc/leedelle.npc,P1,TODO,,,,SHARED_CANDIDATE:outfit:136,REQUIRED,REQUIRED,NONE,
npc:Lily,Lily,creature,npc,./npc/lily.npc,P1,TODO,,,,SHARED_CANDIDATE:outfit:138,REQUIRED,REQUIRED,NONE,
npc:Loui,Loui,creature,npc,./npc/loui.npc,P1,TODO,,,,SHARED_CANDIDATE:outfit:57,REQUIRED,REQUIRED,NONE,
npc:Norma,Norma,creature,npc,./npc/norma.npc,P1,TODO,,,,SHARED_CANDIDATE:outfit:136,REQUIRED,REQUIRED,NONE,
npc:Obi,Obi,creature,npc,./npc/obi.npc,P1,TODO,,,,SHARED_CANDIDATE:outfit:128,REQUIRED,REQUIRED,NONE,
npc:Seymour,Seymour,creature,npc,./npc/seymour.npc,P1,TODO,,,,SHARED_CANDIDATE:outfit:128,REQUIRED,REQUIRED,NONE,
npc:The Gatekeeper,The Gatekeeper,creature,npc,./npc/gatekeeper.npc,P1,TODO,,,,SKELETAL_MESH,REQUIRED,REQUIRED,NONE,
npc:The Oracle,The Oracle,creature,npc,./npc/oracle.npc,P1,TODO,,,,SKELETAL_MESH,REQUIRED,REQUIRED,NONE,
npc:Tom,Tom,creature,npc,./npc/tom.npc,P1,TODO,,,,SHARED_CANDIDATE:outfit:129,REQUIRED,REQUIRED,NONE,
npc:Willie,Willie,creature,npc,./npc/willie.npc,P1,TODO,,,,SHARED_CANDIDATE:outfit:128,REQUIRED,REQUIRED,NONE,
npc:Zerbrus,Zerbrus,creature,npc,./npc/zerbrus.npc,P1,TODO,,,,SHARED_CANDIDATE:outfit:131,REQUIRED,REQUIRED,NONE,
obj:1122,a mountain,decoration,bottom_overlay,./dat/objects.srv,P1,TODO,,,,SHARED_CANDIDATE:obj:1081,NONE,NONE,NONE,
obj:1734,a framework window,decoration,bottom_overlay,./dat/objects.srv,P1,TODO,,,,MESH,NONE,NONE,NONE,
obj:1783,a stone,decoration,bottom_overlay,./dat/objects.srv,P1,TODO,,,,SHARED_CANDIDATE:obj:1772,NONE,NONE,NONE,
obj:1784,a stone,decoration,bottom_overlay,./dat/objects.srv,P1,TODO,,,,SHARED_CANDIDATE:obj:1772,NONE,NONE,NONE,
obj:1785,a stone,decoration,bottom_overlay,./dat/objects.srv,P1,TODO,,,,SHARED_CANDIDATE:obj:1772,NONE,NONE,NONE,
obj:1786,a stone,decoration,bottom_overlay,./dat/objects.srv,P1,TODO,,,,SHARED_CANDIDATE:obj:1772,NONE,NONE,NONE,
obj:1801,debris,decoration,bottom_overlay,./dat/objects.srv,P1,TODO,,,,SHARED_CANDIDATE:obj:1794,NONE,NONE,NONE,
obj:1803,debris,decoration,bottom_overlay,./dat/objects.srv,P1,TODO,,,,SHARED_CANDIDATE:obj:1794,NONE,NONE,NONE,
obj:1804,debris,decoration,bottom_overlay,./dat/objects.srv,P1,TODO,,,,SHARED_CANDIDATE:obj:1794,NONE,NONE,NONE,
obj:1806,debris,decoration,bottom_overlay,./dat/objects.srv,P1,TODO,,,,SHARED_CANDIDATE:obj:1794,NONE,NONE,NONE,
obj:1822,a stone pile,decoration,bottom_overlay,./dat/objects.srv,P1,TODO,,,,MESH,NONE,NONE,NONE,
obj:1824,debris,decoration,bottom_overlay,./dat/objects.srv,P1,TODO,,,,SHARED_CANDIDATE:obj:1794,NONE,NONE,NONE,
obj:1825,debris,decoration,bottom_overlay,./dat/objects.srv,P1,TODO,,,,SHARED_CANDIDATE:obj:1794,NONE,NONE,NONE,
obj:1826,debris,decoration,bottom_overlay,./dat/objects.srv,P1,TODO,,,,SHARED_CANDIDATE:obj:1794,NONE,NONE,NONE,
obj:1827,debris,decoration,bottom_overlay,./dat/objects.srv,P1,TODO,,,,SHARED_CANDIDATE:obj:1794,NONE,NONE,NONE,
obj:1840,a mossy stone,decoration,bottom_overlay,./dat/objects.srv,P1,TODO,,,,MESH,NONE,NONE,NONE,
obj:1941,a water wheel,decoration,bottom_overlay,./dat/objects.srv,P1,TODO,,,,MESH,NONE,NONE,NONE,
obj:1942,a water wheel,decoration,bottom_overlay,./dat/objects.srv,P1,TODO,,,,SHARED_CANDIDATE:obj:1941,NONE,NONE,NONE,
obj:1943,a millstone,decoration,bottom_overlay,./dat/objects.srv,P1,TODO,,,,MESH,NONE,NONE,NONE,
obj:1944,a millstone,decoration,bottom_overlay,./dat/objects.srv,P1,TODO,,,,SHARED_CANDIDATE:obj:1943,NONE,NONE,NONE,
obj:1945,a millstone,decoration,bottom_overlay,./dat/objects.srv,P1,TODO,,,,SHARED_CANDIDATE:obj:1943,NONE,NONE,NONE,
obj:1946,a millstone,decoration,bottom_overlay,./dat/objects.srv,P1,TODO,,,,SHARED_CANDIDATE:obj:1943,NONE,NONE,NONE,
obj:1954,a ramp,decoration,bottom_overlay,./dat/objects.srv,P1,TODO,,,,SHARED_CANDIDATE:obj:1950,NONE,NONE,NONE,
obj:1955,a ramp,decoration,bottom_overlay,./dat/objects.srv,P1,TODO,,,,SHARED_CANDIDATE:obj:1950,NONE,NONE,NONE,
obj:1956,a ramp,decoration,bottom_overlay,./dat/objects.srv,P1,TODO,,,,SHARED_CANDIDATE:obj:1950,NONE,NONE,NONE,
obj:1957,a ramp,decoration,bottom_overlay,./dat/objects.srv,P1,TODO,,,,SHARED_CANDIDATE:obj:1950,NONE,NONE,NONE,
obj:1998,a campfire,decoration,light_source,./dat/objects.srv,P1,TODO,,,,MESH,NONE,NONE,NONE,
obj:1999,a campfire,decoration,light_source,./dat/objects.srv,P1,TODO,,,,SHARED_CANDIDATE:obj:1998,NONE,NONE,NONE,
obj:2112,a coal basin,decoration,light_source,./dat/objects.srv,P1,TODO,,,,SHARED_CANDIDATE:obj:2110,NONE,NONE,NONE,
obj:2475,a wooden coffin,decoration,bottom_overlay,./dat/objects.srv,P1,TODO,,,,SHARED_CANDIDATE:obj:2474,NONE,NONE,NONE,
obj:2476,a wooden coffin,decoration,bottom_overlay,./dat/objects.srv,P1,TODO,,,,SHARED_CANDIDATE:obj:2474,NONE,NONE,NONE,
obj:2477,a wooden coffin,decoration,bottom_overlay,./dat/objects.srv,P1,TODO,,,,SHARED_CANDIDATE:obj:2474,NONE,NONE,NONE,
obj:2541,an oven,decoration,light_source,./dat/objects.srv,P1,TODO,,,,SHARED_CANDIDATE:obj:2535,NONE,NONE,NONE,
obj:2927,a lit candelabrum,decoration,light_source,./dat/objects.srv,P1,TODO,,,,SHARED_CANDIDATE:obj:2912,NONE,NONE,NONE,
obj:3619,a pear tree,decoration,bottom_overlay,./dat/objects.srv,P1,TODO,,,,MESH,NONE,NONE,NONE,
obj:3623,a dead tree,decoration,bottom_overlay,./dat/objects.srv,P1,TODO,,,,MESH,NONE,NONE,NONE,
obj:3627,a dead tree,decoration,bottom_overlay,./dat/objects.srv,P1,TODO,,,,SHARED_CANDIDATE:obj:3623,NONE,NONE,NONE,
obj:3628,a dead tree,decoration,bottom_overlay,./dat/objects.srv,P1,TODO,,,,SHARED_CANDIDATE:obj:3623,NONE,NONE,NONE,
obj:3629,a dead tree,decoration,bottom_overlay,./dat/objects.srv,P1,TODO,,,,SHARED_CANDIDATE:obj:3623,NONE,NONE,NONE,
obj:3630,a dead tree,decoration,bottom_overlay,./dat/objects.srv,P1,TODO,,,,SHARED_CANDIDATE:obj:3623,NONE,NONE,NONE,
obj:3698,a dry bush,decoration,bottom_overlay,./dat/objects.srv,P1,TODO,,,,MESH,NONE,NONE,NONE,
obj:388,stalagmites,decoration,bottom_overlay,./dat/objects.srv,P1,TODO,,,,MESH,NONE,NONE,NONE,
obj:389,stalagmites,decoration,bottom_overlay,./dat/objects.srv,P1,TODO,,,,SHARED_CANDIDATE:obj:388,NONE,NONE,NONE,
obj:392,stalagmites,decoration,bottom_overlay,./dat/objects.srv,P1,TODO,,,,SHARED_CANDIDATE:obj:388,NONE,NONE,NONE,
obj:393,stalagmites,decoration,bottom_overlay,./dat/objects.srv,P1,TODO,,,,SHARED_CANDIDATE:obj:388,NONE,NONE,NONE,
obj:2124,a fire,effect_object,magic_field,./dat/objects.srv,P1,TODO,,,,SHARED_CANDIDATE:obj:2118,NONE,NONE,REQUIRED,
obj:2125,a fire,effect_object,magic_field,./dat/objects.srv,P1,TODO,,,,SHARED_CANDIDATE:obj:2118,NONE,NONE,REQUIRED,
obj:2127,poison gas,effect_object,magic_field,./dat/objects.srv,P1,TODO,,,,SHARED_CANDIDATE:obj:2121,NONE,NONE,REQUIRED,
obj:2853,a bag,equipment,clothing,./dat/objects.srv,P1,TODO,,,,MESH,NONE,NONE,NONE,
obj:2854,a backpack,equipment,clothing,./dat/objects.srv,P1,TODO,,,,MESH,NONE,NONE,NONE,
obj:3430,a copper shield,equipment,shield,./dat/objects.srv,P1,TODO,,,,MESH,NONE,NONE,NONE,
obj:3551,sandals,equipment,clothing,./dat/objects.srv,P1,TODO,,,,MESH,NONE,NONE,NONE,
obj:3559,leather legs,equipment,armor,./dat/objects.srv,P1,TODO,,,,MESH,NONE,NONE,NONE,
obj:1780,a stone,item,portable,./dat/objects.srv,P1,TODO,,,,MESH,NONE,NONE,NONE,
obj:1823,a stone pile,item,unspecified,./dat/objects.srv,P1,TODO,,,,MESH,NONE,NONE,NONE,
obj:2358,a wooden chair,item,unspecified,./dat/objects.srv,P1,TODO,,,,MESH,NONE,NONE,NONE,
obj:2360,a wooden chair,item,unspecified,./dat/objects.srv,P1,TODO,,,,SHARED_CANDIDATE:obj:2358,NONE,NONE,NONE,
obj:3116,a big bone,item,portable,./dat/objects.srv,P1,TODO,,,,MESH,NONE,NONE,NONE,
obj:3119,a broken sword,item,portable,./dat/objects.srv,P1,TODO,,,,MESH,NONE,NONE,NONE,
obj:3120,a moldy cheese,item,portable,./dat/objects.srv,P1,TODO,,,,MESH,NONE,NONE,NONE,
obj:3466,a pan,item,portable,./dat/objects.srv,P1,TODO,,,,MESH,NONE,NONE,NONE,
obj:3656,a white flower,item,unspecified,./dat/objects.srv,P1,TODO,,,,MESH,NONE,NONE,NONE,
obj:4252,a dead troll,item,portable,./dat/objects.srv,P1,TODO,,,,MESH,NONE,NONE,NONE,
obj:4253,a dead troll,item,portable,./dat/objects.srv,P1,TODO,,,,SHARED_CANDIDATE:obj:4252,NONE,NONE,NONE,
obj:4270,a dead wolf,item,portable,./dat/objects.srv,P1,TODO,,,,MESH,NONE,NONE,NONE,
obj:1979,a grave,readable,text,./dat/objects.srv,P1,TODO,,,,MESH,NONE,NONE,NONE,
obj:1157,a tiled roof,structure,obstacle,./dat/objects.srv,P1,TODO,,,,MESH,NONE,NONE,NONE,
obj:1162,a tiled roof,structure,obstacle,./dat/objects.srv,P1,TODO,,,,SHARED_CANDIDATE:obj:1157,NONE,NONE,NONE,
obj:1163,a tiled roof,structure,obstacle,./dat/objects.srv,P1,TODO,,,,SHARED_CANDIDATE:obj:1157,NONE,NONE,NONE,
obj:1166,a tiled roof,structure,obstacle,./dat/objects.srv,P1,TODO,,,,SHARED_CANDIDATE:obj:1157,NONE,NONE,NONE,
obj:1630,an open door,structure,door,./dat/objects.srv,P1,TODO,,,,MESH,NONE,NONE,NONE,
obj:1631,a closed door,structure,door,./dat/objects.srv,P1,TODO,,,,SHARED_CANDIDATE:obj:1628,NONE,NONE,NONE,
obj:2163,a stone railing,structure,obstacle,./dat/objects.srv,P1,TODO,,,,SHARED_CANDIDATE:obj:2162,NONE,NONE,NONE,
obj:2490,a cot,structure,obstacle,./dat/objects.srv,P1,TODO,,,,MESH,NONE,NONE,NONE,
obj:2492,a cot,structure,obstacle,./dat/objects.srv,P1,TODO,,,,SHARED_CANDIDATE:obj:2490,NONE,NONE,NONE,
obj:2494,a bed,structure,obstacle,./dat/objects.srv,P1,TODO,,,,SHARED_CANDIDATE:obj:2488,NONE,NONE,NONE,
obj:104,sand,terrain,ground,./dat/objects.srv,P1,TODO,,,,MESH,NONE,NONE,NONE,
obj:1158,a tiled roof,terrain,ground,./dat/objects.srv,P1,TODO,,,,MESH,NONE,NONE,NONE,
obj:1161,a tiled roof,terrain,ground,./dat/objects.srv,P1,TODO,,,,SHARED_CANDIDATE:obj:1158,NONE,NONE,NONE,
obj:387,a small hole,terrain,ground,./dat/objects.srv,P1,TODO,,,,MESH,NONE,NONE,NONE,
obj:414,stairs,terrain,ground,./dat/objects.srv,P1,TODO,,,,SHARED_CANDIDATE:obj:413,NONE,NONE,NONE,
obj:4450,rocks,terrain,border,./dat/objects.srv,P1,TODO,,,,SHARED_CANDIDATE:obj:1100,NONE,NONE,NONE,
obj:465,stairs,terrain,ground,./dat/objects.srv,P1,TODO,,,,ALIAS_OF:obj:451,NONE,NONE,NONE,
obj:4656,dirt,terrain,border,./dat/objects.srv,P1,TODO,,,,SHARED_CANDIDATE:obj:103,NONE,NONE,NONE,
obj:466,stairs,terrain,ground,./dat/objects.srv,P1,TODO,,,,ALIAS_OF:obj:451,NONE,NONE,NONE,
obj:4660,dirt,terrain,border,./dat/objects.srv,P1,TODO,,,,SHARED_CANDIDATE:obj:103,NONE,NONE,NONE,
obj:4661,dirt,terrain,border,./dat/objects.srv,P1,TODO,,,,SHARED_CANDIDATE:obj:103,NONE,NONE,NONE,
obj:4662,dirt,terrain,border,./dat/objects.srv,P1,TODO,,,,SHARED_CANDIDATE:obj:103,NONE,NONE,NONE,
obj:4663,dirt,terrain,border,./dat/objects.srv,P1,TODO,,,,SHARED_CANDIDATE:obj:103,NONE,NONE,NONE,
obj:4665,dirt,terrain,border,./dat/objects.srv,P1,TODO,,,,SHARED_CANDIDATE:obj:103,NONE,NONE,NONE,
obj:4667,dirt,terrain,border,./dat/objects.srv,P1,TODO,,,,SHARED_CANDIDATE:obj:103,NONE,NONE,NONE,
obj:4680,swamp,terrain,ground,./dat/objects.srv,P1,TODO,,,,SHARED_CANDIDATE:obj:659,NONE,NONE,NONE,
obj:4681,swamp,terrain,ground,./dat/objects.srv,P1,TODO,,,,SHARED_CANDIDATE:obj:659,NONE,NONE,NONE,
obj:4682,swamp,terrain,ground,./dat/objects.srv,P1,TODO,,,,SHARED_CANDIDATE:obj:659,NONE,NONE,NONE,
obj:4683,swamp,terrain,ground,./dat/objects.srv,P1,TODO,,,,SHARED_CANDIDATE:obj:659,NONE,NONE,NONE,
obj:4684,swamp,terrain,ground,./dat/objects.srv,P1,TODO,,,,SHARED_CANDIDATE:obj:659,NONE,NONE,NONE,
obj:4685,swamp,terrain,ground,./dat/objects.srv,P1,TODO,,,,SHARED_CANDIDATE:obj:659,NONE,NONE,NONE,
obj:4686,swamp,terrain,ground,./dat/objects.srv,P1,TODO,,,,SHARED_CANDIDATE:obj:659,NONE,NONE,NONE,
obj:4687,swamp,terrain,ground,./dat/objects.srv,P1,TODO,,,,SHARED_CANDIDATE:obj:659,NONE,NONE,NONE,
obj:4688,swamp,terrain,ground,./dat/objects.srv,P1,TODO,,,,SHARED_CANDIDATE:obj:659,NONE,NONE,NONE,
obj:4689,swamp,terrain,ground,./dat/objects.srv,P1,TODO,,,,SHARED_CANDIDATE:obj:659,NONE,NONE,NONE,
obj:4690,swamp,terrain,ground,./dat/objects.srv,P1,TODO,,,,SHARED_CANDIDATE:obj:659,NONE,NONE,NONE,
obj:4702,swamp,terrain,border,./dat/objects.srv,P1,TODO,,,,SHARED_CANDIDATE:obj:659,NONE,NONE,NONE,
obj:4703,swamp,terrain,border,./dat/objects.srv,P1,TODO,,,,SHARED_CANDIDATE:obj:659,NONE,NONE,NONE,
obj:4704,swamp,terrain,border,./dat/objects.srv,P1,TODO,,,,SHARED_CANDIDATE:obj:659,NONE,NONE,NONE,
obj:4705,swamp,terrain,border,./dat/objects.srv,P1,TODO,,,,SHARED_CANDIDATE:obj:659,NONE,NONE,NONE,
obj:4706,swamp,terrain,border,./dat/objects.srv,P1,TODO,,,,SHARED_CANDIDATE:obj:659,NONE,NONE,NONE,
obj:4707,swamp,terrain,border,./dat/objects.srv,P1,TODO,,,,SHARED_CANDIDATE:obj:659,NONE,NONE,NONE,
obj:4708,swamp,terrain,border,./dat/objects.srv,P1,TODO,,,,SHARED_CANDIDATE:obj:659,NONE,NONE,NONE,
obj:4709,swamp,terrain,border,./dat/objects.srv,P1,TODO,,,,SHARED_CANDIDATE:obj:659,NONE,NONE,NONE,
obj:4710,swamp,terrain,border,./dat/objects.srv,P1,TODO,,,,SHARED_CANDIDATE:obj:659,NONE,NONE,NONE,
obj:4711,swamp,terrain,border,./dat/objects.srv,P1,TODO,,,,SHARED_CANDIDATE:obj:659,NONE,NONE,NONE,
obj:4712,swamp,terrain,border,./dat/objects.srv,P1,TODO,,,,SHARED_CANDIDATE:obj:659,NONE,NONE,NONE,
obj:4713,swamp,terrain,border,./dat/objects.srv,P1,TODO,,,,SHARED_CANDIDATE:obj:659,NONE,NONE,NONE,
obj:4738,swamp,terrain,ground,./dat/objects.srv,P1,TODO,,,,SHARED_CANDIDATE:obj:659,NONE,NONE,NONE,
obj:4739,swamp,terrain,ground,./dat/objects.srv,P1,TODO,,,,SHARED_CANDIDATE:obj:659,NONE,NONE,NONE,
obj:4740,swamp,terrain,ground,./dat/objects.srv,P1,TODO,,,,SHARED_CANDIDATE:obj:659,NONE,NONE,NONE,
obj:4741,swamp,terrain,ground,./dat/objects.srv,P1,TODO,,,,SHARED_CANDIDATE:obj:659,NONE,NONE,NONE,
obj:4742,swamp,terrain,ground,./dat/objects.srv,P1,TODO,,,,SHARED_CANDIDATE:obj:659,NONE,NONE,NONE,
obj:4743,swamp,terrain,ground,./dat/objects.srv,P1,TODO,,,,SHARED_CANDIDATE:obj:659,NONE,NONE,NONE,
obj:4744,swamp,terrain,ground,./dat/objects.srv,P1,TODO,,,,SHARED_CANDIDATE:obj:659,NONE,NONE,NONE,
obj:4874,swamp,terrain,border,./dat/objects.srv,P1,TODO,,,,SHARED_CANDIDATE:obj:659,NONE,NONE,NONE,
obj:4875,swamp,terrain,border,./dat/objects.srv,P1,TODO,,,,SHARED_CANDIDATE:obj:659,NONE,NONE,NONE,
obj:4876,swamp,terrain,border,./dat/objects.srv,P1,TODO,,,,SHARED_CANDIDATE:obj:659,NONE,NONE,NONE,
obj:4877,swamp,terrain,border,./dat/objects.srv,P1,TODO,,,,SHARED_CANDIDATE:obj:659,NONE,NONE,NONE,
obj:4878,swamp,terrain,border,./dat/objects.srv,P1,TODO,,,,SHARED_CANDIDATE:obj:659,NONE,NONE,NONE,
obj:4879,swamp,terrain,border,./dat/objects.srv,P1,TODO,,,,SHARED_CANDIDATE:obj:659,NONE,NONE,NONE,
obj:4880,swamp,terrain,border,./dat/objects.srv,P1,TODO,,,,SHARED_CANDIDATE:obj:659,NONE,NONE,NONE,
obj:593,a loose stone pile,terrain,ground,./dat/objects.srv,P1,TODO,,,,MESH,NONE,NONE,NONE,
obj:601,a ramp,terrain,ground,./dat/objects.srv,P1,TODO,,,,SHARED_CANDIDATE:obj:600,NONE,NONE,NONE,
obj:612,a ramp,terrain,border,./dat/objects.srv,P1,TODO,,,,SHARED_CANDIDATE:obj:600,NONE,NONE,NONE,
obj:613,a ramp,terrain,border,./dat/objects.srv,P1,TODO,,,,SHARED_CANDIDATE:obj:600,NONE,NONE,NONE,
obj:2489,a cot,usable,interactable,./dat/objects.srv,P1,TODO,,,,MESH,NONE,NONE,NONE,
obj:2491,a cot,usable,interactable,./dat/objects.srv,P1,TODO,,,,SHARED_CANDIDATE:obj:2489,NONE,NONE,NONE,
obj:2493,a bed,usable,interactable,./dat/objects.srv,P1,TODO,,,,SHARED_CANDIDATE:obj:2487,NONE,NONE,NONE,
obj:3462,a small axe,usable,interactable,./dat/objects.srv,P1,TODO,,,,MESH,NONE,NONE,NONE,
obj:3483,a fishing rod,usable,interactable,./dat/objects.srv,P1,TODO,,,,MESH,NONE,NONE,NONE,
obj:1,,container,container,./dat/objects.srv,P2,TODO,,,,MESH,NONE,NONE,NONE,
obj:1983,a stone coffin,container,container,./dat/objects.srv,P2,TODO,,,,MESH,NONE,NONE,NONE,
obj:1985,a stone coffin,container,container,./dat/objects.srv,P2,TODO,,,,SHARED_CANDIDATE:obj:1983,NONE,NONE,NONE,
obj:1986,a stone coffin,container,container,./dat/objects.srv,P2,TODO,,,,SHARED_CANDIDATE:obj:1983,NONE,NONE,NONE,
obj:1987,a stone coffin,container,container,./dat/objects.srv,P2,TODO,,,,SHARED_CANDIDATE:obj:1983,NONE,NONE,NONE,
obj:1990,a wooden coffin,container,container,./dat/objects.srv,P2,TODO,,,,MESH,NONE,NONE,NONE,
obj:1991,a wooden coffin,container,container,./dat/objects.srv,P2,TODO,,,,MESH,NONE,NONE,NONE,
obj:1992,a sarcophagus,container,container,./dat/objects.srv,P2,TODO,,,,MESH,NONE,NONE,NONE,
obj:1994,a sarcophagus,container,container,./dat/objects.srv,P2,TODO,,,,SHARED_CANDIDATE:obj:1992,NONE,NONE,NONE,
obj:2,,container,container,./dat/objects.srv,P2,TODO,,,,MESH,NONE,NONE,NONE,
obj:2429,a wardrobe,container,container,./dat/objects.srv,P2,TODO,,,,SHARED_CANDIDATE:obj:2427,NONE,NONE,NONE,
obj:2430,a wardrobe,container,container,./dat/objects.srv,P2,TODO,,,,SHARED_CANDIDATE:obj:2427,NONE,NONE,NONE,
obj:2432,drawers,container,container,./dat/objects.srv,P2,TODO,,,,SHARED_CANDIDATE:obj:2431,NONE,NONE,NONE,
obj:2438,a bookcase,container,container,./dat/objects.srv,P2,TODO,,,,SHARED_CANDIDATE:obj:2435,NONE,NONE,NONE,
obj:2439,a bookcase,container,container,./dat/objects.srv,P2,TODO,,,,SHARED_CANDIDATE:obj:2435,NONE,NONE,NONE,
obj:2440,a bookcase,container,container,./dat/objects.srv,P2,TODO,,,,SHARED_CANDIDATE:obj:2435,NONE,NONE,NONE,
obj:2442,a dresser,container,container,./dat/objects.srv,P2,TODO,,,,SHARED_CANDIDATE:obj:2441,NONE,NONE,NONE,
obj:2455,a bamboo wardrobe,container,container,./dat/objects.srv,P2,TODO,,,,MESH,NONE,NONE,NONE,
obj:2456,a bamboo wardrobe,container,container,./dat/objects.srv,P2,TODO,,,,SHARED_CANDIDATE:obj:2455,NONE,NONE,NONE,
obj:2457,a bamboo wardrobe,container,container,./dat/objects.srv,P2,TODO,,,,SHARED_CANDIDATE:obj:2455,NONE,NONE,NONE,
obj:2458,a bamboo wardrobe,container,container,./dat/objects.srv,P2,TODO,,,,SHARED_CANDIDATE:obj:2455,NONE,NONE,NONE,
obj:2459,a bamboo shelf,container,container,./dat/objects.srv,P2,TODO,,,,MESH,NONE,NONE,NONE,
obj:2460,a bamboo shelf,container,container,./dat/objects.srv,P2,TODO,,,,SHARED_CANDIDATE:obj:2459,NONE,NONE,NONE,
obj:2463,a small bamboo shelf,container,container,./dat/objects.srv,P2,TODO,,,,MESH,NONE,NONE,NONE,
obj:2464,a small bamboo shelf,container,container,./dat/objects.srv,P2,TODO,,,,SHARED_CANDIDATE:obj:2463,NONE,NONE,NONE,
obj:2465,a bamboo drawer,container,container,./dat/objects.srv,P2,TODO,,,,MESH,NONE,NONE,NONE,
obj:2470,a box,container,container,./dat/objects.srv,P2,TODO,,,,MESH,NONE,NONE,NONE,
obj:2478,a treasure chest,container,container,./dat/objects.srv,P2,TODO,,,,MESH,NONE,NONE,NONE,
obj:2480,a chest,container,container,./dat/objects.srv,P2,TODO,,,,SHARED_CANDIDATE:obj:2472,NONE,NONE,NONE,
obj:2483,a large trunk,container,container,./dat/objects.srv,P2,TODO,,,,MESH,NONE,NONE,NONE,
obj:2484,a large trunk,container,container,./dat/objects.srv,P2,TODO,,,,SHARED_CANDIDATE:obj:2483,NONE,NONE,NONE,
obj:2485,a large trunk,container,container,./dat/objects.srv,P2,TODO,,,,SHARED_CANDIDATE:obj:2483,NONE,NONE,NONE,
obj:2486,a large trunk,container,container,./dat/objects.srv,P2,TODO,,,,SHARED_CANDIDATE:obj:2483,NONE,NONE,NONE,
obj:2519,a barrel,container,container,./dat/objects.srv,P2,TODO,,,,MESH,NONE,NONE,NONE,
obj:2855,a basket,container,container,./dat/objects.srv,P2,TODO,,,,MESH,NONE,NONE,NONE,
obj:2856,a present,container,container,./dat/objects.srv,P2,TODO,,,,MESH,NONE,NONE,NONE,
obj:3,,container,container,./dat/objects.srv,P2,TODO,,,,MESH,NONE,NONE,NONE,
obj:3497,a locker,container,container,./dat/objects.srv,P2,TODO,,,,SHARED_CANDIDATE:obj:2449,NONE,NONE,NONE,
obj:3498,a locker,container,container,./dat/objects.srv,P2,TODO,,,,SHARED_CANDIDATE:obj:2449,NONE,NONE,NONE,
obj:3499,a locker,container,container,./dat/objects.srv,P2,TODO,,,,SHARED_CANDIDATE:obj:2449,NONE,NONE,NONE,
obj:3500,a locker,container,container,./dat/objects.srv,P2,TODO,,,,SHARED_CANDIDATE:obj:2449,NONE,NONE,NONE,
obj:3503,a parcel,container,container,./dat/objects.srv,P2,TODO,,,,MESH,NONE,NONE,NONE,
obj:3504,a stamped parcel,container,container,./dat/objects.srv,P2,TODO,,,,MESH,NONE,NONE,NONE,
obj:4,,container,container,./dat/objects.srv,P2,TODO,,,,MESH,NONE,NONE,NONE,
obj:4266,a dead rotworm,container,container,./dat/objects.srv,P2,TODO,,,,MESH,NONE,NONE,NONE,
obj:4269,a dead wolf,container,container,./dat/objects.srv,P2,TODO,,,,MESH,NONE,NONE,NONE,
obj:4273,a dead minotaur,container,container,./dat/objects.srv,P2,TODO,,,,MESH,NONE,NONE,NONE,
obj:4274,a dead minotaur,container,container,./dat/objects.srv,P2,TODO,,,,SHARED_CANDIDATE:obj:4273,NONE,NONE,NONE,
obj:4278,a dead deer,container,container,./dat/objects.srv,P2,TODO,,,,MESH,NONE,NONE,NONE,
obj:4279,a dead deer,container,container,./dat/objects.srv,P2,TODO,,,,SHARED_CANDIDATE:obj:4278,NONE,NONE,NONE,
obj:4282,a dead dog,container,container,./dat/objects.srv,P2,TODO,,,,MESH,NONE,NONE,NONE,
obj:4285,a pile of bones,container,container,./dat/objects.srv,P2,TODO,,,,MESH,NONE,NONE,NONE,
obj:4287,a dead dragon,container,container,./dat/objects.srv,P2,TODO,,,,MESH,NONE,NONE,NONE,
obj:4288,a dead dragon,container,container,./dat/objects.srv,P2,TODO,,,,SHARED_CANDIDATE:obj:4287,NONE,NONE,NONE,
obj:4290,remains of a ghost,container,container,./dat/objects.srv,P2,TODO,,,,MESH,NONE,NONE,NONE,
obj:4295,a slain ghoul,container,container,./dat/objects.srv,P2,TODO,,,,MESH,NONE,NONE,NONE,
obj:4310,a dead elephant,container,container,./dat/objects.srv,P2,TODO,,,,MESH,NONE,NONE,NONE,
obj:4312,a dead human,container,container,./dat/objects.srv,P2,TODO,,,,SHARED_CANDIDATE:obj:4311,NONE,NONE,NONE,
obj:5,,container,container,./dat/objects.srv,P2,TODO,,,,MESH,NONE,NONE,NONE,
obj:7,,container,container,./dat/objects.srv,P2,TODO,,,,MESH,NONE,NONE,NONE,
obj:8,,container,container,./dat/objects.srv,P2,TODO,,,,MESH,NONE,NONE,NONE,
mon:10,warlock,creature,monster,./mon/warlock.mon,P2,TODO,,,,SKELETAL_MESH,REQUIRED,REQUIRED,NONE,
mon:100,crypt shambler,creature,monster,./mon/cryptshambler.mon,P2,TODO,,,,SKELETAL_MESH,REQUIRED,REQUIRED,NONE,
mon:101,bonebeast,creature,monster,./mon/bonebeast.mon,P2,TODO,,,,SKELETAL_MESH,REQUIRED,REQUIRED,NONE,
mon:102,deathslicer,creature,monster,./mon/deathslicer.mon,P2,TODO,,,,SKELETAL_MESH,REQUIRED,REQUIRED,NONE,
mon:103,efreet,creature,monster,./mon/efreet.mon,P2,TODO,,,,SKELETAL_MESH,REQUIRED,REQUIRED,NONE,
mon:104,marid,creature,monster,./mon/marid.mon,P2,TODO,,,,SKELETAL_MESH,REQUIRED,REQUIRED,NONE,
mon:106,skunk,creature,monster,./mon/skunk.mon,P2,TODO,,,,SKELETAL_MESH,REQUIRED,REQUIRED,NONE,
mon:107,demon,creature,monster,./mon/illusion.mon,P2,TODO,,,,SKELETAL_MESH,REQUIRED,REQUIRED,NONE,
mon:108,elder beholder,creature,monster,./mon/elderbeholder.mon,P2,TODO,,,,SKELETAL_MESH,REQUIRED,REQUIRED,NONE,
mon:11,hunter,creature,monster,./mon/hunter.mon,P2,TODO,,,,SKELETAL_MESH,REQUIRED,REQUIRED,NONE,
mon:111,chicken,creature,monster,./mon/chicken.mon,P2,TODO,,,,SKELETAL_MESH,REQUIRED,REQUIRED,NONE,
mon:112,crab,creature,monster,./mon/crab.mon,P2,TODO,,,,SKELETAL_MESH,REQUIRED,REQUIRED,NONE,
mon:113,lizard templar,creature,monster,./mon/lizardtemplar.mon,P2,TODO,,,,SKELETAL_MESH,REQUIRED,REQUIRED,NONE,
mon:114,lizard sentinel,creature,monster,./mon/lizardsentinel.mon,P2,TODO,,,,SKELETAL_MESH,REQUIRED,REQUIRED,NONE,
mon:115,lizard snakecharmer,creature,monster,./mon/lizardsnakecharmer.mon,P2,TODO,,,,SKELETAL_MESH,REQUIRED,REQUIRED,NONE,
mon:116,kongra,creature,monster,./mon/kongra.mon,P2,TODO,,,,SKELETAL_MESH,REQUIRED,REQUIRED,NONE,
mon:117,merlkin,creature,monster,./mon/merlkin.mon,P2,TODO,,,,SKELETAL_MESH,REQUIRED,REQUIRED,NONE,
mon:118,sibang,creature,monster,./mon/sibang.mon,P2,TODO,,,,SKELETAL_MESH,REQUIRED,REQUIRED,NONE,
mon:119,crocodile,creature,monster,./mon/crocodile.mon,P2,TODO,,,,SKELETAL_MESH,REQUIRED,REQUIRED,NONE,
mon:12,valkyrie,creature,monster,./mon/valkyrie.mon,P2,TODO,,,,SKELETAL_MESH,REQUIRED,REQUIRED,NONE,
mon:120,carniphila,creature,monster,./mon/carniphila.mon,P2,TODO,,,,SKELETAL_MESH,REQUIRED,REQUIRED,NONE,
mon:121,hydra,creature,monster,./mon/hydra.mon,P2,TODO,,,,SKELETAL_MESH,REQUIRED,REQUIRED,NONE,
mon:122,bat,creature,monster,./mon/bat.mon,P2,TODO,,,,SKELETAL_MESH,REQUIRED,REQUIRED,NONE,
mon:123,panda,creature,monster,./mon/panda.mon,P2,TODO,,,,SKELETAL_MESH,REQUIRED,REQUIRED,NONE,
mon:124,centipede,creature,monster,./mon/centipede.mon,P2,TODO,,,,SKELETAL_MESH,REQUIRED,REQUIRED,NONE,
mon:125,tiger,creature,monster,./mon/tiger.mon,P2,TODO,,,,SKELETAL_MESH,REQUIRED,REQUIRED,NONE,
mon:13,black sheep,creature,monster,./mon/blacksheep.mon,P2,TODO,,,,SKELETAL_MESH,REQUIRED,REQUIRED,NONE,
mon:17,beholder,creature,monster,./mon/beholder.mon,P2,TODO,,,,SKELETAL_MESH,REQUIRED,REQUIRED,NONE,
mon:18,ghoul,creature,monster,./mon/ghoul.mon,P2,TODO,,,,SKELETAL_MESH,REQUIRED,REQUIRED,NONE,
mon:19,slime,creature,monster,./mon/slime.mon,P2,TODO,,,,SKELETAL_MESH,REQUIRED,REQUIRED,NONE,
mon:2,orc warlord,creature,monster,./mon/orcwarlord.mon,P2,TODO,,,,SKELETAL_MESH,REQUIRED,REQUIRED,NONE,
mon:211,elephant,creature,monster,./mon/elephant.mon,P2,TODO,,,,SKELETAL_MESH,REQUIRED,REQUIRED,NONE,
mon:212,flamingo,creature,monster,./mon/flamingo.mon,P2,TODO,,,,SKELETAL_MESH,REQUIRED,REQUIRED,NONE,
mon:213,butterfly,creature,monster,./mon/butterflypurple.mon,P2,TODO,,,,SKELETAL_MESH,REQUIRED,REQUIRED,NONE,
mon:214,dworc voodoomaster,creature,monster,./mon/dworcvoodoomaster.mon,P2,TODO,,,,SKELETAL_MESH,REQUIRED,REQUIRED,NONE,
mon:215,dworc fleshhunter,creature,monster,./mon/dworcfleshhunter.mon,P2,TODO,,,,SKELETAL_MESH,REQUIRED,REQUIRED,NONE,
mon:216,dworc venomsniper,creature,monster,./mon/dworcvenomsniper.mon,P2,TODO,,,,SKELETAL_MESH,REQUIRED,REQUIRED,NONE,
mon:217,parrot,creature,monster,./mon/parrot.mon,P2,TODO,,,,SKELETAL_MESH,REQUIRED,REQUIRED,NONE,
mon:218,terror bird,creature,monster,./mon/terrorbird.mon,P2,TODO,,,,SKELETAL_MESH,REQUIRED,REQUIRED,NONE,
mon:219,tarantula,creature,monster,./mon/tarantula.mon,P2,TODO,,,,SKELETAL_MESH,REQUIRED,REQUIRED,NONE,
mon:220,serpent spawn,creature,monster,./mon/serpentspawn.mon,P2,TODO,,,,SKELETAL_MESH,REQUIRED,REQUIRED,NONE,
mon:221,spit nettle,creature,monster,./mon/spitnettle.mon,P2,TODO,,,,SKELETAL_MESH,REQUIRED,REQUIRED,NONE,
mon:222,smuggler,creature,monster,./mon/smuggler.mon,P2,TODO,,,,SKELETAL_MESH,REQUIRED,REQUIRED,NONE,
mon:223,bandit,creature,monster,./mon/bandit.mon,P2,TODO,,,,SKELETAL_MESH,REQUIRED,REQUIRED,NONE,
mon:224,assassin,creature,monster,./mon/assassin.mon,P2,TODO,,,,SKELETAL_MESH,REQUIRED,REQUIRED,NONE,
mon:225,dark monk,creature,monster,./mon/darkmonk.mon,P2,TODO,,,,SKELETAL_MESH,REQUIRED,REQUIRED,NONE,
mon:227,butterfly,creature,monster,./mon/butterflyblue.mon,P2,TODO,,,,SKELETAL_MESH,REQUIRED,REQUIRED,NONE,
mon:228,butterfly,creature,monster,./mon/butterflyred.mon,P2,TODO,,,,SKELETAL_MESH,REQUIRED,REQUIRED,NONE,
mon:23,minotaur mage,creature,monster,./mon/minotaurmage.mon,P2,TODO,,,,SKELETAL_MESH,REQUIRED,REQUIRED,NONE,
mon:24,minotaur archer,creature,monster,./mon/minotaurarcher.mon,P2,TODO,,,,SKELETAL_MESH,REQUIRED,REQUIRED,NONE,
mon:29,minotaur guard,creature,monster,./mon/minotaurguard.mon,P2,TODO,,,,SKELETAL_MESH,REQUIRED,REQUIRED,NONE,
mon:3,war wolf,creature,monster,./mon/warwolf.mon,P2,TODO,,,,SKELETAL_MESH,REQUIRED,REQUIRED,NONE,
mon:32,dog,creature,monster,./mon/dog.mon,P2,TODO,,,,SKELETAL_MESH,REQUIRED,REQUIRED,NONE,
mon:34,dragon,creature,monster,./mon/dragon.mon,P2,TODO,,,,SKELETAL_MESH,REQUIRED,REQUIRED,NONE,
mon:35,demon,creature,monster,./mon/demon.mon,P2,TODO,,,,SKELETAL_MESH,REQUIRED,REQUIRED,NONE,
mon:37,demon skeleton,creature,monster,./mon/demonskeleton.mon,P2,TODO,,,,SKELETAL_MESH,REQUIRED,REQUIRED,NONE,
mon:38,giant spider,creature,monster,./mon/giantspider.mon,P2,TODO,,,,SKELETAL_MESH,REQUIRED,REQUIRED,NONE,
mon:39,dragon lord,creature,monster,./mon/dragonlord.mon,P2,TODO,,,,SKELETAL_MESH,REQUIRED,REQUIRED,NONE,
mon:4,orc rider,creature,monster,./mon/orcrider.mon,P2,TODO,,,,SKELETAL_MESH,REQUIRED,REQUIRED,NONE,
mon:40,fire devil,creature,monster,./mon/firedevil.mon,P2,TODO,,,,SKELETAL_MESH,REQUIRED,REQUIRED,NONE,
mon:41,lion,creature,monster,./mon/lion.mon,P2,TODO,,,,SKELETAL_MESH,REQUIRED,REQUIRED,NONE,
mon:42,polar bear,creature,monster,./mon/polarbear.mon,P2,TODO,,,,SKELETAL_MESH,REQUIRED,REQUIRED,NONE,
mon:43,scorpion,creature,monster,./mon/scorpion.mon,P2,TODO,,,,SKELETAL_MESH,REQUIRED,REQUIRED,NONE,
mon:46,black knight,creature,monster,./mon/blackknight.mon,P2,TODO,,,,SKELETAL_MESH,REQUIRED,REQUIRED,NONE,
mon:47,wild warrior,creature,monster,./mon/wildwarrior.mon,P2,TODO,,,,SKELETAL_MESH,REQUIRED,REQUIRED,NONE,
mon:48,ghost,creature,monster,./mon/ghost.mon,P2,TODO,,,,SKELETAL_MESH,REQUIRED,REQUIRED,NONE,
mon:49,fire elemental,creature,monster,./mon/fireelemental.mon,P2,TODO,,,,SKELETAL_MESH,REQUIRED,REQUIRED,NONE,
mon:51,green djinn,creature,monster,./mon/greendjinn.mon,P2,TODO,,,,SKELETAL_MESH,REQUIRED,REQUIRED,NONE,
mon:52,winter wolf,creature,monster,./mon/winterwolf.mon,P2,TODO,,,,SKELETAL_MESH,REQUIRED,REQUIRED,NONE,
mon:53,frost troll,creature,monster,./mon/frosttroll.mon,P2,TODO,,,,SKELETAL_MESH,REQUIRED,REQUIRED,NONE,
mon:54,witch,creature,monster,./mon/witch.mon,P2,TODO,,,,SKELETAL_MESH,REQUIRED,REQUIRED,NONE,
mon:55,behemoth,creature,monster,./mon/behemoth.mon,P2,TODO,,,,SKELETAL_MESH,REQUIRED,REQUIRED,NONE,
mon:57,monk,creature,monster,./mon/monk.mon,P2,TODO,,,,SKELETAL_MESH,REQUIRED,REQUIRED,NONE,
mon:58,priestess,creature,monster,./mon/priestess.mon,P2,TODO,,,,SKELETAL_MESH,REQUIRED,REQUIRED,NONE,
mon:59,orc leader,creature,monster,./mon/orcleader.mon,P2,TODO,,,,SKELETAL_MESH,REQUIRED,REQUIRED,NONE,
mon:6,orc shaman,creature,monster,./mon/orcshaman.mon,P2,TODO,,,,SKELETAL_MESH,REQUIRED,REQUIRED,NONE,
mon:60,pig,creature,monster,./mon/pig.mon,P2,TODO,,,,SKELETAL_MESH,REQUIRED,REQUIRED,NONE,
mon:62,elf,creature,monster,./mon/elf.mon,P2,TODO,,,,SKELETAL_MESH,REQUIRED,REQUIRED,NONE,
mon:63,elf arcanist,creature,monster,./mon/elfarcanist.mon,P2,TODO,,,,SKELETAL_MESH,REQUIRED,REQUIRED,NONE,
mon:64,elf scout,creature,monster,./mon/elfscout.mon,P2,TODO,,,,SKELETAL_MESH,REQUIRED,REQUIRED,NONE,
mon:65,mummy,creature,monster,./mon/mummy.mon,P2,TODO,,,,SKELETAL_MESH,REQUIRED,REQUIRED,NONE,
mon:66,dwarf geomancer,creature,monster,./mon/dwarfgeomancer.mon,P2,TODO,,,,SKELETAL_MESH,REQUIRED,REQUIRED,NONE,
mon:67,stone golem,creature,monster,./mon/stonegolem.mon,P2,TODO,,,,SKELETAL_MESH,REQUIRED,REQUIRED,NONE,
mon:68,vampire,creature,monster,./mon/vampire.mon,P2,TODO,,,,SKELETAL_MESH,REQUIRED,REQUIRED,NONE,
mon:69,dwarf,creature,monster,./mon/dwarf.mon,P2,TODO,,,,SKELETAL_MESH,REQUIRED,REQUIRED,NONE,
mon:7,orc warrior,creature,monster,./mon/orcwarrior.mon,P2,TODO,,,,SKELETAL_MESH,REQUIRED,REQUIRED,NONE,
mon:70,dwarf guard,creature,monster,./mon/dwarfguard.mon,P2,TODO,,,,SKELETAL_MESH,REQUIRED,REQUIRED,NONE,
mon:71,dwarf soldier,creature,monster,./mon/dwarfsoldier.mon,P2,TODO,,,,SKELETAL_MESH,REQUIRED,REQUIRED,NONE,
mon:72,stalker,creature,monster,./mon/stalker.mon,P2,TODO,,,,SKELETAL_MESH,REQUIRED,REQUIRED,NONE,
mon:73,hero,creature,monster,./mon/hero.mon,P2,TODO,,,,SKELETAL_MESH,REQUIRED,REQUIRED,NONE,
mon:76,swamp troll,creature,monster,./mon/swamptroll.mon,P2,TODO,,,,SKELETAL_MESH,REQUIRED,REQUIRED,NONE,
mon:77,amazon,creature,monster,./mon/amazon.mon,P2,TODO,,,,SKELETAL_MESH,REQUIRED,REQUIRED,NONE,
mon:78,banshee,creature,monster,./mon/banshee.mon,P2,TODO,,,,SKELETAL_MESH,REQUIRED,REQUIRED,NONE,
mon:79,ancient scarab,creature,monster,./mon/ancientscarab.mon,P2,TODO,,,,SKELETAL_MESH,REQUIRED,REQUIRED,NONE,
mon:8,orc berserker,creature,monster,./mon/orcberserker.mon,P2,TODO,,,,SKELETAL_MESH,REQUIRED,REQUIRED,NONE,
mon:80,blue djinn,creature,monster,./mon/bluedjinn.mon,P2,TODO,,,,SKELETAL_MESH,REQUIRED,REQUIRED,NONE,
mon:81,cobra,creature,monster,./mon/cobra.mon,P2,TODO,,,,SKELETAL_MESH,REQUIRED,REQUIRED,NONE,
mon:82,larva,creature,monster,./mon/larva.mon,P2,TODO,,,,SKELETAL_MESH,REQUIRED,REQUIRED,NONE,
mon:83,scarab,creature,monster,./mon/scarab.mon,P2,TODO,,,,SKELETAL_MESH,REQUIRED,REQUIRED,NONE,
mon:84,Morguthis,creature,monster,./mon/pharaohmorguthis.mon,P2,TODO,,,,SKELETAL_MESH,REQUIRED,REQUIRED,NONE,
mon:85,Vashresamun,creature,monster,./mon/pharaohvashresamun.mon,P2,TODO,,,,SKELETAL_MESH,REQUIRED,REQUIRED,NONE,
mon:86,Mahrdis,creature,monster,./mon/pharaohmahrdis.mon,P2,TODO,,,,SKELETAL_MESH,REQUIRED,REQUIRED,NONE,
mon:87,Dipthrah,creature,monster,./mon/pharaohdipthrah.mon,P2,TODO,,,,SKELETAL_MESH,REQUIRED,REQUIRED,NONE,
mon:88,Rahemos,creature,monster,./mon/pharaohrahemos.mon,P2,TODO,,,,SKELETAL_MESH,REQUIRED,REQUIRED,NONE,
mon:89,Thalas,creature,monster,./mon/pharaohthalas.mon,P2,TODO,,,,SKELETAL_MESH,REQUIRED,REQUIRED,NONE,
mon:9,necromancer,creature,monster,./mon/necromancer.mon,P2,TODO,,,,SKELETAL_MESH,REQUIRED,REQUIRED,NONE,
mon:90,Omruc,creature,monster,./mon/pharaohomruc.mon,P2,TODO,,,,SKELETAL_MESH,REQUIRED,REQUIRED,NONE,
mon:91,Ashmunrah,creature,monster,./mon/pharaohashmunrah.mon,P2,TODO,,,,SKELETAL_MESH,REQUIRED,REQUIRED,NONE,
mon:93,flamethrower,creature,monster,./mon/flamethrower.mon,P2,TODO,,,,SKELETAL_MESH,REQUIRED,REQUIRED,NONE,
mon:94,hyaena,creature,monster,./mon/hyaena.mon,P2,TODO,,,,SKELETAL_MESH,REQUIRED,REQUIRED,NONE,
mon:95,gargoyle,creature,monster,./mon/gargoyle.mon,P2,TODO,,,,SKELETAL_MESH,REQUIRED,REQUIRED,NONE,
mon:96,plaguethrower,creature,monster,./mon/plaguethrower.mon,P2,TODO,,,,SKELETAL_MESH,REQUIRED,REQUIRED,NONE,
mon:97,shredderthrower,creature,monster,./mon/shredderthrower.mon,P2,TODO,,,,SKELETAL_MESH,REQUIRED,REQUIRED,NONE,
mon:98,magicthrower,creature,monster,./mon/magicthrower.mon,P2,TODO,,,,SKELETAL_MESH,REQUIRED,REQUIRED,NONE,
mon:99,lich,creature,monster,./mon/lich.mon,P2,TODO,,,,SKELETAL_MESH,REQUIRED,REQUIRED,NONE,
npc:A Ghostly Woman,A Ghostly Woman,creature,npc,./npc/spooky.npc,P2,TODO,,,,SHARED_CANDIDATE:outfit:136,REQUIRED,REQUIRED,NONE,
npc:A Lost Soul,A Lost Soul,creature,npc,./npc/soullost.npc,P2,TODO,,,,SHARED_CANDIDATE:outfit:48,REQUIRED,REQUIRED,NONE,
npc:A Prisoner,A Prisoner,creature,npc,./npc/prisoner.npc,P2,TODO,,,,SHARED_CANDIDATE:outfit:130,REQUIRED,REQUIRED,NONE,
npc:A Strange Fellow,A Strange Fellow,creature,npc,./npc/stranger.npc,P2,TODO,,,,SHARED_CANDIDATE:outfit:128,REQUIRED,REQUIRED,NONE,
npc:A Sweaty Cyclops,A Sweaty Cyclops,creature,npc,./npc/bigben.npc,P2,TODO,,,,SHARED_CANDIDATE:outfit:22,REQUIRED,REQUIRED,NONE,
npc:A Tainted Soul,A Tainted Soul,creature,npc,./npc/soultainted.npc,P2,TODO,,,,SHARED_CANDIDATE:outfit:48,REQUIRED,REQUIRED,NONE,
npc:A Tortured Soul,A Tortured Soul,creature,npc,./npc/soultortured.npc,P2,TODO,,,,SHARED_CANDIDATE:outfit:48,REQUIRED,REQUIRED,NONE,
npc:A Wrinkled Beholder,A Wrinkled Beholder,creature,npc,./npc/beholder.npc,P2,TODO,,,,SHARED_CANDIDATE:outfit:17,REQUIRED,REQUIRED,NONE,
npc:Abran Ironeye,Abran Ironeye,creature,npc,./npc/ironeye.npc,P2,TODO,,,,SHARED_CANDIDATE:outfit:73,REQUIRED,REQUIRED,NONE,
npc:Adrenius,Adrenius,creature,npc,./npc/adrenius.npc,P2,TODO,,,,SHARED_CANDIDATE:outfit:9,REQUIRED,REQUIRED,NONE,
npc:Ahmet,Ahmet,creature,npc,./npc/ahmet.npc,P2,TODO,,,,SHARED_CANDIDATE:outfit:130,REQUIRED,REQUIRED,NONE,
npc:Albert,Albert,creature,npc,./npc/albert.npc,P2,TODO,,,,SHARED_CANDIDATE:outfit:130,REQUIRED,REQUIRED,NONE,
npc:Aldo,Aldo,creature,npc,./npc/aldo.npc,P2,TODO,,,,SHARED_CANDIDATE:outfit:128,REQUIRED,REQUIRED,NONE,
npc:Alesar,Alesar,creature,npc,./npc/alesar.npc,P2,TODO,,,,SHARED_CANDIDATE:outfit:80,REQUIRED,REQUIRED,NONE,
npc:Alexander,Alexander,creature,npc,./npc/alexander.npc,P2,TODO,,,,SHARED_CANDIDATE:outfit:130,REQUIRED,REQUIRED,NONE,
npc:Alia,Alia,creature,npc,./npc/alia.npc,P2,TODO,,,,SHARED_CANDIDATE:outfit:138,REQUIRED,REQUIRED,NONE,
npc:Allen,Allen,creature,npc,./npc/allen.npc,P2,TODO,,,,SHARED_CANDIDATE:outfit:128,REQUIRED,REQUIRED,NONE,
npc:Alwin,Alwin,creature,npc,./npc/alwin.npc,P2,TODO,,,,SHARED_CANDIDATE:outfit:131,REQUIRED,REQUIRED,NONE,
npc:Amanda,Amanda,creature,npc,./npc/amanda.npc,P2,TODO,,,,SHARED_CANDIDATE:outfit:138,REQUIRED,REQUIRED,NONE,
npc:An Apparition,An Apparition,creature,npc,./npc/apparition.npc,P2,TODO,,,,SHARED_CANDIDATE:outfit:48,REQUIRED,REQUIRED,NONE,
npc:An Old Dragonlord,An Old Dragonlord,creature,npc,./npc/olddragon.npc,P2,TODO,,,,SHARED_CANDIDATE:outfit:39,REQUIRED,REQUIRED,NONE,
npc:Anderson,Anderson,creature,npc,./npc/ferryman2.npc,P2,TODO,,,,SHARED_CANDIDATE:outfit:129,REQUIRED,REQUIRED,NONE,
npc:Anerui,Anerui,creature,npc,./npc/anerui.npc,P2,TODO,,,,SHARED_CANDIDATE:outfit:63,REQUIRED,REQUIRED,NONE,
npc:Aneus,Aneus,creature,npc,./npc/aneus.npc,P2,TODO,,,,SHARED_CANDIDATE:outfit:129,REQUIRED,REQUIRED,NONE,
npc:Angelina,Angelina,creature,npc,./npc/angelina.npc,P2,TODO,,,,SHARED_CANDIDATE:outfit:136,REQUIRED,REQUIRED,NONE,
npc:Angus,Angus,creature,npc,./npc/angus.npc,P2,TODO,,,,SHARED_CANDIDATE:outfit:133,REQUIRED,REQUIRED,NONE,
npc:Arito,Arito,creature,npc,./npc/arito.npc,P2,TODO,,,,SHARED_CANDIDATE:outfit:132,REQUIRED,REQUIRED,NONE,
npc:Arkhothep,Arkhothep,creature,npc,./npc/arkhothep.npc,P2,TODO,,,,SHARED_CANDIDATE:outfit:91,REQUIRED,REQUIRED,NONE,
npc:Arnold,Arnold,creature,npc,./npc/arnold.npc,P2,TODO,,,,SHARED_CANDIDATE:outfit:131,REQUIRED,REQUIRED,NONE,
npc:Aruda,Aruda,creature,npc,./npc/aruda.npc,P2,TODO,,,,SHARED_CANDIDATE:outfit:140,REQUIRED,REQUIRED,NONE,
npc:Ashtamor,Ashtamor,creature,npc,./npc/ashtamor.npc,P2,TODO,,,,SHARED_CANDIDATE:outfit:130,REQUIRED,REQUIRED,NONE,
npc:Asima,Asima,creature,npc,./npc/asima.npc,P2,TODO,,,,SHARED_CANDIDATE:outfit:138,REQUIRED,REQUIRED,NONE,
npc:Asrak,Asrak,creature,npc,./npc/asrak.npc,P2,TODO,,,,SHARED_CANDIDATE:outfit:29,REQUIRED,REQUIRED,NONE,
npc:Avar Tar,Avar Tar,creature,npc,./npc/avar.npc,P2,TODO,,,,SHARED_CANDIDATE:outfit:73,REQUIRED,REQUIRED,NONE,
npc:Azil,Azil,creature,npc,./npc/azil.npc,P2,TODO,,,,SHARED_CANDIDATE:outfit:129,REQUIRED,REQUIRED,NONE,
npc:Baa'leal,Baa'leal,creature,npc,./npc/baaleal.npc,P2,TODO,,,,SHARED_CANDIDATE:outfit:51,REQUIRED,REQUIRED,NONE,
npc:Bambi Bonecrusher,Bambi Bonecrusher,creature,npc,./npc/bambi.npc,P2,TODO,,,,SHARED_CANDIDATE:outfit:139,REQUIRED,REQUIRED,NONE,
npc:Barbara,Barbara,creature,npc,./npc/barbara.npc,P2,TODO,,,,SHARED_CANDIDATE:outfit:139,REQUIRED,REQUIRED,NONE,
npc:Bashira,Bashira,creature,npc,./npc/bashira.npc,P2,TODO,,,,SHARED_CANDIDATE:outfit:144,REQUIRED,REQUIRED,NONE,
npc:Basilisk,Basilisk,creature,npc,./npc/basilisk.npc,P2,TODO,,,,SHARED_CANDIDATE:outfit:28,REQUIRED,REQUIRED,NONE,
npc:Baxter,Baxter,creature,npc,./npc/baxter.npc,P2,TODO,,,,SHARED_CANDIDATE:outfit:131,REQUIRED,REQUIRED,NONE,
npc:Beatrice,Beatrice,creature,npc,./npc/beatrice.npc,P2,TODO,,,,SHARED_CANDIDATE:outfit:136,REQUIRED,REQUIRED,NONE,
npc:Benjamin,Benjamin,creature,npc,./npc/benjamin.npc,P2,TODO,,,,SHARED_CANDIDATE:outfit:128,REQUIRED,REQUIRED,NONE,
npc:Bezil,Bezil,creature,npc,./npc/bezil.npc,P2,TODO,,,,SHARED_CANDIDATE:outfit:160,REQUIRED,REQUIRED,NONE,
npc:Blind Orc,Blind Orc,creature,npc,./npc/blindorc.npc,P2,TODO,,,,SHARED_CANDIDATE:outfit:5,REQUIRED,REQUIRED,NONE,
npc:Blossom Bonecrusher,Blossom Bonecrusher,creature,npc,./npc/blossom.npc,P2,TODO,,,,SHARED_CANDIDATE:outfit:139,REQUIRED,REQUIRED,NONE,
npc:Bo'ques,Bo'ques,creature,npc,./npc/boques.npc,P2,TODO,,,,SHARED_CANDIDATE:outfit:80,REQUIRED,REQUIRED,NONE,
npc:Bonifacius,Bonifacius,creature,npc,./npc/bonifacius.npc,P2,TODO,,,,SHARED_CANDIDATE:outfit:128,REQUIRED,REQUIRED,NONE,
npc:Boozer,Boozer,creature,npc,./npc/boozer.npc,P2,TODO,,,,SHARED_CANDIDATE:outfit:128,REQUIRED,REQUIRED,NONE,
npc:Borkas,Borkas,creature,npc,./npc/borkas.npc,P2,TODO,,,,SHARED_CANDIDATE:outfit:128,REQUIRED,REQUIRED,NONE,
npc:Bozo,Bozo,creature,npc,./npc/bozo.npc,P2,TODO,,,,SHARED_CANDIDATE:outfit:128,REQUIRED,REQUIRED,NONE,
npc:Brasith,Brasith,creature,npc,./npc/brasith.npc,P2,TODO,,,,SHARED_CANDIDATE:outfit:144,REQUIRED,REQUIRED,NONE,
npc:Brengus,Brengus,creature,npc,./npc/brengus.npc,P2,TODO,,,,SHARED_CANDIDATE:outfit:132,REQUIRED,REQUIRED,NONE,
npc:Brewster,Brewster,creature,npc,./npc/brewster.npc,P2,TODO,,,,SHARED_CANDIDATE:outfit:133,REQUIRED,REQUIRED,NONE,
npc:Briasol,Briasol,creature,npc,./npc/briasol.npc,P2,TODO,,,,SHARED_CANDIDATE:outfit:144,REQUIRED,REQUIRED,NONE,
npc:Brodrosch,Brodrosch,creature,npc,./npc/brodrosch.npc,P2,TODO,,,,SHARED_CANDIDATE:outfit:66,REQUIRED,REQUIRED,NONE,
npc:Bruno,Bruno,creature,npc,./npc/bruno.npc,P2,TODO,,,,SHARED_CANDIDATE:outfit:128,REQUIRED,REQUIRED,NONE,
npc:Budrik,Budrik,creature,npc,./npc/budrik.npc,P2,TODO,,,,SHARED_CANDIDATE:outfit:160,REQUIRED,REQUIRED,NONE,
npc:Bunny Bonecrusher,Bunny Bonecrusher,creature,npc,./npc/bunny.npc,P2,TODO,,,,SHARED_CANDIDATE:outfit:139,REQUIRED,REQUIRED,NONE,
npc:Busty Bonecrusher,Busty Bonecrusher,creature,npc,./npc/busty.npc,P2,TODO,,,,SHARED_CANDIDATE:outfit:139,REQUIRED,REQUIRED,NONE,
npc:Captain Bluebear,Captain Bluebear,creature,npc,./npc/captain1.npc,P2,TODO,,,,SHARED_CANDIDATE:outfit:129,REQUIRED,REQUIRED,NONE,
npc:Captain Fearless,Captain Fearless,creature,npc,./npc/captain5.npc,P2,TODO,,,,SHARED_CANDIDATE:outfit:129,REQUIRED,REQUIRED,NONE,
npc:Captain Greyhound,Captain Greyhound,creature,npc,./npc/captain2.npc,P2,TODO,,,,SHARED_CANDIDATE:outfit:129,REQUIRED,REQUIRED,NONE,
npc:Captain Jack,Captain Jack,creature,npc,./npc/ferrymanjack.npc,P2,TODO,,,,SHARED_CANDIDATE:outfit:132,REQUIRED,REQUIRED,NONE,
npc:Captain Seagull,Captain Seagull,creature,npc,./npc/captain3.npc,P2,TODO,,,,SHARED_CANDIDATE:outfit:129,REQUIRED,REQUIRED,NONE,
npc:Captain Seahorse,Captain Seahorse,creature,npc,./npc/captain4.npc,P2,TODO,,,,SHARED_CANDIDATE:outfit:129,REQUIRED,REQUIRED,NONE,
npc:Captain Sinbeard,Captain Sinbeard,creature,npc,./npc/captain7.npc,P2,TODO,,,,SHARED_CANDIDATE:outfit:134,REQUIRED,REQUIRED,NONE,
npc:Carina,Carina,creature,npc,./npc/carina.npc,P2,TODO,,,,SHARED_CANDIDATE:outfit:138,REQUIRED,REQUIRED,NONE,
npc:Carlson,Carlson,creature,npc,./npc/ferryman4.npc,P2,TODO,,,,SHARED_CANDIDATE:outfit:129,REQUIRED,REQUIRED,NONE,
npc:Charles,Charles,creature,npc,./npc/charles.npc,P2,TODO,,,,SHARED_CANDIDATE:outfit:134,REQUIRED,REQUIRED,NONE,
npc:Chatterbone,Chatterbone,creature,npc,./npc/chatterbone.npc,P2,TODO,,,,SHARED_CANDIDATE:outfit:18,REQUIRED,REQUIRED,NONE,
npc:Chemar,Chemar,creature,npc,./npc/chemar.npc,P2,TODO,,,,SHARED_CANDIDATE:outfit:130,REQUIRED,REQUIRED,NONE,
npc:Chephan,Chephan,creature,npc,./npc/chephan.npc,P2,TODO,,,,SHARED_CANDIDATE:outfit:128,REQUIRED,REQUIRED,NONE,
npc:Chester Kahs,Chester Kahs,creature,npc,./npc/chester.npc,P2,TODO,,,,SHARED_CANDIDATE:outfit:131,REQUIRED,REQUIRED,NONE,
npc:Christoph,Christoph,creature,npc,./npc/christoph.npc,P2,TODO,,,,SHARED_CANDIDATE:outfit:131,REQUIRED,REQUIRED,NONE,
npc:Chrystal,Chrystal,creature,npc,./npc/chrystal.npc,P2,TODO,,,,SHARED_CANDIDATE:outfit:136,REQUIRED,REQUIRED,NONE,
npc:Clark,Clark,creature,npc,./npc/clark.npc,P2,TODO,,,,SHARED_CANDIDATE:outfit:129,REQUIRED,REQUIRED,NONE,
npc:Clyde,Clyde,creature,npc,./npc/clyde.npc,P2,TODO,,,,SHARED_CANDIDATE:outfit:128,REQUIRED,REQUIRED,NONE,
npc:Cobra,Cobra,creature,npc,./npc/cobra.npc,P2,TODO,,,,SKELETAL_MESH,REQUIRED,REQUIRED,NONE,
npc:Cornelia,Cornelia,creature,npc,./npc/cornelia.npc,P2,TODO,,,,SHARED_CANDIDATE:outfit:139,REQUIRED,REQUIRED,NONE,
npc:Costello,Costello,creature,npc,./npc/costello.npc,P2,TODO,,,,SHARED_CANDIDATE:outfit:57,REQUIRED,REQUIRED,NONE,
npc:Dabui,Dabui,creature,npc,./npc/dabui.npc,P2,TODO,,,,SHARED_CANDIDATE:outfit:129,REQUIRED,REQUIRED,NONE,
npc:Dagomir,Dagomir,creature,npc,./npc/dagomir.npc,P2,TODO,,,,SHARED_CANDIDATE:outfit:130,REQUIRED,REQUIRED,NONE,
npc:Dalbrect,Dalbrect,creature,npc,./npc/windtrouser.npc,P2,TODO,,,,SHARED_CANDIDATE:outfit:129,REQUIRED,REQUIRED,NONE,
npc:Dane,Dane,creature,npc,./npc/dane.npc,P2,TODO,,,,SHARED_CANDIDATE:outfit:136,REQUIRED,REQUIRED,NONE,
npc:Daniel Steelsoul,Daniel Steelsoul,creature,npc,./npc/daniel.npc,P2,TODO,,,,SHARED_CANDIDATE:outfit:73,REQUIRED,REQUIRED,NONE,
npc:Dario,Dario,creature,npc,./npc/dario.npc,P2,TODO,,,,SHARED_CANDIDATE:outfit:144,REQUIRED,REQUIRED,NONE,
npc:Demon Skeleton,Demon Skeleton,creature,npc,./npc/demonskeleton.npc,P2,TODO,,,,SHARED_CANDIDATE:outfit:37,REQUIRED,REQUIRED,NONE,
npc:Demonguard,Demonguard,creature,npc,./npc/demongrd.npc,P2,TODO,,,,SHARED_CANDIDATE:outfit:131,REQUIRED,REQUIRED,NONE,
npc:Dermot,Dermot,creature,npc,./npc/dermot.npc,P2,TODO,,,,SHARED_CANDIDATE:outfit:129,REQUIRED,REQUIRED,NONE,
npc:Digger,Digger,creature,npc,./npc/digger.npc,P2,TODO,,,,SHARED_CANDIDATE:outfit:9,REQUIRED,REQUIRED,NONE,
npc:Djema,Djema,creature,npc,./npc/djema.npc,P2,TODO,,,,SHARED_CANDIDATE:outfit:136,REQUIRED,REQUIRED,NONE,
npc:Donald McRonald,Donald McRonald,creature,npc,./npc/don.npc,P2,TODO,,,,SHARED_CANDIDATE:outfit:128,REQUIRED,REQUIRED,NONE,
npc:Dove,Dove,creature,npc,./npc/dove.npc,P2,TODO,,,,SHARED_CANDIDATE:outfit:136,REQUIRED,REQUIRED,NONE,
npc:Duria,Duria,creature,npc,./npc/duria.npc,P2,TODO,,,,SHARED_CANDIDATE:outfit:70,REQUIRED,REQUIRED,NONE,
npc:Dustrunner,Dustrunner,creature,npc,./npc/dustrunner.npc,P2,TODO,,,,SHARED_CANDIDATE:outfit:32,REQUIRED,REQUIRED,NONE,
npc:Ebenizer,Ebenizer,creature,npc,./npc/ebenizer.npc,P2,TODO,,,,SHARED_CANDIDATE:outfit:128,REQUIRED,REQUIRED,NONE,
npc:Edala,Edala,creature,npc,./npc/edala.npc,P2,TODO,,,,SHARED_CANDIDATE:outfit:63,REQUIRED,REQUIRED,NONE,
npc:Eddy,Eddy,creature,npc,./npc/eddy.npc,P2,TODO,,,,SHARED_CANDIDATE:outfit:128,REQUIRED,REQUIRED,NONE,
npc:Edoch,Edoch,creature,npc,./npc/edoch.npc,P2,TODO,,,,SHARED_CANDIDATE:outfit:129,REQUIRED,REQUIRED,NONE,
npc:Edowir,Edowir,creature,npc,./npc/edowir.npc,P2,TODO,,,,SHARED_CANDIDATE:outfit:130,REQUIRED,REQUIRED,NONE,
npc:Edvard,Edvard,creature,npc,./npc/edvard.npc,P2,TODO,,,,SHARED_CANDIDATE:outfit:128,REQUIRED,REQUIRED,NONE,
npc:Elane,Elane,creature,npc,./npc/elane.npc,P2,TODO,,,,SHARED_CANDIDATE:outfit:137,REQUIRED,REQUIRED,NONE,
npc:Elathriel,Elathriel,creature,npc,./npc/elathriel.npc,P2,TODO,,,,SHARED_CANDIDATE:outfit:64,REQUIRED,REQUIRED,NONE,
npc:Elf Guard,Elf Guard,creature,npc,./npc/elfguard.npc,P2,TODO,,,,SHARED_CANDIDATE:outfit:63,REQUIRED,REQUIRED,NONE,
npc:Elvith,Elvith,creature,npc,./npc/elvith.npc,P2,TODO,,,,SHARED_CANDIDATE:outfit:144,REQUIRED,REQUIRED,NONE,
npc:Emperor Kruzak,Emperor Kruzak,creature,npc,./npc/kruzak.npc,P2,TODO,,,,SHARED_CANDIDATE:outfit:66,REQUIRED,REQUIRED,NONE,
npc:Eremo,Eremo,creature,npc,./npc/eremo.npc,P2,TODO,,,,SHARED_CANDIDATE:outfit:130,REQUIRED,REQUIRED,NONE,
npc:Eroth,Eroth,creature,npc,./npc/eroth.npc,P2,TODO,,,,SHARED_CANDIDATE:outfit:63,REQUIRED,REQUIRED,NONE,
npc:Etzel,Etzel,creature,npc,./npc/etzel.npc,P2,TODO,,,,SHARED_CANDIDATE:outfit:66,REQUIRED,REQUIRED,NONE,
npc:Eva,Eva,creature,npc,./npc/eva.npc,P2,TODO,,,,SHARED_CANDIDATE:outfit:136,REQUIRED,REQUIRED,NONE,
npc:Fa'hradin,Fa'hradin,creature,npc,./npc/fahradin.npc,P2,TODO,,,,SHARED_CANDIDATE:outfit:80,REQUIRED,REQUIRED,NONE,
npc:Falk,Falk,creature,npc,./npc/falk.npc,P2,TODO,,,,SHARED_CANDIDATE:outfit:131,REQUIRED,REQUIRED,NONE,
npc:Faluae,Faluae,creature,npc,./npc/faluae.npc,P2,TODO,,,,SHARED_CANDIDATE:outfit:62,REQUIRED,REQUIRED,NONE,
npc:Feizuhl,Feizuhl,creature,npc,./npc/feizuhl.npc,P2,TODO,,,,SHARED_CANDIDATE:outfit:133,REQUIRED,REQUIRED,NONE,
npc:Fenbala,Fenbala,creature,npc,./npc/fenbala.npc,P2,TODO,,,,SHARED_CANDIDATE:outfit:139,REQUIRED,REQUIRED,NONE,
npc:Fenech,Fenech,creature,npc,./npc/fenech.npc,P2,TODO,,,,SHARED_CANDIDATE:outfit:132,REQUIRED,REQUIRED,NONE,
npc:Ferks,Ferks,creature,npc,./npc/ferks.npc,P2,TODO,,,,SHARED_CANDIDATE:outfit:128,REQUIRED,REQUIRED,NONE,
npc:Frans,Frans,creature,npc,./npc/frans.npc,P2,TODO,,,,SKELETAL_MESH,REQUIRED,REQUIRED,NONE,
npc:Frodo,Frodo,creature,npc,./npc/frodo.npc,P2,TODO,,,,SHARED_CANDIDATE:outfit:128,REQUIRED,REQUIRED,NONE,
npc:Gabel,Gabel,creature,npc,./npc/gabel.npc,P2,TODO,,,,SHARED_CANDIDATE:outfit:80,REQUIRED,REQUIRED,NONE,
npc:Gail,Gail,creature,npc,./npc/gail.npc,P2,TODO,,,,SHARED_CANDIDATE:outfit:140,REQUIRED,REQUIRED,NONE,
npc:Galuna,Galuna,creature,npc,./npc/galuna.npc,P2,TODO,,,,SHARED_CANDIDATE:outfit:137,REQUIRED,REQUIRED,NONE,
npc:Gamel,Gamel,creature,npc,./npc/gamel.npc,P2,TODO,,,,SHARED_CANDIDATE:outfit:129,REQUIRED,REQUIRED,NONE,
npc:Gamon,Gamon,creature,npc,./npc/gamon.npc,P2,TODO,,,,SHARED_CANDIDATE:outfit:128,REQUIRED,REQUIRED,NONE,
npc:Gorn,Gorn,creature,npc,./npc/gorn.npc,P2,TODO,,,,SHARED_CANDIDATE:outfit:129,REQUIRED,REQUIRED,NONE,
npc:Graubart,Graubart,creature,npc,./npc/graubart.npc,P2,TODO,,,,SHARED_CANDIDATE:outfit:128,REQUIRED,REQUIRED,NONE,
npc:Gregor,Gregor,creature,npc,./npc/gregor.npc,P2,TODO,,,,SHARED_CANDIDATE:outfit:131,REQUIRED,REQUIRED,NONE,
"npc:Grof, the guard","Grof, the guard",creature,npc,./npc/grof.npc,P2,TODO,,,,SHARED_CANDIDATE:outfit:131,REQUIRED,REQUIRED,NONE,
npc:Gundralph,Gundralph,creature,npc,./npc/gundralph.npc,P2,TODO,,,,SHARED_CANDIDATE:outfit:9,REQUIRED,REQUIRED,NONE,
npc:Gurbasch,Gurbasch,creature,npc,./npc/gurbasch.npc,P2,TODO,,,,SHARED_CANDIDATE:outfit:66,REQUIRED,REQUIRED,NONE,
npc:H.L.,H.L.,creature,npc,./npc/hl.npc,P2,TODO,,,,SHARED_CANDIDATE:outfit:131,REQUIRED,REQUIRED,NONE,
npc:Habdel,Habdel,creature,npc,./npc/habdel.npc,P2,TODO,,,,SHARED_CANDIDATE:outfit:129,REQUIRED,REQUIRED,NONE,
npc:Hagor,Hagor,creature,npc,./npc/hagor.npc,P2,TODO,,,,SHARED_CANDIDATE:outfit:129,REQUIRED,REQUIRED,NONE,
npc:Hairycles,Hairycles,creature,npc,./npc/hairycles.npc,P2,TODO,,,,SHARED_CANDIDATE:outfit:117,REQUIRED,REQUIRED,NONE,
npc:Halif,Halif,creature,npc,./npc/halif.npc,P2,TODO,,,,SHARED_CANDIDATE:outfit:128,REQUIRED,REQUIRED,NONE,
npc:Hanna,Hanna,creature,npc,./npc/hanna.npc,P2,TODO,,,,SHARED_CANDIDATE:outfit:136,REQUIRED,REQUIRED,NONE,
npc:Hardek,Hardek,creature,npc,./npc/hardek.npc,P2,TODO,,,,SHARED_CANDIDATE:outfit:129,REQUIRED,REQUIRED,NONE,
npc:Harkath Bloodblade,Harkath Bloodblade,creature,npc,./npc/blood.npc,P2,TODO,,,,SHARED_CANDIDATE:outfit:131,REQUIRED,REQUIRED,NONE,
npc:Haroun,Haroun,creature,npc,./npc/haroun.npc,P2,TODO,,,,SHARED_CANDIDATE:outfit:80,REQUIRED,REQUIRED,NONE,
npc:Harsky,Harsky,creature,npc,./npc/harsky.npc,P2,TODO,,,,SHARED_CANDIDATE:outfit:131,REQUIRED,REQUIRED,NONE,
npc:Helor,Helor,creature,npc,./npc/helor.npc,P2,TODO,,,,SHARED_CANDIDATE:outfit:134,REQUIRED,REQUIRED,NONE,
npc:Hofech,Hofech,creature,npc,./npc/hofech.npc,P2,TODO,,,,SHARED_CANDIDATE:outfit:128,REQUIRED,REQUIRED,NONE,
npc:Hoggle,Hoggle,creature,npc,./npc/hoggle.npc,P2,TODO,,,,SHARED_CANDIDATE:outfit:128,REQUIRED,REQUIRED,NONE,
npc:Hugo,Hugo,creature,npc,./npc/hugo.npc,P2,TODO,,,,SHARED_CANDIDATE:outfit:130,REQUIRED,REQUIRED,NONE,
npc:Humgolf,Humgolf,creature,npc,./npc/humgolf.npc,P2,TODO,,,,SHARED_CANDIDATE:outfit:69,REQUIRED,REQUIRED,NONE,
npc:Humphrey,Humphrey,creature,npc,./npc/humphrey.npc,P2,TODO,,,,SHARED_CANDIDATE:outfit:133,REQUIRED,REQUIRED,NONE,
npc:Imalas,Imalas,creature,npc,./npc/imalas.npc,P2,TODO,,,,SHARED_CANDIDATE:outfit:128,REQUIRED,REQUIRED,NONE,
npc:Imbul,Imbul,creature,npc,./npc/imbul.npc,P2,TODO,,,,SHARED_CANDIDATE:outfit:128,REQUIRED,REQUIRED,NONE,
npc:Irea,Irea,creature,npc,./npc/irea.npc,P2,TODO,,,,SHARED_CANDIDATE:outfit:64,REQUIRED,REQUIRED,NONE,
npc:Ishebad,Ishebad,creature,npc,./npc/ishebad.npc,P2,TODO,,,,SHARED_CANDIDATE:outfit:65,REQUIRED,REQUIRED,NONE,
npc:Ishina,Ishina,creature,npc,./npc/ishina.npc,P2,TODO,,,,SHARED_CANDIDATE:outfit:138,REQUIRED,REQUIRED,NONE,
npc:Isimov,Isimov,creature,npc,./npc/isimov.npc,P2,TODO,,,,SHARED_CANDIDATE:outfit:160,REQUIRED,REQUIRED,NONE,
npc:Iwan,Iwan,creature,npc,./npc/iwan.npc,P2,TODO,,,,SHARED_CANDIDATE:outfit:128,REQUIRED,REQUIRED,NONE,
npc:Iwar,Iwar,creature,npc,./npc/iwar.npc,P2,TODO,,,,SHARED_CANDIDATE:outfit:160,REQUIRED,REQUIRED,NONE,
npc:Jakahr,Jakahr,creature,npc,./npc/jakahr.npc,P2,TODO,,,,SHARED_CANDIDATE:outfit:133,REQUIRED,REQUIRED,NONE,
npc:James,James,creature,npc,./npc/james.npc,P2,TODO,,,,SHARED_CANDIDATE:outfit:128,REQUIRED,REQUIRED,NONE,
npc:Jean Claude,Jean Claude,creature,npc,./npc/jeanclaude.npc,P2,TODO,,,,SHARED_CANDIDATE:outfit:131,REQUIRED,REQUIRED,NONE,
npc:Jezzara,Jezzara,creature,npc,./npc/jezzara.npc,P2,TODO,,,,SHARED_CANDIDATE:outfit:138,REQUIRED,REQUIRED,NONE,
npc:Jimbin,Jimbin,creature,npc,./npc/jimbin.npc,P2,TODO,,,,SHARED_CANDIDATE:outfit:160,REQUIRED,REQUIRED,NONE,
npc:Julian,Julian,creature,npc,./npc/julian.npc,P2,TODO,,,,SHARED_CANDIDATE:outfit:128,REQUIRED,REQUIRED,NONE,
npc:Karl,Karl,creature,npc,./npc/karl.npc,P2,TODO,,,,SHARED_CANDIDATE:outfit:128,REQUIRED,REQUIRED,NONE,
npc:Kasmir,Kasmir,creature,npc,./npc/kasmir.npc,P2,TODO,,,,SHARED_CANDIDATE:outfit:130,REQUIRED,REQUIRED,NONE,
npc:Kawill,Kawill,creature,npc,./npc/kawill.npc,P2,TODO,,,,SHARED_CANDIDATE:outfit:66,REQUIRED,REQUIRED,NONE,
npc:Kazzan,Kazzan,creature,npc,./npc/kazzan.npc,P2,TODO,,,,SHARED_CANDIDATE:outfit:130,REQUIRED,REQUIRED,NONE,
npc:Kevin,Kevin,creature,npc,./npc/kevin.npc,P2,TODO,,,,SHARED_CANDIDATE:outfit:128,REQUIRED,REQUIRED,NONE,
npc:King Tibianus,King Tibianus,creature,npc,./npc/king.npc,P2,TODO,,,,SHARED_CANDIDATE:outfit:130,REQUIRED,REQUIRED,NONE,
npc:Kroox,Kroox,creature,npc,./npc/kroox.npc,P2,TODO,,,,SHARED_CANDIDATE:outfit:160,REQUIRED,REQUIRED,NONE,
"npc:Kulag, the guard","Kulag, the guard",creature,npc,./npc/kulag.npc,P2,TODO,,,,SHARED_CANDIDATE:outfit:131,REQUIRED,REQUIRED,NONE,
npc:Lea,Lea,creature,npc,./npc/lea.npc,P2,TODO,,,,SHARED_CANDIDATE:outfit:138,REQUIRED,REQUIRED,NONE,
npc:Lector,Lector,creature,npc,./npc/lector.npc,P2,TODO,,,,SHARED_CANDIDATE:outfit:128,REQUIRED,REQUIRED,NONE,
npc:Leeland,Leeland,creature,npc,./npc/leeland.npc,P2,TODO,,,,SHARED_CANDIDATE:outfit:130,REQUIRED,REQUIRED,NONE,
npc:Legola,Legola,creature,npc,./npc/legola.npc,P2,TODO,,,,SHARED_CANDIDATE:outfit:137,REQUIRED,REQUIRED,NONE,
npc:Liane,Liane,creature,npc,./npc/liane.npc,P2,TODO,,,,SHARED_CANDIDATE:outfit:136,REQUIRED,REQUIRED,NONE,
npc:Lightfoot,Lightfoot,creature,npc,./npc/lightfoot.npc,P2,TODO,,,,SHARED_CANDIDATE:outfit:32,REQUIRED,REQUIRED,NONE,
npc:Livielle,Livielle,creature,npc,./npc/livielle.npc,P2,TODO,,,,SHARED_CANDIDATE:outfit:138,REQUIRED,REQUIRED,NONE,
npc:Lokur,Lokur,creature,npc,./npc/lokur.npc,P2,TODO,,,,SHARED_CANDIDATE:outfit:160,REQUIRED,REQUIRED,NONE,
npc:Lorbas,Lorbas,creature,npc,./npc/lorbas.npc,P2,TODO,,,,SHARED_CANDIDATE:outfit:57,REQUIRED,REQUIRED,NONE,
npc:Lorek,Lorek,creature,npc,./npc/lorek.npc,P2,TODO,,,,SHARED_CANDIDATE:outfit:132,REQUIRED,REQUIRED,NONE,
npc:Loria,Loria,creature,npc,./npc/loria.npc,P2,TODO,,,,SHARED_CANDIDATE:outfit:138,REQUIRED,REQUIRED,NONE,
npc:Lubo,Lubo,creature,npc,./npc/lubo.npc,P2,TODO,,,,SHARED_CANDIDATE:outfit:129,REQUIRED,REQUIRED,NONE,
npc:Lugri,Lugri,creature,npc,./npc/lugri.npc,P2,TODO,,,,SHARED_CANDIDATE:outfit:9,REQUIRED,REQUIRED,NONE,
npc:Luna,Luna,creature,npc,./npc/luna.npc,P2,TODO,,,,SHARED_CANDIDATE:outfit:137,REQUIRED,REQUIRED,NONE,
npc:Lungelen,Lungelen,creature,npc,./npc/lungelen.npc,P2,TODO,,,,SHARED_CANDIDATE:outfit:138,REQUIRED,REQUIRED,NONE,
npc:Lynda,Lynda,creature,npc,./npc/lynda.npc,P2,TODO,,,,SHARED_CANDIDATE:outfit:138,REQUIRED,REQUIRED,NONE,
npc:Maealil,Maealil,creature,npc,./npc/maealil.npc,P2,TODO,,,,SHARED_CANDIDATE:outfit:63,REQUIRED,REQUIRED,NONE,
npc:Malor,Malor,creature,npc,./npc/malor.npc,P2,TODO,,,,SHARED_CANDIDATE:outfit:51,REQUIRED,REQUIRED,NONE,
npc:Maria,Maria,creature,npc,./npc/maria.npc,P2,TODO,,,,SHARED_CANDIDATE:outfit:136,REQUIRED,REQUIRED,NONE,
npc:Markwin,Markwin,creature,npc,./npc/markwin.npc,P2,TODO,,,,SHARED_CANDIDATE:outfit:23,REQUIRED,REQUIRED,NONE,
npc:Marlene,Marlene,creature,npc,./npc/marlene.npc,P2,TODO,,,,SHARED_CANDIDATE:outfit:136,REQUIRED,REQUIRED,NONE,
npc:Marvik,Marvik,creature,npc,./npc/marvik.npc,P2,TODO,,,,SHARED_CANDIDATE:outfit:130,REQUIRED,REQUIRED,NONE,
npc:Maryza,Maryza,creature,npc,./npc/maryza.npc,P2,TODO,,,,SHARED_CANDIDATE:outfit:160,REQUIRED,REQUIRED,NONE,
npc:Mehkesh,Mehkesh,creature,npc,./npc/mehkesh.npc,P2,TODO,,,,SHARED_CANDIDATE:outfit:130,REQUIRED,REQUIRED,NONE,
npc:Melchior,Melchior,creature,npc,./npc/melchior.npc,P2,TODO,,,,SHARED_CANDIDATE:outfit:130,REQUIRED,REQUIRED,NONE,
npc:Memech,Memech,creature,npc,./npc/memech.npc,P2,TODO,,,,SHARED_CANDIDATE:outfit:131,REQUIRED,REQUIRED,NONE,
npc:Mirabell,Mirabell,creature,npc,./npc/mirabell.npc,P2,TODO,,,,SHARED_CANDIDATE:outfit:136,REQUIRED,REQUIRED,NONE,
npc:Miraia,Miraia,creature,npc,./npc/miraia.npc,P2,TODO,,,,SHARED_CANDIDATE:outfit:136,REQUIRED,REQUIRED,NONE,
npc:Mortimer,Mortimer,creature,npc,./npc/mortimer.npc,P2,TODO,,,,SHARED_CANDIDATE:outfit:133,REQUIRED,REQUIRED,NONE,
npc:Morun,Morun,creature,npc,./npc/morun.npc,P2,TODO,,,,SHARED_CANDIDATE:outfit:129,REQUIRED,REQUIRED,NONE,
npc:Mugluf,Mugluf,creature,npc,./npc/mugluf.npc,P2,TODO,,,,SHARED_CANDIDATE:outfit:128,REQUIRED,REQUIRED,NONE,
npc:Muriel,Muriel,creature,npc,./npc/muriel.npc,P2,TODO,,,,SHARED_CANDIDATE:outfit:130,REQUIRED,REQUIRED,NONE,
npc:Muzir,Muzir,creature,npc,./npc/muzir.npc,P2,TODO,,,,SHARED_CANDIDATE:outfit:128,REQUIRED,REQUIRED,NONE,
npc:Myra,Myra,creature,npc,./npc/myra.npc,P2,TODO,,,,SHARED_CANDIDATE:outfit:140,REQUIRED,REQUIRED,NONE,
npc:Nah'bob,Nah'bob,creature,npc,./npc/nahbob.npc,P2,TODO,,,,SHARED_CANDIDATE:outfit:80,REQUIRED,REQUIRED,NONE,
npc:Nelliem,Nelliem,creature,npc,./npc/nelliem.npc,P2,TODO,,,,SHARED_CANDIDATE:outfit:160,REQUIRED,REQUIRED,NONE,
npc:Nemal,Nemal,creature,npc,./npc/nemal.npc,P2,TODO,,,,SHARED_CANDIDATE:outfit:129,REQUIRED,REQUIRED,NONE,
npc:Nezil,Nezil,creature,npc,./npc/nezil.npc,P2,TODO,,,,SHARED_CANDIDATE:outfit:160,REQUIRED,REQUIRED,NONE,
npc:Nielson,Nielson,creature,npc,./npc/ferryman1.npc,P2,TODO,,,,SHARED_CANDIDATE:outfit:129,REQUIRED,REQUIRED,NONE,
npc:Noodles,Noodles,creature,npc,./npc/noodles.npc,P2,TODO,,,,SHARED_CANDIDATE:outfit:32,REQUIRED,REQUIRED,NONE,
npc:Norbert,Norbert,creature,npc,./npc/norbert.npc,P2,TODO,,,,SHARED_CANDIDATE:outfit:128,REQUIRED,REQUIRED,NONE,
npc:Norf,Norf,creature,npc,./npc/norf.npc,P2,TODO,,,,SHARED_CANDIDATE:outfit:57,REQUIRED,REQUIRED,NONE,
npc:Nydala,Nydala,creature,npc,./npc/nydala.npc,P2,TODO,,,,SHARED_CANDIDATE:outfit:136,REQUIRED,REQUIRED,NONE,
npc:Odemara,Odemara,creature,npc,./npc/odemara.npc,P2,TODO,,,,SHARED_CANDIDATE:outfit:138,REQUIRED,REQUIRED,NONE,
npc:Old Adall,Old Adall,creature,npc,./npc/oldadall.npc,P2,TODO,,,,SHARED_CANDIDATE:outfit:130,REQUIRED,REQUIRED,NONE,
npc:Oldrak,Oldrak,creature,npc,./npc/oldrak.npc,P2,TODO,,,,SHARED_CANDIDATE:outfit:57,REQUIRED,REQUIRED,NONE,
npc:Olrik,Olrik,creature,npc,./npc/olrik.npc,P2,TODO,,,,SHARED_CANDIDATE:outfit:128,REQUIRED,REQUIRED,NONE,
npc:Omur,Omur,creature,npc,./npc/omur.npc,P2,TODO,,,,SHARED_CANDIDATE:outfit:128,REQUIRED,REQUIRED,NONE,
npc:Ormuhn,Ormuhn,creature,npc,./npc/ormuhn.npc,P2,TODO,,,,SHARED_CANDIDATE:outfit:18,REQUIRED,REQUIRED,NONE,
npc:Oswald,Oswald,creature,npc,./npc/oswald.npc,P2,TODO,,,,SHARED_CANDIDATE:outfit:128,REQUIRED,REQUIRED,NONE,
npc:Padreia,Padreia,creature,npc,./npc/padreia.npc,P2,TODO,,,,SHARED_CANDIDATE:outfit:138,REQUIRED,REQUIRED,NONE,
npc:Partos,Partos,creature,npc,./npc/partos.npc,P2,TODO,,,,SHARED_CANDIDATE:outfit:128,REQUIRED,REQUIRED,NONE,
npc:Pemaret,Pemaret,creature,npc,./npc/pemaret.npc,P2,TODO,,,,SHARED_CANDIDATE:outfit:128,REQUIRED,REQUIRED,NONE,
npc:Penny,Penny,creature,npc,./npc/penny.npc,P2,TODO,,,,SHARED_CANDIDATE:outfit:137,REQUIRED,REQUIRED,NONE,
npc:Perac,Perac,creature,npc,./npc/perac.npc,P2,TODO,,,,SHARED_CANDIDATE:outfit:129,REQUIRED,REQUIRED,NONE,
npc:Perod,Perod,creature,npc,./npc/perod.npc,P2,TODO,,,,SHARED_CANDIDATE:outfit:128,REQUIRED,REQUIRED,NONE,
npc:Petros,Petros,creature,npc,./npc/captain6.npc,P2,TODO,,,,SHARED_CANDIDATE:outfit:128,REQUIRED,REQUIRED,NONE,
npc:Phillip,Phillip,creature,npc,./npc/phillip.npc,P2,TODO,,,,SHARED_CANDIDATE:outfit:128,REQUIRED,REQUIRED,NONE,
npc:Pino,Pino,creature,npc,./npc/pino.npc,P2,TODO,,,,SHARED_CANDIDATE:outfit:128,REQUIRED,REQUIRED,NONE,
npc:Puffels,Puffels,creature,npc,./npc/puffels.npc,P2,TODO,,,,SHARED_CANDIDATE:outfit:21,REQUIRED,REQUIRED,NONE,
npc:Pydar,Pydar,creature,npc,./npc/pydar.npc,P2,TODO,,,,SHARED_CANDIDATE:outfit:160,REQUIRED,REQUIRED,NONE,
npc:Queen Eloise,Queen Eloise,creature,npc,./npc/queen.npc,P2,TODO,,,,SHARED_CANDIDATE:outfit:138,REQUIRED,REQUIRED,NONE,
npc:Quentin,Quentin,creature,npc,./npc/quentin.npc,P2,TODO,,,,SHARED_CANDIDATE:outfit:57,REQUIRED,REQUIRED,NONE,
npc:Quero,Quero,creature,npc,./npc/quero.npc,P2,TODO,,,,SHARED_CANDIDATE:outfit:128,REQUIRED,REQUIRED,NONE,
npc:Rachel,Rachel,creature,npc,./npc/rachel.npc,P2,TODO,,,,SHARED_CANDIDATE:outfit:136,REQUIRED,REQUIRED,NONE,
npc:Rahkem,Rahkem,creature,npc,./npc/rahkem.npc,P2,TODO,,,,SHARED_CANDIDATE:outfit:130,REQUIRED,REQUIRED,NONE,
npc:Rata'mari,Rata'mari,creature,npc,./npc/ratamari.npc,P2,TODO,,,,SHARED_CANDIDATE:outfit:21,REQUIRED,REQUIRED,NONE,
npc:Ray,Ray,creature,npc,./npc/ray.npc,P2,TODO,,,,SHARED_CANDIDATE:outfit:128,REQUIRED,REQUIRED,NONE,
npc:Razan,Razan,creature,npc,./npc/razan.npc,P2,TODO,,,,SHARED_CANDIDATE:outfit:129,REQUIRED,REQUIRED,NONE,
npc:Riddler,Riddler,creature,npc,./npc/riddler.npc,P2,TODO,,,,SHARED_CANDIDATE:outfit:48,REQUIRED,REQUIRED,NONE,
npc:Robin,Robin,creature,npc,./npc/robin.npc,P2,TODO,,,,SHARED_CANDIDATE:outfit:129,REQUIRED,REQUIRED,NONE,
npc:Roderick,Roderick,creature,npc,./npc/roderick.npc,P2,TODO,,,,SHARED_CANDIDATE:outfit:130,REQUIRED,REQUIRED,NONE,
npc:Rodney,Rodney,creature,npc,./npc/rodney.npc,P2,TODO,,,,SHARED_CANDIDATE:outfit:128,REQUIRED,REQUIRED,NONE,
npc:Rokyn,Rokyn,creature,npc,./npc/rokyn.npc,P2,TODO,,,,SHARED_CANDIDATE:outfit:160,REQUIRED,REQUIRED,NONE,
npc:Romella,Romella,creature,npc,./npc/romella.npc,P2,TODO,,,,SHARED_CANDIDATE:outfit:139,REQUIRED,REQUIRED,NONE,
npc:Rose,Rose,creature,npc,./npc/rose.npc,P2,TODO,,,,SHARED_CANDIDATE:outfit:136,REQUIRED,REQUIRED,NONE,
npc:Rowenna,Rowenna,creature,npc,./npc/rowenna.npc,P2,TODO,,,,SHARED_CANDIDATE:outfit:139,REQUIRED,REQUIRED,NONE,
npc:Rudolph,Rudolph,creature,npc,./npc/rudolph.npc,P2,TODO,,,,SHARED_CANDIDATE:outfit:128,REQUIRED,REQUIRED,NONE,
npc:Sam,Sam,creature,npc,./npc/sam.npc,P2,TODO,,,,SHARED_CANDIDATE:outfit:131,REQUIRED,REQUIRED,NONE,
npc:Sandra,Sandra,creature,npc,./npc/sandra.npc,P2,TODO,,,,SHARED_CANDIDATE:outfit:137,REQUIRED,REQUIRED,NONE,
npc:Sarina,Sarina,creature,npc,./npc/sarina.npc,P2,TODO,,,,SHARED_CANDIDATE:outfit:136,REQUIRED,REQUIRED,NONE,
npc:Scott,Scott,creature,npc,./npc/scott.npc,P2,TODO,,,,SHARED_CANDIDATE:outfit:131,REQUIRED,REQUIRED,NONE,
npc:Shalmar,Shalmar,creature,npc,./npc/shalmar.npc,P2,TODO,,,,SHARED_CANDIDATE:outfit:130,REQUIRED,REQUIRED,NONE,
npc:Shanar,Shanar,creature,npc,./npc/shanar.npc,P2,TODO,,,,SHARED_CANDIDATE:outfit:144,REQUIRED,REQUIRED,NONE,
npc:Shauna,Shauna,creature,npc,./npc/shauna.npc,P2,TODO,,,,SHARED_CANDIDATE:outfit:139,REQUIRED,REQUIRED,NONE,
npc:Sherry McRonald,Sherry McRonald,creature,npc,./npc/sherry.npc,P2,TODO,,,,SHARED_CANDIDATE:outfit:136,REQUIRED,REQUIRED,NONE,
npc:Shiantis,Shiantis,creature,npc,./npc/shiantis.npc,P2,TODO,,,,SHARED_CANDIDATE:outfit:136,REQUIRED,REQUIRED,NONE,
npc:Shiriel,Shiriel,creature,npc,./npc/shiriel.npc,P2,TODO,,,,SHARED_CANDIDATE:outfit:144,REQUIRED,REQUIRED,NONE,
npc:Shirith,Shirith,creature,npc,./npc/shirith.npc,P2,TODO,,,,SHARED_CANDIDATE:outfit:144,REQUIRED,REQUIRED,NONE,
npc:Sigurd,Sigurd,creature,npc,./npc/sigurd.npc,P2,TODO,,,,SHARED_CANDIDATE:outfit:69,REQUIRED,REQUIRED,NONE,
npc:Simon the Beggar,Simon the Beggar,creature,npc,./npc/simon.npc,P2,TODO,,,,SHARED_CANDIDATE:outfit:128,REQUIRED,REQUIRED,NONE,
npc:Skjaar,Skjaar,creature,npc,./npc/skjaar.npc,P2,TODO,,,,SHARED_CANDIDATE:outfit:9,REQUIRED,REQUIRED,NONE,
npc:Smiley,Smiley,creature,npc,./npc/smiley.npc,P2,TODO,,,,SHARED_CANDIDATE:outfit:37,REQUIRED,REQUIRED,NONE,
npc:Snake Eye,Snake Eye,creature,npc,./npc/snakeeye.npc,P2,TODO,,,,SHARED_CANDIDATE:outfit:73,REQUIRED,REQUIRED,NONE,
npc:Stutch,Stutch,creature,npc,./npc/stutch.npc,P2,TODO,,,,SHARED_CANDIDATE:outfit:131,REQUIRED,REQUIRED,NONE,
npc:Suzy,Suzy,creature,npc,./npc/suzy.npc,P2,TODO,,,,SHARED_CANDIDATE:outfit:136,REQUIRED,REQUIRED,NONE,
npc:Svenson,Svenson,creature,npc,./npc/ferryman3.npc,P2,TODO,,,,SHARED_CANDIDATE:outfit:129,REQUIRED,REQUIRED,NONE,
npc:Sylvester,Sylvester,creature,npc,./npc/sylvester.npc,P2,TODO,,,,SHARED_CANDIDATE:outfit:131,REQUIRED,REQUIRED,NONE,
npc:Talesia,Talesia,creature,npc,./npc/talesia.npc,P2,TODO,,,,SHARED_CANDIDATE:outfit:138,REQUIRED,REQUIRED,NONE,
npc:Talphion,Talphion,creature,npc,./npc/talphion.npc,P2,TODO,,,,SHARED_CANDIDATE:outfit:160,REQUIRED,REQUIRED,NONE,
npc:Tandros,Tandros,creature,npc,./npc/tandros.npc,P2,TODO,,,,SHARED_CANDIDATE:outfit:132,REQUIRED,REQUIRED,NONE,
npc:Tesha,Tesha,creature,npc,./npc/tesha.npc,P2,TODO,,,,SHARED_CANDIDATE:outfit:140,REQUIRED,REQUIRED,NONE,
npc:Tezila,Tezila,creature,npc,./npc/tezila.npc,P2,TODO,,,,SHARED_CANDIDATE:outfit:160,REQUIRED,REQUIRED,NONE,
npc:Thanita,Thanita,creature,npc,./npc/thanita.npc,P2,TODO,,,,SHARED_CANDIDATE:outfit:139,REQUIRED,REQUIRED,NONE,
npc:The Blind Prophet,The Blind Prophet,creature,npc,./npc/blindprophet.npc,P2,TODO,,,,SHARED_CANDIDATE:outfit:117,REQUIRED,REQUIRED,NONE,
npc:The Crone,The Crone,creature,npc,./npc/crone.npc,P2,TODO,,,,SHARED_CANDIDATE:outfit:78,REQUIRED,REQUIRED,NONE,
npc:The Orc King,The Orc King,creature,npc,./npc/orcking.npc,P2,TODO,,,,SHARED_CANDIDATE:outfit:19,REQUIRED,REQUIRED,NONE,
npc:The Queen of the Banshee,The Queen of the Banshee,creature,npc,./npc/bansheequeen.npc,P2,TODO,,,,SHARED_CANDIDATE:outfit:78,REQUIRED,REQUIRED,NONE,
npc:Thomas,Thomas,creature,npc,./npc/thomas.npc,P2,TODO,,,,SHARED_CANDIDATE:outfit:128,REQUIRED,REQUIRED,NONE,
npc:Tibra,Tibra,creature,npc,./npc/tibra.npc,P2,TODO,,,,SHARED_CANDIDATE:outfit:138,REQUIRED,REQUIRED,NONE,
"npc:Tim, the guard","Tim, the guard",creature,npc,./npc/tim.npc,P2,TODO,,,,SHARED_CANDIDATE:outfit:131,REQUIRED,REQUIRED,NONE,
npc:Timur,Timur,creature,npc,./npc/timur.npc,P2,TODO,,,,SHARED_CANDIDATE:outfit:128,REQUIRED,REQUIRED,NONE,
npc:Todd,Todd,creature,npc,./npc/todd.npc,P2,TODO,,,,SHARED_CANDIDATE:outfit:128,REQUIRED,REQUIRED,NONE,
npc:Tokel,Tokel,creature,npc,./npc/tokel.npc,P2,TODO,,,,SHARED_CANDIDATE:outfit:128,REQUIRED,REQUIRED,NONE,
npc:Topsy,Topsy,creature,npc,./npc/topsy.npc,P2,TODO,,,,SHARED_CANDIDATE:outfit:139,REQUIRED,REQUIRED,NONE,
npc:Tothdral,Tothdral,creature,npc,./npc/tothdral.npc,P2,TODO,,,,SHARED_CANDIDATE:outfit:65,REQUIRED,REQUIRED,NONE,
npc:Trimegis,Trimegis,creature,npc,./npc/trimegis.npc,P2,TODO,,,,SHARED_CANDIDATE:outfit:130,REQUIRED,REQUIRED,NONE,
npc:Trisha,Trisha,creature,npc,./npc/trisha.npc,P2,TODO,,,,SHARED_CANDIDATE:outfit:139,REQUIRED,REQUIRED,NONE,
npc:Tulf,Tulf,creature,npc,./npc/tulf.npc,P2,TODO,,,,SHARED_CANDIDATE:outfit:71,REQUIRED,REQUIRED,NONE,
npc:Turvy,Turvy,creature,npc,./npc/turvy.npc,P2,TODO,,,,SHARED_CANDIDATE:outfit:139,REQUIRED,REQUIRED,NONE,
npc:Ubaid,Ubaid,creature,npc,./npc/ubaid.npc,P2,TODO,,,,SHARED_CANDIDATE:outfit:51,REQUIRED,REQUIRED,NONE,
npc:Ukea,Ukea,creature,npc,./npc/ukea.npc,P2,TODO,,,,SHARED_CANDIDATE:outfit:144,REQUIRED,REQUIRED,NONE,
npc:Ulrik,Ulrik,creature,npc,./npc/ulrik.npc,P2,TODO,,,,SHARED_CANDIDATE:outfit:131,REQUIRED,REQUIRED,NONE,
npc:Umar,Umar,creature,npc,./npc/umar.npc,P2,TODO,,,,SHARED_CANDIDATE:outfit:80,REQUIRED,REQUIRED,NONE,
npc:Urkalio,Urkalio,creature,npc,./npc/urkalio.npc,P2,TODO,,,,SHARED_CANDIDATE:outfit:128,REQUIRED,REQUIRED,NONE,
npc:Ursula,Ursula,creature,npc,./npc/ursula.npc,P2,TODO,,,,SHARED_CANDIDATE:outfit:54,REQUIRED,REQUIRED,NONE,
npc:Uso,Uso,creature,npc,./npc/uso.npc,P2,TODO,,,,SHARED_CANDIDATE:outfit:160,REQUIRED,REQUIRED,NONE,
npc:Ustan,Ustan,creature,npc,./npc/ustan.npc,P2,TODO,,,,SHARED_CANDIDATE:outfit:132,REQUIRED,REQUIRED,NONE,
npc:Uzgod,Uzgod,creature,npc,./npc/uzgod.npc,P2,TODO,,,,SHARED_CANDIDATE:outfit:160,REQUIRED,REQUIRED,NONE,
npc:Uzon,Uzon,creature,npc,./npc/uzon.npc,P2,TODO,,,,SHARED_CANDIDATE:outfit:130,REQUIRED,REQUIRED,NONE,
npc:Velvet,Velvet,creature,npc,./npc/velvet.npc,P2,TODO,,,,SHARED_CANDIDATE:outfit:136,REQUIRED,REQUIRED,NONE,
npc:Vera,Vera,creature,npc,./npc/vera.npc,P2,TODO,,,,SHARED_CANDIDATE:outfit:136,REQUIRED,REQUIRED,NONE,
npc:Vladruc,Vladruc,creature,npc,./npc/vladruc.npc,P2,TODO,,,,SHARED_CANDIDATE:outfit:68,REQUIRED,REQUIRED,NONE,
npc:Wally,Wally,creature,npc,./npc/wally.npc,P2,TODO,,,,SHARED_CANDIDATE:outfit:129,REQUIRED,REQUIRED,NONE,
"npc:Walter, the guard","Walter, the guard",creature,npc,./npc/walter.npc,P2,TODO,,,,SHARED_CANDIDATE:outfit:131,REQUIRED,REQUIRED,NONE,
npc:Warbert,Warbert,creature,npc,./npc/warbert.npc,P2,TODO,,,,SHARED_CANDIDATE:outfit:131,REQUIRED,REQUIRED,NONE,
npc:Willard,Willard,creature,npc,./npc/willard.npc,P2,TODO,,,,SHARED_CANDIDATE:outfit:131,REQUIRED,REQUIRED,NONE,
npc:William,William,creature,npc,./npc/william.npc,P2,TODO,,,,SHARED_CANDIDATE:outfit:128,REQUIRED,REQUIRED,NONE,
npc:Wyat,Wyat,creature,npc,./npc/wyat.npc,P2,TODO,,,,SHARED_CANDIDATE:outfit:129,REQUIRED,REQUIRED,NONE,
npc:Wyda,Wyda,creature,npc,./npc/wyda.npc,P2,TODO,,,,SHARED_CANDIDATE:outfit:54,REQUIRED,REQUIRED,NONE,
npc:Xed,Xed,creature,npc,./npc/xed.npc,P2,TODO,,,,SHARED_CANDIDATE:outfit:129,REQUIRED,REQUIRED,NONE,
npc:Xodet,Xodet,creature,npc,./npc/xodet.npc,P2,TODO,,,,SHARED_CANDIDATE:outfit:130,REQUIRED,REQUIRED,NONE,
npc:Yaman,Yaman,creature,npc,./npc/yaman.npc,P2,TODO,,,,SHARED_CANDIDATE:outfit:51,REQUIRED,REQUIRED,NONE,
npc:Yanni,Yanni,creature,npc,./npc/yanni.npc,P2,TODO,,,,SHARED_CANDIDATE:outfit:131,REQUIRED,REQUIRED,NONE,
npc:Yberius,Yberius,creature,npc,./npc/yberius.npc,P2,TODO,,,,SHARED_CANDIDATE:outfit:57,REQUIRED,REQUIRED,NONE,
npc:Yoem,Yoem,creature,npc,./npc/yoem.npc,P2,TODO,,,,SHARED_CANDIDATE:outfit:128,REQUIRED,REQUIRED,NONE,
npc:Yulas,Yulas,creature,npc,./npc/yulas.npc,P2,TODO,,,,SHARED_CANDIDATE:outfit:128,REQUIRED,REQUIRED,NONE,
npc:Zaidal,Zaidal,creature,npc,./npc/zaidal.npc,P2,TODO,,,,SHARED_CANDIDATE:outfit:128,REQUIRED,REQUIRED,NONE,
npc:Zebron,Zebron,creature,npc,./npc/zebron.npc,P2,TODO,,,,SHARED_CANDIDATE:outfit:128,REQUIRED,REQUIRED,NONE,
npc:Zoltan,Zoltan,creature,npc,./npc/zoltan.npc,P2,TODO,,,,SHARED_CANDIDATE:outfit:130,REQUIRED,REQUIRED,NONE,
obj:1066,a pitfall,decoration,bottom_overlay,./dat/objects.srv,P2,TODO,,,,MESH,NONE,NONE,NONE,
obj:1080,an earth hole,decoration,bottom_overlay,./dat/objects.srv,P2,TODO,,,,MESH,NONE,NONE,NONE,
obj:1083,a mountain,decoration,bottom_overlay,./dat/objects.srv,P2,TODO,,,,SHARED_CANDIDATE:obj:1081,NONE,NONE,NONE,
obj:1304,a stone wall,decoration,bottom_overlay,./dat/objects.srv,P2,TODO,,,,SHARED_CANDIDATE:obj:1294,NONE,NONE,NONE,
obj:1305,a sandstone wall,decoration,bottom_overlay,./dat/objects.srv,P2,TODO,,,,MESH,NONE,NONE,NONE,
obj:1306,a sandstone wall,decoration,bottom_overlay,./dat/objects.srv,P2,TODO,,,,SHARED_CANDIDATE:obj:1305,NONE,NONE,NONE,
obj:1307,a sandstone wall,decoration,bottom_overlay,./dat/objects.srv,P2,TODO,,,,SHARED_CANDIDATE:obj:1305,NONE,NONE,NONE,
obj:1308,a sandstone wall,decoration,bottom_overlay,./dat/objects.srv,P2,TODO,,,,SHARED_CANDIDATE:obj:1305,NONE,NONE,NONE,
obj:1309,a sandstone wall,decoration,bottom_overlay,./dat/objects.srv,P2,TODO,,,,SHARED_CANDIDATE:obj:1305,NONE,NONE,NONE,
obj:1310,a sandstone wall,decoration,bottom_overlay,./dat/objects.srv,P2,TODO,,,,SHARED_CANDIDATE:obj:1305,NONE,NONE,NONE,
obj:1311,a sandstone wall,decoration,bottom_overlay,./dat/objects.srv,P2,TODO,,,,SHARED_CANDIDATE:obj:1305,NONE,NONE,NONE,
obj:1312,a sandstone wall,decoration,bottom_overlay,./dat/objects.srv,P2,TODO,,,,SHARED_CANDIDATE:obj:1305,NONE,NONE,NONE,
obj:1313,a sandstone wall,decoration,bottom_overlay,./dat/objects.srv,P2,TODO,,,,SHARED_CANDIDATE:obj:1305,NONE,NONE,NONE,
obj:1314,a sandstone wall,decoration,bottom_overlay,./dat/objects.srv,P2,TODO,,,,SHARED_CANDIDATE:obj:1305,NONE,NONE,NONE,
obj:1315,a sandstone wall,decoration,bottom_overlay,./dat/objects.srv,P2,TODO,,,,SHARED_CANDIDATE:obj:1305,NONE,NONE,NONE,
obj:1329,a sandstone wall,decoration,bottom_overlay,./dat/objects.srv,P2,TODO,,,,SHARED_CANDIDATE:obj:1305,NONE,NONE,NONE,
obj:1330,a sandstone wall,decoration,bottom_overlay,./dat/objects.srv,P2,TODO,,,,SHARED_CANDIDATE:obj:1305,NONE,NONE,NONE,
obj:1331,a sandstone wall,decoration,bottom_overlay,./dat/objects.srv,P2,TODO,,,,SHARED_CANDIDATE:obj:1305,NONE,NONE,NONE,
obj:1332,a sandstone wall,decoration,bottom_overlay,./dat/objects.srv,P2,TODO,,,,SHARED_CANDIDATE:obj:1305,NONE,NONE,NONE,
obj:1333,a sandstone wall,decoration,bottom_overlay,./dat/objects.srv,P2,TODO,,,,SHARED_CANDIDATE:obj:1305,NONE,NONE,NONE,
obj:1336,a sandstone wall,decoration,bottom_overlay,./dat/objects.srv,P2,TODO,,,,SHARED_CANDIDATE:obj:1305,NONE,NONE,NONE,
obj:1345,a stone wall,decoration,bottom_overlay,./dat/objects.srv,P2,TODO,,,,SHARED_CANDIDATE:obj:1294,NONE,NONE,NONE,
obj:1346,a stone wall,decoration,bottom_overlay,./dat/objects.srv,P2,TODO,,,,SHARED_CANDIDATE:obj:1294,NONE,NONE,NONE,
obj:1347,a stone wall,decoration,bottom_overlay,./dat/objects.srv,P2,TODO,,,,SHARED_CANDIDATE:obj:1294,NONE,NONE,NONE,
obj:1348,a stone wall,decoration,bottom_overlay,./dat/objects.srv,P2,TODO,,,,SHARED_CANDIDATE:obj:1294,NONE,NONE,NONE,
obj:1349,a stone wall,decoration,bottom_overlay,./dat/objects.srv,P2,TODO,,,,SHARED_CANDIDATE:obj:1294,NONE,NONE,NONE,
obj:1350,a stone wall,decoration,bottom_overlay,./dat/objects.srv,P2,TODO,,,,SHARED_CANDIDATE:obj:1294,NONE,NONE,NONE,
obj:1351,a stone wall,decoration,bottom_overlay,./dat/objects.srv,P2,TODO,,,,SHARED_CANDIDATE:obj:1294,NONE,NONE,NONE,
obj:1353,a stone wall,decoration,bottom_overlay,./dat/objects.srv,P2,TODO,,,,SHARED_CANDIDATE:obj:1294,NONE,NONE,NONE,
obj:1356,an oriental wall,decoration,bottom_overlay,./dat/objects.srv,P2,TODO,,,,MESH,NONE,NONE,NONE,
obj:1357,an oriental wall,decoration,bottom_overlay,./dat/objects.srv,P2,TODO,,,,SHARED_CANDIDATE:obj:1356,NONE,NONE,NONE,
obj:1358,an oriental wall,decoration,bottom_overlay,./dat/objects.srv,P2,TODO,,,,SHARED_CANDIDATE:obj:1356,NONE,NONE,NONE,
obj:1359,an oriental wall,decoration,bottom_overlay,./dat/objects.srv,P2,TODO,,,,SHARED_CANDIDATE:obj:1356,NONE,NONE,NONE,
obj:1360,an oriental wall,decoration,bottom_overlay,./dat/objects.srv,P2,TODO,,,,SHARED_CANDIDATE:obj:1356,NONE,NONE,NONE,
obj:1362,an oriental wall,decoration,bottom_overlay,./dat/objects.srv,P2,TODO,,,,SHARED_CANDIDATE:obj:1356,NONE,NONE,NONE,
obj:1373,an oriental wall,decoration,bottom_overlay,./dat/objects.srv,P2,TODO,,,,SHARED_CANDIDATE:obj:1356,NONE,NONE,NONE,
obj:1374,an oriental wall,decoration,bottom_overlay,./dat/objects.srv,P2,TODO,,,,SHARED_CANDIDATE:obj:1356,NONE,NONE,NONE,
obj:1375,an oriental wall,decoration,bottom_overlay,./dat/objects.srv,P2,TODO,,,,SHARED_CANDIDATE:obj:1356,NONE,NONE,NONE,
obj:1376,an oriental wall,decoration,bottom_overlay,./dat/objects.srv,P2,TODO,,,,SHARED_CANDIDATE:obj:1356,NONE,NONE,NONE,
obj:1381,an oriental wall,decoration,bottom_overlay,./dat/objects.srv,P2,TODO,,,,SHARED_CANDIDATE:obj:1356,NONE,NONE,NONE,
obj:1382,an oriental wall,decoration,bottom_overlay,./dat/objects.srv,P2,TODO,,,,SHARED_CANDIDATE:obj:1356,NONE,NONE,NONE,
obj:1383,an oriental wall,decoration,bottom_overlay,./dat/objects.srv,P2,TODO,,,,SHARED_CANDIDATE:obj:1356,NONE,NONE,NONE,
obj:1384,an oriental wall,decoration,bottom_overlay,./dat/objects.srv,P2,TODO,,,,SHARED_CANDIDATE:obj:1356,NONE,NONE,NONE,
obj:1385,an oriental wall,decoration,bottom_overlay,./dat/objects.srv,P2,TODO,,,,SHARED_CANDIDATE:obj:1356,NONE,NONE,NONE,
obj:1386,an oriental wall,decoration,bottom_overlay,./dat/objects.srv,P2,TODO,,,,SHARED_CANDIDATE:obj:1356,NONE,NONE,NONE,
obj:1387,an oriental wall,decoration,bottom_overlay,./dat/objects.srv,P2,TODO,,,,SHARED_CANDIDATE:obj:1356,NONE,NONE,NONE,
obj:1388,an oriental wall,decoration,bottom_overlay,./dat/objects.srv,P2,TODO,,,,SHARED_CANDIDATE:obj:1356,NONE,NONE,NONE,
obj:1389,an oriental wall,decoration,bottom_overlay,./dat/objects.srv,P2,TODO,,,,SHARED_CANDIDATE:obj:1356,NONE,NONE,NONE,
obj:1390,an oriental wall,decoration,bottom_overlay,./dat/objects.srv,P2,TODO,,,,SHARED_CANDIDATE:obj:1356,NONE,NONE,NONE,
obj:1391,an oriental wall,decoration,bottom_overlay,./dat/objects.srv,P2,TODO,,,,SHARED_CANDIDATE:obj:1356,NONE,NONE,NONE,
obj:1392,an oriental wall,decoration,bottom_overlay,./dat/objects.srv,P2,TODO,,,,SHARED_CANDIDATE:obj:1356,NONE,NONE,NONE,
obj:1393,an oriental wall,decoration,bottom_overlay,./dat/objects.srv,P2,TODO,,,,SHARED_CANDIDATE:obj:1356,NONE,NONE,NONE,
obj:1394,an oriental wall,decoration,bottom_overlay,./dat/objects.srv,P2,TODO,,,,SHARED_CANDIDATE:obj:1356,NONE,NONE,NONE,
obj:1395,an oriental wall,decoration,bottom_overlay,./dat/objects.srv,P2,TODO,,,,SHARED_CANDIDATE:obj:1356,NONE,NONE,NONE,
obj:1396,an oriental wall,decoration,bottom_overlay,./dat/objects.srv,P2,TODO,,,,SHARED_CANDIDATE:obj:1356,NONE,NONE,NONE,
obj:1397,an oriental wall,decoration,bottom_overlay,./dat/objects.srv,P2,TODO,,,,SHARED_CANDIDATE:obj:1356,NONE,NONE,NONE,
obj:1398,an oriental wall,decoration,bottom_overlay,./dat/objects.srv,P2,TODO,,,,SHARED_CANDIDATE:obj:1356,NONE,NONE,NONE,
obj:1409,an oriental wall,decoration,bottom_overlay,./dat/objects.srv,P2,TODO,,,,SHARED_CANDIDATE:obj:1356,NONE,NONE,NONE,
obj:1410,an oriental wall,decoration,bottom_overlay,./dat/objects.srv,P2,TODO,,,,SHARED_CANDIDATE:obj:1356,NONE,NONE,NONE,
obj:1411,an oriental wall,decoration,bottom_overlay,./dat/objects.srv,P2,TODO,,,,SHARED_CANDIDATE:obj:1356,NONE,NONE,NONE,
obj:1412,an oriental wall,decoration,bottom_overlay,./dat/objects.srv,P2,TODO,,,,SHARED_CANDIDATE:obj:1356,NONE,NONE,NONE,
obj:1413,an oriental wall,decoration,bottom_overlay,./dat/objects.srv,P2,TODO,,,,SHARED_CANDIDATE:obj:1356,NONE,NONE,NONE,
obj:1414,an oriental wall,decoration,bottom_overlay,./dat/objects.srv,P2,TODO,,,,SHARED_CANDIDATE:obj:1356,NONE,NONE,NONE,
obj:1415,a paravent,decoration,bottom_overlay,./dat/objects.srv,P2,TODO,,,,MESH,NONE,NONE,NONE,
obj:1416,a paravent wall,decoration,bottom_overlay,./dat/objects.srv,P2,TODO,,,,MESH,NONE,NONE,NONE,
obj:1417,a paravent wall,decoration,bottom_overlay,./dat/objects.srv,P2,TODO,,,,SHARED_CANDIDATE:obj:1416,NONE,NONE,NONE,
obj:1418,a paravent wall,decoration,bottom_overlay,./dat/objects.srv,P2,TODO,,,,SHARED_CANDIDATE:obj:1416,NONE,NONE,NONE,
obj:1419,a paravent wall,decoration,bottom_overlay,./dat/objects.srv,P2,TODO,,,,SHARED_CANDIDATE:obj:1416,NONE,NONE,NONE,
obj:1420,a paravent wall,decoration,bottom_overlay,./dat/objects.srv,P2,TODO,,,,SHARED_CANDIDATE:obj:1416,NONE,NONE,NONE,
obj:1421,an oriental wall,decoration,bottom_overlay,./dat/objects.srv,P2,TODO,,,,SHARED_CANDIDATE:obj:1356,NONE,NONE,NONE,
obj:1422,an oriental wall,decoration,bottom_overlay,./dat/objects.srv,P2,TODO,,,,SHARED_CANDIDATE:obj:1356,NONE,NONE,NONE,
obj:1423,an oriental wall,decoration,bottom_overlay,./dat/objects.srv,P2,TODO,,,,SHARED_CANDIDATE:obj:1356,NONE,NONE,NONE,
obj:1424,an oriental wall,decoration,bottom_overlay,./dat/objects.srv,P2,TODO,,,,SHARED_CANDIDATE:obj:1356,NONE,NONE,NONE,
obj:1429,an oriental wall,decoration,bottom_overlay,./dat/objects.srv,P2,TODO,,,,SHARED_CANDIDATE:obj:1356,NONE,NONE,NONE,
obj:1430,an oriental wall,decoration,bottom_overlay,./dat/objects.srv,P2,TODO,,,,SHARED_CANDIDATE:obj:1356,NONE,NONE,NONE,
obj:1431,an oriental wall,decoration,bottom_overlay,./dat/objects.srv,P2,TODO,,,,SHARED_CANDIDATE:obj:1356,NONE,NONE,NONE,
obj:1432,an oriental wall,decoration,bottom_overlay,./dat/objects.srv,P2,TODO,,,,SHARED_CANDIDATE:obj:1356,NONE,NONE,NONE,
obj:1433,an oriental wall,decoration,bottom_overlay,./dat/objects.srv,P2,TODO,,,,SHARED_CANDIDATE:obj:1356,NONE,NONE,NONE,
obj:1434,an oriental wall,decoration,bottom_overlay,./dat/objects.srv,P2,TODO,,,,SHARED_CANDIDATE:obj:1356,NONE,NONE,NONE,
obj:1437,an oriental wall,decoration,bottom_overlay,./dat/objects.srv,P2,TODO,,,,SHARED_CANDIDATE:obj:1356,NONE,NONE,NONE,
obj:1441,a lava wall,decoration,light_source,./dat/objects.srv,P2,TODO,,,,MESH,NONE,NONE,NONE,
obj:1442,a lava wall,decoration,light_source,./dat/objects.srv,P2,TODO,,,,SHARED_CANDIDATE:obj:1441,NONE,NONE,NONE,
obj:1443,a lava wall,decoration,light_source,./dat/objects.srv,P2,TODO,,,,SHARED_CANDIDATE:obj:1441,NONE,NONE,NONE,
obj:1444,a lava wall,decoration,light_source,./dat/objects.srv,P2,TODO,,,,SHARED_CANDIDATE:obj:1441,NONE,NONE,NONE,
obj:1445,a lava wall,decoration,light_source,./dat/objects.srv,P2,TODO,,,,SHARED_CANDIDATE:obj:1441,NONE,NONE,NONE,
obj:1450,a stone wall,decoration,bottom_overlay,./dat/objects.srv,P2,TODO,,,,SHARED_CANDIDATE:obj:1294,NONE,NONE,NONE,
obj:1451,a stone wall,decoration,bottom_overlay,./dat/objects.srv,P2,TODO,,,,SHARED_CANDIDATE:obj:1294,NONE,NONE,NONE,
obj:1452,a stone wall,decoration,bottom_overlay,./dat/objects.srv,P2,TODO,,,,SHARED_CANDIDATE:obj:1294,NONE,NONE,NONE,
obj:1453,a stone wall,decoration,bottom_overlay,./dat/objects.srv,P2,TODO,,,,SHARED_CANDIDATE:obj:1294,NONE,NONE,NONE,
obj:1454,a stone wall,decoration,bottom_overlay,./dat/objects.srv,P2,TODO,,,,SHARED_CANDIDATE:obj:1294,NONE,NONE,NONE,
obj:1455,a stone wall,decoration,bottom_overlay,./dat/objects.srv,P2,TODO,,,,SHARED_CANDIDATE:obj:1294,NONE,NONE,NONE,
obj:1456,a stone wall,decoration,bottom_overlay,./dat/objects.srv,P2,TODO,,,,SHARED_CANDIDATE:obj:1294,NONE,NONE,NONE,
obj:1459,a stone wall,decoration,bottom_overlay,./dat/objects.srv,P2,TODO,,,,SHARED_CANDIDATE:obj:1294,NONE,NONE,NONE,
obj:1460,a stone wall,decoration,bottom_overlay,./dat/objects.srv,P2,TODO,,,,SHARED_CANDIDATE:obj:1294,NONE,NONE,NONE,
obj:1461,a stone wall,decoration,bottom_overlay,./dat/objects.srv,P2,TODO,,,,SHARED_CANDIDATE:obj:1294,NONE,NONE,NONE,
obj:1462,a stone wall,decoration,bottom_overlay,./dat/objects.srv,P2,TODO,,,,SHARED_CANDIDATE:obj:1294,NONE,NONE,NONE,
obj:1463,a stone wall,decoration,bottom_overlay,./dat/objects.srv,P2,TODO,,,,SHARED_CANDIDATE:obj:1294,NONE,NONE,NONE,
obj:1464,a stone wall,decoration,bottom_overlay,./dat/objects.srv,P2,TODO,,,,SHARED_CANDIDATE:obj:1294,NONE,NONE,NONE,
obj:1465,a stone wall window,decoration,bottom_overlay,./dat/objects.srv,P2,TODO,,,,MESH,NONE,NONE,NONE,
obj:1466,a stone wall,decoration,bottom_overlay,./dat/objects.srv,P2,TODO,,,,SHARED_CANDIDATE:obj:1294,NONE,NONE,NONE,
obj:1467,a stone wall,decoration,bottom_overlay,./dat/objects.srv,P2,TODO,,,,SHARED_CANDIDATE:obj:1294,NONE,NONE,NONE,
obj:1468,a stone wall,decoration,bottom_overlay,./dat/objects.srv,P2,TODO,,,,SHARED_CANDIDATE:obj:1294,NONE,NONE,NONE,
obj:1469,a stone wall,decoration,bottom_overlay,./dat/objects.srv,P2,TODO,,,,SHARED_CANDIDATE:obj:1294,NONE,NONE,NONE,
obj:1470,a stone wall,decoration,bottom_overlay,./dat/objects.srv,P2,TODO,,,,SHARED_CANDIDATE:obj:1294,NONE,NONE,NONE,
obj:1471,a stone wall,decoration,bottom_overlay,./dat/objects.srv,P2,TODO,,,,SHARED_CANDIDATE:obj:1294,NONE,NONE,NONE,
obj:1472,a stone wall,decoration,bottom_overlay,./dat/objects.srv,P2,TODO,,,,SHARED_CANDIDATE:obj:1294,NONE,NONE,NONE,
obj:1476,a stone wall,decoration,bottom_overlay,./dat/objects.srv,P2,TODO,,,,SHARED_CANDIDATE:obj:1294,NONE,NONE,NONE,
obj:1477,a stone wall,decoration,bottom_overlay,./dat/objects.srv,P2,TODO,,,,SHARED_CANDIDATE:obj:1294,NONE,NONE,NONE,
obj:1478,a stone wall,decoration,bottom_overlay,./dat/objects.srv,P2,TODO,,,,SHARED_CANDIDATE:obj:1294,NONE,NONE,NONE,
obj:1486,a stone wall,decoration,bottom_overlay,./dat/objects.srv,P2,TODO,,,,SHARED_CANDIDATE:obj:1294,NONE,NONE,NONE,
obj:1487,a stone wall,decoration,bottom_overlay,./dat/objects.srv,P2,TODO,,,,SHARED_CANDIDATE:obj:1294,NONE,NONE,NONE,
obj:1488,a stone wall,decoration,bottom_overlay,./dat/objects.srv,P2,TODO,,,,SHARED_CANDIDATE:obj:1294,NONE,NONE,NONE,
obj:1489,a stone wall,decoration,bottom_overlay,./dat/objects.srv,P2,TODO,,,,SHARED_CANDIDATE:obj:1294,NONE,NONE,NONE,
obj:1490,a stone wall,decoration,bottom_overlay,./dat/objects.srv,P2,TODO,,,,SHARED_CANDIDATE:obj:1294,NONE,NONE,NONE,
obj:1491,a stone wall,decoration,bottom_overlay,./dat/objects.srv,P2,TODO,,,,SHARED_CANDIDATE:obj:1294,NONE,NONE,NONE,
obj:1492,a stone wall,decoration,bottom_overlay,./dat/objects.srv,P2,TODO,,,,SHARED_CANDIDATE:obj:1294,NONE,NONE,NONE,
obj:1493,a stone wall,decoration,bottom_overlay,./dat/objects.srv,P2,TODO,,,,SHARED_CANDIDATE:obj:1294,NONE,NONE,NONE,
obj:1494,a stone wall,decoration,bottom_overlay,./dat/objects.srv,P2,TODO,,,,SHARED_CANDIDATE:obj:1294,NONE,NONE,NONE,
obj:1495,a stone wall,decoration,bottom_overlay,./dat/objects.srv,P2,TODO,,,,SHARED_CANDIDATE:obj:1294,NONE,NONE,NONE,
obj:1496,a stone wall,decoration,bottom_overlay,./dat/objects.srv,P2,TODO,,,,SHARED_CANDIDATE:obj:1294,NONE,NONE,NONE,
obj:1497,a stone wall,decoration,bottom_overlay,./dat/objects.srv,P2,TODO,,,,SHARED_CANDIDATE:obj:1294,NONE,NONE,NONE,
obj:1498,a stone wall,decoration,bottom_overlay,./dat/objects.srv,P2,TODO,,,,SHARED_CANDIDATE:obj:1294,NONE,NONE,NONE,
obj:1499,a stone wall window,decoration,bottom_overlay,./dat/objects.srv,P2,TODO,,,,SHARED_CANDIDATE:obj:1465,NONE,NONE,NONE,
obj:1500,a stone wall,decoration,bottom_overlay,./dat/objects.srv,P2,TODO,,,,SHARED_CANDIDATE:obj:1294,NONE,NONE,NONE,
obj:1501,a stone wall,decoration,bottom_overlay,./dat/objects.srv,P2,TODO,,,,SHARED_CANDIDATE:obj:1294,NONE,NONE,NONE,
obj:1502,a stone wall,decoration,bottom_overlay,./dat/objects.srv,P2,TODO,,,,SHARED_CANDIDATE:obj:1294,NONE,NONE,NONE,
obj:1503,a stone wall,decoration,bottom_overlay,./dat/objects.srv,P2,TODO,,,,SHARED_CANDIDATE:obj:1294,NONE,NONE,NONE,
obj:1504,a stone wall,decoration,bottom_overlay,./dat/objects.srv,P2,TODO,,,,SHARED_CANDIDATE:obj:1294,NONE,NONE,NONE,
obj:1505,a stone wall,decoration,bottom_overlay,./dat/objects.srv,P2,TODO,,,,SHARED_CANDIDATE:obj:1294,NONE,NONE,NONE,
obj:1506,a stone wall,decoration,bottom_overlay,./dat/objects.srv,P2,TODO,,,,SHARED_CANDIDATE:obj:1294,NONE,NONE,NONE,
obj:1507,a stone wall,decoration,bottom_overlay,./dat/objects.srv,P2,TODO,,,,SHARED_CANDIDATE:obj:1294,NONE,NONE,NONE,
obj:1508,a stone wall,decoration,bottom_overlay,./dat/objects.srv,P2,TODO,,,,SHARED_CANDIDATE:obj:1294,NONE,NONE,NONE,
obj:1509,a stone wall,decoration,bottom_overlay,./dat/objects.srv,P2,TODO,,,,SHARED_CANDIDATE:obj:1294,NONE,NONE,NONE,
obj:1512,a bamboo wall,decoration,bottom_overlay,./dat/objects.srv,P2,TODO,,,,MESH,NONE,NONE,NONE,
obj:1513,a bamboo wall,decoration,bottom_overlay,./dat/objects.srv,P2,TODO,,,,SHARED_CANDIDATE:obj:1512,NONE,NONE,NONE,
obj:1514,a bamboo wall,decoration,bottom_overlay,./dat/objects.srv,P2,TODO,,,,SHARED_CANDIDATE:obj:1512,NONE,NONE,NONE,
obj:1515,a bamboo wall,decoration,bottom_overlay,./dat/objects.srv,P2,TODO,,,,SHARED_CANDIDATE:obj:1512,NONE,NONE,NONE,
obj:1516,a bamboo wall,decoration,bottom_overlay,./dat/objects.srv,P2,TODO,,,,SHARED_CANDIDATE:obj:1512,NONE,NONE,NONE,
obj:1517,a bamboo wall,decoration,bottom_overlay,./dat/objects.srv,P2,TODO,,,,SHARED_CANDIDATE:obj:1512,NONE,NONE,NONE,
obj:1518,a bamboo wall,decoration,bottom_overlay,./dat/objects.srv,P2,TODO,,,,SHARED_CANDIDATE:obj:1512,NONE,NONE,NONE,
obj:1519,a bamboo wall,decoration,bottom_overlay,./dat/objects.srv,P2,TODO,,,,SHARED_CANDIDATE:obj:1512,NONE,NONE,NONE,
obj:1520,a bamboo wall,decoration,bottom_overlay,./dat/objects.srv,P2,TODO,,,,SHARED_CANDIDATE:obj:1512,NONE,NONE,NONE,
obj:1521,a bamboo wall,decoration,bottom_overlay,./dat/objects.srv,P2,TODO,,,,SHARED_CANDIDATE:obj:1512,NONE,NONE,NONE,
obj:1522,a bamboo wall,decoration,bottom_overlay,./dat/objects.srv,P2,TODO,,,,SHARED_CANDIDATE:obj:1512,NONE,NONE,NONE,
obj:1523,a bamboo palisade,decoration,bottom_overlay,./dat/objects.srv,P2,TODO,,,,MESH,NONE,NONE,NONE,
obj:1524,a bamboo palisade,decoration,bottom_overlay,./dat/objects.srv,P2,TODO,,,,SHARED_CANDIDATE:obj:1523,NONE,NONE,NONE,
obj:1525,a bamboo palisade,decoration,bottom_overlay,./dat/objects.srv,P2,TODO,,,,SHARED_CANDIDATE:obj:1523,NONE,NONE,NONE,
obj:1526,a bamboo fence,decoration,bottom_overlay,./dat/objects.srv,P2,TODO,,,,MESH,NONE,NONE,NONE,
obj:1527,a bamboo fence,decoration,bottom_overlay,./dat/objects.srv,P2,TODO,,,,SHARED_CANDIDATE:obj:1526,NONE,NONE,NONE,
obj:1536,a bamboo wall,decoration,bottom_overlay,./dat/objects.srv,P2,TODO,,,,SHARED_CANDIDATE:obj:1512,NONE,NONE,NONE,
obj:1537,a bamboo wall,decoration,bottom_overlay,./dat/objects.srv,P2,TODO,,,,SHARED_CANDIDATE:obj:1512,NONE,NONE,NONE,
obj:1538,a bamboo wall window,decoration,bottom_overlay,./dat/objects.srv,P2,TODO,,,,MESH,NONE,NONE,NONE,
obj:1539,a bamboo wall,decoration,bottom_overlay,./dat/objects.srv,P2,TODO,,,,SHARED_CANDIDATE:obj:1512,NONE,NONE,NONE,
obj:1540,a bamboo wall,decoration,bottom_overlay,./dat/objects.srv,P2,TODO,,,,SHARED_CANDIDATE:obj:1512,NONE,NONE,NONE,
obj:1541,a bamboo wall window,decoration,bottom_overlay,./dat/objects.srv,P2,TODO,,,,SHARED_CANDIDATE:obj:1538,NONE,NONE,NONE,
obj:1542,a bamboo palisade,decoration,bottom_overlay,./dat/objects.srv,P2,TODO,,,,SHARED_CANDIDATE:obj:1523,NONE,NONE,NONE,
obj:1543,a stone wall,decoration,bottom_overlay,./dat/objects.srv,P2,TODO,,,,SHARED_CANDIDATE:obj:1294,NONE,NONE,NONE,
obj:1544,a stone wall,decoration,bottom_overlay,./dat/objects.srv,P2,TODO,,,,SHARED_CANDIDATE:obj:1294,NONE,NONE,NONE,
obj:1545,a stone wall,decoration,bottom_overlay,./dat/objects.srv,P2,TODO,,,,SHARED_CANDIDATE:obj:1294,NONE,NONE,NONE,
obj:1546,a stone wall,decoration,bottom_overlay,./dat/objects.srv,P2,TODO,,,,SHARED_CANDIDATE:obj:1294,NONE,NONE,NONE,
obj:1547,a stone wall,decoration,bottom_overlay,./dat/objects.srv,P2,TODO,,,,SHARED_CANDIDATE:obj:1294,NONE,NONE,NONE,
obj:1548,a stone wall,decoration,bottom_overlay,./dat/objects.srv,P2,TODO,,,,SHARED_CANDIDATE:obj:1294,NONE,NONE,NONE,
obj:1549,a stone wall,decoration,bottom_overlay,./dat/objects.srv,P2,TODO,,,,SHARED_CANDIDATE:obj:1294,NONE,NONE,NONE,
obj:1550,a stone wall,decoration,bottom_overlay,./dat/objects.srv,P2,TODO,,,,SHARED_CANDIDATE:obj:1294,NONE,NONE,NONE,
obj:1551,a stone wall,decoration,bottom_overlay,./dat/objects.srv,P2,TODO,,,,SHARED_CANDIDATE:obj:1294,NONE,NONE,NONE,
obj:1552,a stone wall,decoration,bottom_overlay,./dat/objects.srv,P2,TODO,,,,SHARED_CANDIDATE:obj:1294,NONE,NONE,NONE,
obj:1553,a stone wall,decoration,bottom_overlay,./dat/objects.srv,P2,TODO,,,,SHARED_CANDIDATE:obj:1294,NONE,NONE,NONE,
obj:1554,a stone wall,decoration,bottom_overlay,./dat/objects.srv,P2,TODO,,,,SHARED_CANDIDATE:obj:1294,NONE,NONE,NONE,
obj:1555,a stone wall,decoration,bottom_overlay,./dat/objects.srv,P2,TODO,,,,SHARED_CANDIDATE:obj:1294,NONE,NONE,NONE,
obj:1558,a stone wall,decoration,bottom_overlay,./dat/objects.srv,P2,TODO,,,,SHARED_CANDIDATE:obj:1294,NONE,NONE,NONE,
obj:1559,a stone wall,decoration,bottom_overlay,./dat/objects.srv,P2,TODO,,,,SHARED_CANDIDATE:obj:1294,NONE,NONE,NONE,
obj:1562,a stone wall,decoration,bottom_overlay,./dat/objects.srv,P2,TODO,,,,SHARED_CANDIDATE:obj:1294,NONE,NONE,NONE,
obj:1563,a stone wall,decoration,bottom_overlay,./dat/objects.srv,P2,TODO,,,,SHARED_CANDIDATE:obj:1294,NONE,NONE,NONE,
obj:1564,a stone wall,decoration,bottom_overlay,./dat/objects.srv,P2,TODO,,,,SHARED_CANDIDATE:obj:1294,NONE,NONE,NONE,
obj:1569,a stone wall,decoration,bottom_overlay,./dat/objects.srv,P2,TODO,,,,SHARED_CANDIDATE:obj:1294,NONE,NONE,NONE,
obj:1570,a stone wall,decoration,bottom_overlay,./dat/objects.srv,P2,TODO,,,,SHARED_CANDIDATE:obj:1294,NONE,NONE,NONE,
obj:1571,a stone wall,decoration,bottom_overlay,./dat/objects.srv,P2,TODO,,,,SHARED_CANDIDATE:obj:1294,NONE,NONE,NONE,
obj:1573,a broken stone wall,decoration,bottom_overlay,./dat/objects.srv,P2,TODO,,,,MESH,NONE,NONE,NONE,
obj:1574,a broken stone wall,decoration,bottom_overlay,./dat/objects.srv,P2,TODO,,,,SHARED_CANDIDATE:obj:1573,NONE,NONE,NONE,
obj:1575,a broken stone wall,decoration,bottom_overlay,./dat/objects.srv,P2,TODO,,,,SHARED_CANDIDATE:obj:1573,NONE,NONE,NONE,
obj:1576,a broken stone wall,decoration,bottom_overlay,./dat/objects.srv,P2,TODO,,,,SHARED_CANDIDATE:obj:1573,NONE,NONE,NONE,
obj:1577,a broken stone wall,decoration,bottom_overlay,./dat/objects.srv,P2,TODO,,,,SHARED_CANDIDATE:obj:1573,NONE,NONE,NONE,
obj:1578,a broken stone wall,decoration,bottom_overlay,./dat/objects.srv,P2,TODO,,,,SHARED_CANDIDATE:obj:1573,NONE,NONE,NONE,
obj:1579,a broken stone wall,decoration,bottom_overlay,./dat/objects.srv,P2,TODO,,,,SHARED_CANDIDATE:obj:1573,NONE,NONE,NONE,
obj:1580,a broken stone wall,decoration,bottom_overlay,./dat/objects.srv,P2,TODO,,,,SHARED_CANDIDATE:obj:1573,NONE,NONE,NONE,
obj:1581,a broken stone wall,decoration,bottom_overlay,./dat/objects.srv,P2,TODO,,,,SHARED_CANDIDATE:obj:1573,NONE,NONE,NONE,
obj:1582,a broken stone wall,decoration,bottom_overlay,./dat/objects.srv,P2,TODO,,,,SHARED_CANDIDATE:obj:1573,NONE,NONE,NONE,
obj:1583,a broken stone wall,decoration,bottom_overlay,./dat/objects.srv,P2,TODO,,,,SHARED_CANDIDATE:obj:1573,NONE,NONE,NONE,
obj:1584,a broken stone wall,decoration,bottom_overlay,./dat/objects.srv,P2,TODO,,,,SHARED_CANDIDATE:obj:1573,NONE,NONE,NONE,
obj:1585,a grass wall,decoration,bottom_overlay,./dat/objects.srv,P2,TODO,,,,MESH,NONE,NONE,NONE,
obj:1586,a grass wall,decoration,bottom_overlay,./dat/objects.srv,P2,TODO,,,,SHARED_CANDIDATE:obj:1585,NONE,NONE,NONE,
obj:1587,a grass wall,decoration,bottom_overlay,./dat/objects.srv,P2,TODO,,,,SHARED_CANDIDATE:obj:1585,NONE,NONE,NONE,
obj:1588,a grass wall window,decoration,bottom_overlay,./dat/objects.srv,P2,TODO,,,,MESH,NONE,NONE,NONE,
obj:1589,a grass wall,decoration,bottom_overlay,./dat/objects.srv,P2,TODO,,,,SHARED_CANDIDATE:obj:1585,NONE,NONE,NONE,
obj:1590,a grass wall,decoration,bottom_overlay,./dat/objects.srv,P2,TODO,,,,SHARED_CANDIDATE:obj:1585,NONE,NONE,NONE,
obj:1591,a grass wall window,decoration,bottom_overlay,./dat/objects.srv,P2,TODO,,,,SHARED_CANDIDATE:obj:1588,NONE,NONE,NONE,
obj:1592,a grass wall,decoration,bottom_overlay,./dat/objects.srv,P2,TODO,,,,SHARED_CANDIDATE:obj:1585,NONE,NONE,NONE,
obj:1595,a liane,decoration,bottom_overlay,./dat/objects.srv,P2,TODO,,,,MESH,NONE,NONE,NONE,
obj:1596,a liane,decoration,bottom_overlay,./dat/objects.srv,P2,TODO,,,,SHARED_CANDIDATE:obj:1595,NONE,NONE,NONE,
obj:1597,a palisade,decoration,bottom_overlay,./dat/objects.srv,P2,TODO,,,,MESH,NONE,NONE,NONE,
obj:1598,a palisade,decoration,bottom_overlay,./dat/objects.srv,P2,TODO,,,,SHARED_CANDIDATE:obj:1597,NONE,NONE,NONE,
obj:1599,a palisade,decoration,bottom_overlay,./dat/objects.srv,P2,TODO,,,,SHARED_CANDIDATE:obj:1597,NONE,NONE,NONE,
obj:1600,a palisade,decoration,bottom_overlay,./dat/objects.srv,P2,TODO,,,,SHARED_CANDIDATE:obj:1597,NONE,NONE,NONE,
obj:1601,a palisade,decoration,bottom_overlay,./dat/objects.srv,P2,TODO,,,,SHARED_CANDIDATE:obj:1597,NONE,NONE,NONE,
obj:1602,a palisade,decoration,bottom_overlay,./dat/objects.srv,P2,TODO,,,,SHARED_CANDIDATE:obj:1597,NONE,NONE,NONE,
obj:1603,a palisade,decoration,bottom_overlay,./dat/objects.srv,P2,TODO,,,,SHARED_CANDIDATE:obj:1597,NONE,NONE,NONE,
obj:1604,a palisade,decoration,bottom_overlay,./dat/objects.srv,P2,TODO,,,,SHARED_CANDIDATE:obj:1597,NONE,NONE,NONE,
obj:1605,a palisade,decoration,bottom_overlay,./dat/objects.srv,P2,TODO,,,,SHARED_CANDIDATE:obj:1597,NONE,NONE,NONE,
obj:1606,a palisade,decoration,bottom_overlay,./dat/objects.srv,P2,TODO,,,,SHARED_CANDIDATE:obj:1597,NONE,NONE,NONE,
obj:1609,a palisade,decoration,bottom_overlay,./dat/objects.srv,P2,TODO,,,,SHARED_CANDIDATE:obj:1597,NONE,NONE,NONE,
obj:1611,a palisade,decoration,bottom_overlay,./dat/objects.srv,P2,TODO,,,,SHARED_CANDIDATE:obj:1597,NONE,NONE,NONE,
obj:1619,a palisade,decoration,bottom_overlay,./dat/objects.srv,P2,TODO,,,,SHARED_CANDIDATE:obj:1597,NONE,NONE,NONE,
obj:1620,a palisade,decoration,bottom_overlay,./dat/objects.srv,P2,TODO,,,,SHARED_CANDIDATE:obj:1597,NONE,NONE,NONE,
obj:1621,a palisade,decoration,bottom_overlay,./dat/objects.srv,P2,TODO,,,,SHARED_CANDIDATE:obj:1597,NONE,NONE,NONE,
obj:1622,a stone wall,decoration,bottom_overlay,./dat/objects.srv,P2,TODO,,,,SHARED_CANDIDATE:obj:1294,NONE,NONE,NONE,
obj:1623,a stone wall,decoration,bottom_overlay,./dat/objects.srv,P2,TODO,,,,SHARED_CANDIDATE:obj:1294,NONE,NONE,NONE,
obj:1736,a brick window,decoration,bottom_overlay,./dat/objects.srv,P2,TODO,,,,MESH,NONE,NONE,NONE,
obj:1737,a brick window,decoration,bottom_overlay,./dat/objects.srv,P2,TODO,,,,SHARED_CANDIDATE:obj:1736,NONE,NONE,NONE,
obj:1738,a stone wall window,decoration,bottom_overlay,./dat/objects.srv,P2,TODO,,,,SHARED_CANDIDATE:obj:1465,NONE,NONE,NONE,
obj:1739,a stone wall window,decoration,bottom_overlay,./dat/objects.srv,P2,TODO,,,,SHARED_CANDIDATE:obj:1465,NONE,NONE,NONE,
obj:1741,an oriental window,decoration,bottom_overlay,./dat/objects.srv,P2,TODO,,,,SHARED_CANDIDATE:obj:1740,NONE,NONE,NONE,
obj:1742,an oriental window,decoration,bottom_overlay,./dat/objects.srv,P2,TODO,,,,SHARED_CANDIDATE:obj:1740,NONE,NONE,NONE,
obj:1743,an oriental window,decoration,bottom_overlay,./dat/objects.srv,P2,TODO,,,,SHARED_CANDIDATE:obj:1740,NONE,NONE,NONE,
obj:1748,a mast,decoration,bottom_overlay,./dat/objects.srv,P2,TODO,,,,MESH,NONE,NONE,NONE,
obj:1755,a small boat,decoration,bottom_overlay,./dat/objects.srv,P2,TODO,,,,MESH,NONE,NONE,NONE,
obj:1756,a small boat,decoration,bottom_overlay,./dat/objects.srv,P2,TODO,,,,SHARED_CANDIDATE:obj:1755,NONE,NONE,NONE,
obj:1757,a small boat,decoration,bottom_overlay,./dat/objects.srv,P2,TODO,,,,SHARED_CANDIDATE:obj:1755,NONE,NONE,NONE,
obj:1758,a small boat,decoration,bottom_overlay,./dat/objects.srv,P2,TODO,,,,SHARED_CANDIDATE:obj:1755,NONE,NONE,NONE,
obj:1759,a small boat,decoration,bottom_overlay,./dat/objects.srv,P2,TODO,,,,SHARED_CANDIDATE:obj:1755,NONE,NONE,NONE,
obj:1760,a small boat,decoration,bottom_overlay,./dat/objects.srv,P2,TODO,,,,SHARED_CANDIDATE:obj:1755,NONE,NONE,NONE,
obj:1761,a small boat,decoration,bottom_overlay,./dat/objects.srv,P2,TODO,,,,SHARED_CANDIDATE:obj:1755,NONE,NONE,NONE,
obj:1762,a small boat,decoration,bottom_overlay,./dat/objects.srv,P2,TODO,,,,SHARED_CANDIDATE:obj:1755,NONE,NONE,NONE,
obj:1763,a small boat,decoration,bottom_overlay,./dat/objects.srv,P2,TODO,,,,SHARED_CANDIDATE:obj:1755,NONE,NONE,NONE,
obj:1764,a small boat,decoration,bottom_overlay,./dat/objects.srv,P2,TODO,,,,SHARED_CANDIDATE:obj:1755,NONE,NONE,NONE,
obj:1802,debris,decoration,bottom_overlay,./dat/objects.srv,P2,TODO,,,,SHARED_CANDIDATE:obj:1794,NONE,NONE,NONE,
obj:1805,debris,decoration,bottom_overlay,./dat/objects.srv,P2,TODO,,,,SHARED_CANDIDATE:obj:1794,NONE,NONE,NONE,
obj:1807,debris,decoration,bottom_overlay,./dat/objects.srv,P2,TODO,,,,SHARED_CANDIDATE:obj:1794,NONE,NONE,NONE,
obj:1812,debris,decoration,bottom_overlay,./dat/objects.srv,P2,TODO,,,,SHARED_CANDIDATE:obj:1794,NONE,NONE,NONE,
obj:1819,debris,decoration,bottom_overlay,./dat/objects.srv,P2,TODO,,,,SHARED_CANDIDATE:obj:1794,NONE,NONE,NONE,
obj:1821,debris,decoration,bottom_overlay,./dat/objects.srv,P2,TODO,,,,SHARED_CANDIDATE:obj:1794,NONE,NONE,NONE,
obj:1828,debris,decoration,bottom_overlay,./dat/objects.srv,P2,TODO,,,,SHARED_CANDIDATE:obj:1794,NONE,NONE,NONE,
obj:1829,debris,decoration,bottom_overlay,./dat/objects.srv,P2,TODO,,,,SHARED_CANDIDATE:obj:1794,NONE,NONE,NONE,
obj:1830,debris,decoration,bottom_overlay,./dat/objects.srv,P2,TODO,,,,SHARED_CANDIDATE:obj:1794,NONE,NONE,NONE,
obj:1831,debris,decoration,bottom_overlay,./dat/objects.srv,P2,TODO,,,,SHARED_CANDIDATE:obj:1794,NONE,NONE,NONE,
obj:1832,debris,decoration,bottom_overlay,./dat/objects.srv,P2,TODO,,,,SHARED_CANDIDATE:obj:1794,NONE,NONE,NONE,
obj:1833,debris,decoration,bottom_overlay,./dat/objects.srv,P2,TODO,,,,SHARED_CANDIDATE:obj:1794,NONE,NONE,NONE,
obj:1834,debris,decoration,bottom_overlay,./dat/objects.srv,P2,TODO,,,,SHARED_CANDIDATE:obj:1794,NONE,NONE,NONE,
obj:1835,debris,decoration,bottom_overlay,./dat/objects.srv,P2,TODO,,,,SHARED_CANDIDATE:obj:1794,NONE,NONE,NONE,
obj:1836,debris,decoration,bottom_overlay,./dat/objects.srv,P2,TODO,,,,SHARED_CANDIDATE:obj:1794,NONE,NONE,NONE,
obj:1837,debris,decoration,bottom_overlay,./dat/objects.srv,P2,TODO,,,,SHARED_CANDIDATE:obj:1794,NONE,NONE,NONE,
obj:1838,debris,decoration,bottom_overlay,./dat/objects.srv,P2,TODO,,,,SHARED_CANDIDATE:obj:1794,NONE,NONE,NONE,
obj:1839,debris,decoration,bottom_overlay,./dat/objects.srv,P2,TODO,,,,SHARED_CANDIDATE:obj:1794,NONE,NONE,NONE,
obj:1841,a blue shrine stone,decoration,bottom_overlay,./dat/objects.srv,P2,TODO,,,,MESH,NONE,NONE,NONE,
obj:1842,a red shrine stone,decoration,bottom_overlay,./dat/objects.srv,P2,TODO,,,,MESH,NONE,NONE,NONE,
obj:1843,a stone,decoration,bottom_overlay,./dat/objects.srv,P2,TODO,,,,SHARED_CANDIDATE:obj:1772,NONE,NONE,NONE,
obj:1844,a stone,decoration,bottom_overlay,./dat/objects.srv,P2,TODO,,,,SHARED_CANDIDATE:obj:1772,NONE,NONE,NONE,
obj:1845,a stone,decoration,bottom_overlay,./dat/objects.srv,P2,TODO,,,,SHARED_CANDIDATE:obj:1772,NONE,NONE,NONE,
obj:1846,a stone,decoration,bottom_overlay,./dat/objects.srv,P2,TODO,,,,SHARED_CANDIDATE:obj:1772,NONE,NONE,NONE,
obj:1847,a mossy stone,decoration,bottom_overlay,./dat/objects.srv,P2,TODO,,,,SHARED_CANDIDATE:obj:1840,NONE,NONE,NONE,
obj:1848,a mossy stone,decoration,bottom_overlay,./dat/objects.srv,P2,TODO,,,,SHARED_CANDIDATE:obj:1840,NONE,NONE,NONE,
obj:1849,a mossy stone,decoration,bottom_overlay,./dat/objects.srv,P2,TODO,,,,SHARED_CANDIDATE:obj:1840,NONE,NONE,NONE,
obj:1850,a mossy stone,decoration,bottom_overlay,./dat/objects.srv,P2,TODO,,,,SHARED_CANDIDATE:obj:1840,NONE,NONE,NONE,
obj:1851,a stone,decoration,bottom_overlay,./dat/objects.srv,P2,TODO,,,,SHARED_CANDIDATE:obj:1772,NONE,NONE,NONE,
obj:1852,stones,decoration,bottom_overlay,./dat/objects.srv,P2,TODO,,,,MESH,NONE,NONE,NONE,
obj:1853,a stone,decoration,bottom_overlay,./dat/objects.srv,P2,TODO,,,,SHARED_CANDIDATE:obj:1772,NONE,NONE,NONE,
obj:1854,stones,decoration,bottom_overlay,./dat/objects.srv,P2,TODO,,,,SHARED_CANDIDATE:obj:1852,NONE,NONE,NONE,
obj:1855,stones,decoration,bottom_overlay,./dat/objects.srv,P2,TODO,,,,SHARED_CANDIDATE:obj:1852,NONE,NONE,NONE,
obj:1856,a stone,decoration,bottom_overlay,./dat/objects.srv,P2,TODO,,,,SHARED_CANDIDATE:obj:1772,NONE,NONE,NONE,
obj:1857,stones,decoration,bottom_overlay,./dat/objects.srv,P2,TODO,,,,SHARED_CANDIDATE:obj:1852,NONE,NONE,NONE,
obj:1858,stones,decoration,bottom_overlay,./dat/objects.srv,P2,TODO,,,,SHARED_CANDIDATE:obj:1852,NONE,NONE,NONE,
obj:1859,a stone,decoration,bottom_overlay,./dat/objects.srv,P2,TODO,,,,SHARED_CANDIDATE:obj:1772,NONE,NONE,NONE,
obj:1860,a stone,decoration,bottom_overlay,./dat/objects.srv,P2,TODO,,,,SHARED_CANDIDATE:obj:1772,NONE,NONE,NONE,
obj:1861,a stone,decoration,bottom_overlay,./dat/objects.srv,P2,TODO,,,,SHARED_CANDIDATE:obj:1772,NONE,NONE,NONE,
obj:1862,a stone,decoration,bottom_overlay,./dat/objects.srv,P2,TODO,,,,SHARED_CANDIDATE:obj:1772,NONE,NONE,NONE,
obj:1863,a stone,decoration,bottom_overlay,./dat/objects.srv,P2,TODO,,,,SHARED_CANDIDATE:obj:1772,NONE,NONE,NONE,
obj:1864,a stone,decoration,bottom_overlay,./dat/objects.srv,P2,TODO,,,,SHARED_CANDIDATE:obj:1772,NONE,NONE,NONE,
obj:1865,a stone,decoration,bottom_overlay,./dat/objects.srv,P2,TODO,,,,SHARED_CANDIDATE:obj:1772,NONE,NONE,NONE,
obj:1866,a stone,decoration,bottom_overlay,./dat/objects.srv,P2,TODO,,,,SHARED_CANDIDATE:obj:1772,NONE,NONE,NONE,
obj:1867,a stone,decoration,bottom_overlay,./dat/objects.srv,P2,TODO,,,,SHARED_CANDIDATE:obj:1772,NONE,NONE,NONE,
obj:1868,a stone,decoration,bottom_overlay,./dat/objects.srv,P2,TODO,,,,SHARED_CANDIDATE:obj:1772,NONE,NONE,NONE,
obj:1869,a stone,decoration,bottom_overlay,./dat/objects.srv,P2,TODO,,,,SHARED_CANDIDATE:obj:1772,NONE,NONE,NONE,
obj:1870,a stone,decoration,bottom_overlay,./dat/objects.srv,P2,TODO,,,,SHARED_CANDIDATE:obj:1772,NONE,NONE,NONE,
obj:1871,a stone,decoration,bottom_overlay,./dat/objects.srv,P2,TODO,,,,SHARED_CANDIDATE:obj:1772,NONE,NONE,NONE,
obj:1872,a stone,decoration,bottom_overlay,./dat/objects.srv,P2,TODO,,,,SHARED_CANDIDATE:obj:1772,NONE,NONE,NONE,
obj:1873,a stone,decoration,bottom_overlay,./dat/objects.srv,P2,TODO,,,,SHARED_CANDIDATE:obj:1772,NONE,NONE,NONE,
obj:1874,a stone,decoration,bottom_overlay,./dat/objects.srv,P2,TODO,,,,SHARED_CANDIDATE:obj:1772,NONE,NONE,NONE,
obj:1875,a stone,decoration,bottom_overlay,./dat/objects.srv,P2,TODO,,,,SHARED_CANDIDATE:obj:1772,NONE,NONE,NONE,
obj:1876,a mossy stone,decoration,bottom_overlay,./dat/objects.srv,P2,TODO,,,,SHARED_CANDIDATE:obj:1840,NONE,NONE,NONE,
obj:1877,a mossy stone,decoration,bottom_overlay,./dat/objects.srv,P2,TODO,,,,SHARED_CANDIDATE:obj:1840,NONE,NONE,NONE,
obj:1878,a mossy stone,decoration,bottom_overlay,./dat/objects.srv,P2,TODO,,,,SHARED_CANDIDATE:obj:1840,NONE,NONE,NONE,
obj:1879,a mossy stone,decoration,bottom_overlay,./dat/objects.srv,P2,TODO,,,,SHARED_CANDIDATE:obj:1840,NONE,NONE,NONE,
obj:1880,a mossy stone,decoration,bottom_overlay,./dat/objects.srv,P2,TODO,,,,SHARED_CANDIDATE:obj:1840,NONE,NONE,NONE,
obj:1881,a mossy stone,decoration,bottom_overlay,./dat/objects.srv,P2,TODO,,,,SHARED_CANDIDATE:obj:1840,NONE,NONE,NONE,
obj:1882,a mossy stone,decoration,bottom_overlay,./dat/objects.srv,P2,TODO,,,,SHARED_CANDIDATE:obj:1840,NONE,NONE,NONE,
obj:1883,a mossy stone,decoration,bottom_overlay,./dat/objects.srv,P2,TODO,,,,SHARED_CANDIDATE:obj:1840,NONE,NONE,NONE,
obj:1884,a mossy stone,decoration,bottom_overlay,./dat/objects.srv,P2,TODO,,,,SHARED_CANDIDATE:obj:1840,NONE,NONE,NONE,
obj:1885,a mossy stone,decoration,bottom_overlay,./dat/objects.srv,P2,TODO,,,,SHARED_CANDIDATE:obj:1840,NONE,NONE,NONE,
obj:1886,a mossy stone,decoration,bottom_overlay,./dat/objects.srv,P2,TODO,,,,SHARED_CANDIDATE:obj:1840,NONE,NONE,NONE,
obj:1887,a mossy stone,decoration,bottom_overlay,./dat/objects.srv,P2,TODO,,,,SHARED_CANDIDATE:obj:1840,NONE,NONE,NONE,
obj:1888,a mossy stone,decoration,bottom_overlay,./dat/objects.srv,P2,TODO,,,,SHARED_CANDIDATE:obj:1840,NONE,NONE,NONE,
obj:1889,a mossy stone,decoration,bottom_overlay,./dat/objects.srv,P2,TODO,,,,SHARED_CANDIDATE:obj:1840,NONE,NONE,NONE,
obj:1890,a mossy stone,decoration,bottom_overlay,./dat/objects.srv,P2,TODO,,,,SHARED_CANDIDATE:obj:1840,NONE,NONE,NONE,
obj:1891,a mossy stone,decoration,bottom_overlay,./dat/objects.srv,P2,TODO,,,,SHARED_CANDIDATE:obj:1840,NONE,NONE,NONE,
obj:1892,debris,decoration,bottom_overlay,./dat/objects.srv,P2,TODO,,,,SHARED_CANDIDATE:obj:1794,NONE,NONE,NONE,
obj:1893,debris,decoration,bottom_overlay,./dat/objects.srv,P2,TODO,,,,SHARED_CANDIDATE:obj:1794,NONE,NONE,NONE,
obj:1894,debris,decoration,bottom_overlay,./dat/objects.srv,P2,TODO,,,,SHARED_CANDIDATE:obj:1794,NONE,NONE,NONE,
obj:1895,debris,decoration,bottom_overlay,./dat/objects.srv,P2,TODO,,,,SHARED_CANDIDATE:obj:1794,NONE,NONE,NONE,
obj:1896,debris,decoration,bottom_overlay,./dat/objects.srv,P2,TODO,,,,SHARED_CANDIDATE:obj:1794,NONE,NONE,NONE,
obj:1901,a stone,decoration,bottom_overlay,./dat/objects.srv,P2,TODO,,,,SHARED_CANDIDATE:obj:1772,NONE,NONE,NONE,
obj:1902,a stone,decoration,bottom_overlay,./dat/objects.srv,P2,TODO,,,,SHARED_CANDIDATE:obj:1772,NONE,NONE,NONE,
obj:1903,a stone,decoration,bottom_overlay,./dat/objects.srv,P2,TODO,,,,SHARED_CANDIDATE:obj:1772,NONE,NONE,NONE,
obj:1904,a stone,decoration,bottom_overlay,./dat/objects.srv,P2,TODO,,,,SHARED_CANDIDATE:obj:1772,NONE,NONE,NONE,
obj:1905,a stone,decoration,bottom_overlay,./dat/objects.srv,P2,TODO,,,,SHARED_CANDIDATE:obj:1772,NONE,NONE,NONE,
obj:1906,a stone,decoration,bottom_overlay,./dat/objects.srv,P2,TODO,,,,SHARED_CANDIDATE:obj:1772,NONE,NONE,NONE,
obj:1907,a stone,decoration,bottom_overlay,./dat/objects.srv,P2,TODO,,,,SHARED_CANDIDATE:obj:1772,NONE,NONE,NONE,
obj:1908,a stone,decoration,bottom_overlay,./dat/objects.srv,P2,TODO,,,,SHARED_CANDIDATE:obj:1772,NONE,NONE,NONE,
obj:1909,a stone,decoration,bottom_overlay,./dat/objects.srv,P2,TODO,,,,SHARED_CANDIDATE:obj:1772,NONE,NONE,NONE,
obj:1910,a stone,decoration,bottom_overlay,./dat/objects.srv,P2,TODO,,,,SHARED_CANDIDATE:obj:1772,NONE,NONE,NONE,
obj:1911,a stone,decoration,bottom_overlay,./dat/objects.srv,P2,TODO,,,,SHARED_CANDIDATE:obj:1772,NONE,NONE,NONE,
obj:1912,a stone,decoration,bottom_overlay,./dat/objects.srv,P2,TODO,,,,SHARED_CANDIDATE:obj:1772,NONE,NONE,NONE,
obj:1913,a stone,decoration,bottom_overlay,./dat/objects.srv,P2,TODO,,,,SHARED_CANDIDATE:obj:1772,NONE,NONE,NONE,
obj:1914,a stone,decoration,bottom_overlay,./dat/objects.srv,P2,TODO,,,,SHARED_CANDIDATE:obj:1772,NONE,NONE,NONE,
obj:1915,a painted stone,decoration,bottom_overlay,./dat/objects.srv,P2,TODO,,,,MESH,NONE,NONE,NONE,
obj:1916,a painted stone,decoration,bottom_overlay,./dat/objects.srv,P2,TODO,,,,SHARED_CANDIDATE:obj:1915,NONE,NONE,NONE,
obj:1917,a painted stone,decoration,bottom_overlay,./dat/objects.srv,P2,TODO,,,,SHARED_CANDIDATE:obj:1915,NONE,NONE,NONE,
obj:1918,a painted stone,decoration,bottom_overlay,./dat/objects.srv,P2,TODO,,,,SHARED_CANDIDATE:obj:1915,NONE,NONE,NONE,
obj:1919,a painted stone,decoration,bottom_overlay,./dat/objects.srv,P2,TODO,,,,SHARED_CANDIDATE:obj:1915,NONE,NONE,NONE,
obj:1920,a painted stone,decoration,bottom_overlay,./dat/objects.srv,P2,TODO,,,,SHARED_CANDIDATE:obj:1915,NONE,NONE,NONE,
obj:1921,a painted stone,decoration,bottom_overlay,./dat/objects.srv,P2,TODO,,,,SHARED_CANDIDATE:obj:1915,NONE,NONE,NONE,
obj:1959,a mystic flame,decoration,light_source,./dat/objects.srv,P2,TODO,,,,MESH,NONE,NONE,NONE,
obj:1960,a ramp,decoration,bottom_overlay,./dat/objects.srv,P2,TODO,,,,SHARED_CANDIDATE:obj:1950,NONE,NONE,NONE,
obj:1961,a ramp,decoration,bottom_overlay,./dat/objects.srv,P2,TODO,,,,SHARED_CANDIDATE:obj:1950,NONE,NONE,NONE,
obj:1962,a ramp,decoration,bottom_overlay,./dat/objects.srv,P2,TODO,,,,SHARED_CANDIDATE:obj:1950,NONE,NONE,NONE,
obj:1963,a ramp,decoration,bottom_overlay,./dat/objects.srv,P2,TODO,,,,SHARED_CANDIDATE:obj:1950,NONE,NONE,NONE,
obj:1964,a ramp,decoration,bottom_overlay,./dat/objects.srv,P2,TODO,,,,SHARED_CANDIDATE:obj:1950,NONE,NONE,NONE,
obj:1965,a ramp,decoration,bottom_overlay,./dat/objects.srv,P2,TODO,,,,SHARED_CANDIDATE:obj:1950,NONE,NONE,NONE,
obj:1966,a ramp,decoration,bottom_overlay,./dat/objects.srv,P2,TODO,,,,SHARED_CANDIDATE:obj:1950,NONE,NONE,NONE,
obj:1967,a ramp,decoration,bottom_overlay,./dat/objects.srv,P2,TODO,,,,SHARED_CANDIDATE:obj:1950,NONE,NONE,NONE,
obj:1968,a ladder,decoration,bottom_overlay,./dat/objects.srv,P2,TODO,,,,SHARED_CANDIDATE:obj:1948,NONE,NONE,NONE,
obj:1975,a ramp,decoration,bottom_overlay,./dat/objects.srv,P2,TODO,,,,SHARED_CANDIDATE:obj:1950,NONE,NONE,NONE,
obj:1976,a ramp,decoration,bottom_overlay,./dat/objects.srv,P2,TODO,,,,SHARED_CANDIDATE:obj:1950,NONE,NONE,NONE,
obj:1977,stone stairs,decoration,bottom_overlay,./dat/objects.srv,P2,TODO,,,,MESH,NONE,NONE,NONE,
obj:1978,stone stairs,decoration,bottom_overlay,./dat/objects.srv,P2,TODO,,,,SHARED_CANDIDATE:obj:1977,NONE,NONE,NONE,
obj:1984,a stone coffin,decoration,bottom_overlay,./dat/objects.srv,P2,TODO,,,,MESH,NONE,NONE,NONE,
obj:1993,a sarcophagus,decoration,bottom_overlay,./dat/objects.srv,P2,TODO,,,,MESH,NONE,NONE,NONE,
obj:1995,a sarcophagus,decoration,bottom_overlay,./dat/objects.srv,P2,TODO,,,,SHARED_CANDIDATE:obj:1993,NONE,NONE,NONE,
obj:2000,a campfire,decoration,light_source,./dat/objects.srv,P2,TODO,,,,SHARED_CANDIDATE:obj:1998,NONE,NONE,NONE,
obj:2003,a campfire,decoration,light_source,./dat/objects.srv,P2,TODO,,,,SHARED_CANDIDATE:obj:1998,NONE,NONE,NONE,
obj:2004,a large cauldron,decoration,bottom_overlay,./dat/objects.srv,P2,TODO,,,,MESH,NONE,NONE,NONE,
obj:2005,a large cauldron,decoration,bottom_overlay,./dat/objects.srv,P2,TODO,,,,SHARED_CANDIDATE:obj:2004,NONE,NONE,NONE,
obj:2006,a large cauldron,decoration,bottom_overlay,./dat/objects.srv,P2,TODO,,,,SHARED_CANDIDATE:obj:2004,NONE,NONE,NONE,
obj:2007,a large cauldron,decoration,bottom_overlay,./dat/objects.srv,P2,TODO,,,,SHARED_CANDIDATE:obj:2004,NONE,NONE,NONE,
obj:2008,a large cauldron,decoration,bottom_overlay,./dat/objects.srv,P2,TODO,,,,SHARED_CANDIDATE:obj:2004,NONE,NONE,NONE,
obj:2009,a large cauldron,decoration,bottom_overlay,./dat/objects.srv,P2,TODO,,,,SHARED_CANDIDATE:obj:2004,NONE,NONE,NONE,
obj:2010,a large cauldron,decoration,light_source,./dat/objects.srv,P2,TODO,,,,SHARED_CANDIDATE:obj:2004,NONE,NONE,NONE,
obj:2011,a large cauldron,decoration,light_source,./dat/objects.srv,P2,TODO,,,,SHARED_CANDIDATE:obj:2004,NONE,NONE,NONE,
obj:2018,a dragon flag,decoration,bottom_overlay,./dat/objects.srv,P2,TODO,,,,MESH,NONE,NONE,NONE,
obj:2019,a castle flag,decoration,bottom_overlay,./dat/objects.srv,P2,TODO,,,,MESH,NONE,NONE,NONE,
obj:2055,a cobra statue,decoration,hangable,./dat/objects.srv,P2,TODO,,,,MESH,NONE,NONE,NONE,
obj:2057,a cobra statue,decoration,hangable,./dat/objects.srv,P2,TODO,,,,SHARED_CANDIDATE:obj:2055,NONE,NONE,NONE,
obj:2063,a sacral statue,decoration,light_source,./dat/objects.srv,P2,TODO,,,,SHARED_CANDIDATE:obj:2062,NONE,NONE,NONE,
obj:2065,a sacral statue,decoration,light_source,./dat/objects.srv,P2,TODO,,,,SHARED_CANDIDATE:obj:2062,NONE,NONE,NONE,
obj:2074,a small pagoda,decoration,bottom_overlay,./dat/objects.srv,P2,TODO,,,,MESH,NONE,NONE,NONE,
obj:2075,a small lit pagoda,decoration,light_source,./dat/objects.srv,P2,TODO,,,,MESH,NONE,NONE,NONE,
obj:2076,a stone snake wall,decoration,bottom_overlay,./dat/objects.srv,P2,TODO,,,,MESH,NONE,NONE,NONE,
obj:2077,a snake wall,decoration,bottom_overlay,./dat/objects.srv,P2,TODO,,,,MESH,NONE,NONE,NONE,
obj:2078,a stone snake wall,decoration,bottom_overlay,./dat/objects.srv,P2,TODO,,,,SHARED_CANDIDATE:obj:2076,NONE,NONE,NONE,
obj:2079,a snake wall,decoration,bottom_overlay,./dat/objects.srv,P2,TODO,,,,SHARED_CANDIDATE:obj:2077,NONE,NONE,NONE,
obj:2093,a stone snake pagoda,decoration,bottom_overlay,./dat/objects.srv,P2,TODO,,,,MESH,NONE,NONE,NONE,
obj:2094,a dried well,decoration,bottom_overlay,./dat/objects.srv,P2,TODO,,,,MESH,NONE,NONE,NONE,
obj:2095,a dried well,decoration,bottom_overlay,./dat/objects.srv,P2,TODO,,,,SHARED_CANDIDATE:obj:2094,NONE,NONE,NONE,
obj:2096,a dried well,decoration,bottom_overlay,./dat/objects.srv,P2,TODO,,,,SHARED_CANDIDATE:obj:2094,NONE,NONE,NONE,
obj:2097,a dried well,decoration,bottom_overlay,./dat/objects.srv,P2,TODO,,,,SHARED_CANDIDATE:obj:2094,NONE,NONE,NONE,
obj:2102,a pagoda,decoration,bottom_overlay,./dat/objects.srv,P2,TODO,,,,MESH,NONE,NONE,NONE,
obj:2103,a pagoda,decoration,bottom_overlay,./dat/objects.srv,P2,TODO,,,,SHARED_CANDIDATE:obj:2102,NONE,NONE,NONE,
obj:2108,a street lamp,decoration,light_source,./dat/objects.srv,P2,TODO,,,,MESH,NONE,NONE,NONE,
obj:2111,a coal basin,decoration,light_source,./dat/objects.srv,P2,TODO,,,,SHARED_CANDIDATE:obj:2110,NONE,NONE,NONE,
obj:2114,an empty coal basin,decoration,light_source,./dat/objects.srv,P2,TODO,,,,MESH,NONE,NONE,NONE,
obj:2115,a stone coal basin,decoration,light_source,./dat/objects.srv,P2,TODO,,,,MESH,NONE,NONE,NONE,
obj:2116,a bamboo lamp,decoration,light_source,./dat/objects.srv,P2,TODO,,,,MESH,NONE,NONE,NONE,
obj:2117,a bamboo lamp,decoration,light_source,./dat/objects.srv,P2,TODO,,,,SHARED_CANDIDATE:obj:2116,NONE,NONE,NONE,
obj:2137,a searing fire,decoration,light_source,./dat/objects.srv,P2,TODO,,,,MESH,NONE,NONE,NONE,
obj:2138,a fire,decoration,light_source,./dat/objects.srv,P2,TODO,,,,MESH,NONE,NONE,NONE,
obj:2141,a searing fire,decoration,light_source,./dat/objects.srv,P2,TODO,,,,MESH,NONE,NONE,NONE,
obj:2142,a searing fire,decoration,light_source,./dat/objects.srv,P2,TODO,,,,ALIAS_OF:obj:2141,NONE,NONE,NONE,
obj:2149,a searing fire,decoration,light_source,./dat/objects.srv,P2,TODO,,,,ALIAS_OF:obj:2141,NONE,NONE,NONE,
obj:2150,a fire,decoration,light_source,./dat/objects.srv,P2,TODO,,,,MESH,NONE,NONE,NONE,
obj:2151,a fire,decoration,light_source,./dat/objects.srv,P2,TODO,,,,ALIAS_OF:obj:2150,NONE,NONE,NONE,
obj:2152,a stone pillar,decoration,bottom_overlay,./dat/objects.srv,P2,TODO,,,,MESH,NONE,NONE,NONE,
obj:2188,a sandstone pillar,decoration,bottom_overlay,./dat/objects.srv,P2,TODO,,,,MESH,NONE,NONE,NONE,
obj:2189,a sandstone statue,decoration,bottom_overlay,./dat/objects.srv,P2,TODO,,,,MESH,NONE,NONE,NONE,
obj:2190,an oriental pillar,decoration,bottom_overlay,./dat/objects.srv,P2,TODO,,,,MESH,NONE,NONE,NONE,
obj:2191,a ramp,decoration,bottom_overlay,./dat/objects.srv,P2,TODO,,,,SHARED_CANDIDATE:obj:1950,NONE,NONE,NONE,
obj:2192,a ramp,decoration,bottom_overlay,./dat/objects.srv,P2,TODO,,,,SHARED_CANDIDATE:obj:1950,NONE,NONE,NONE,
obj:2193,a ramp,decoration,bottom_overlay,./dat/objects.srv,P2,TODO,,,,SHARED_CANDIDATE:obj:1950,NONE,NONE,NONE,
obj:2194,a ramp,decoration,bottom_overlay,./dat/objects.srv,P2,TODO,,,,SHARED_CANDIDATE:obj:1950,NONE,NONE,NONE,
obj:2195,a ramp,decoration,bottom_overlay,./dat/objects.srv,P2,TODO,,,,SHARED_CANDIDATE:obj:1950,NONE,NONE,NONE,
obj:2196,a ramp,decoration,bottom_overlay,./dat/objects.srv,P2,TODO,,,,SHARED_CANDIDATE:obj:1950,NONE,NONE,NONE,
obj:2197,a ramp,decoration,bottom_overlay,./dat/objects.srv,P2,TODO,,,,SHARED_CANDIDATE:obj:1950,NONE,NONE,NONE,
obj:2198,a ramp,decoration,bottom_overlay,./dat/objects.srv,P2,TODO,,,,SHARED_CANDIDATE:obj:1950,NONE,NONE,NONE,
obj:2199,an obelisk,decoration,bottom_overlay,./dat/objects.srv,P2,TODO,,,,MESH,NONE,NONE,NONE,
obj:2200,a broken obelisk,decoration,bottom_overlay,./dat/objects.srv,P2,TODO,,,,MESH,NONE,NONE,NONE,
obj:2217,an ominous pillar,decoration,bottom_overlay,./dat/objects.srv,P2,TODO,,,,MESH,NONE,NONE,NONE,
obj:2218,a ramp,decoration,bottom_overlay,./dat/objects.srv,P2,TODO,,,,SHARED_CANDIDATE:obj:1950,NONE,NONE,NONE,
obj:2219,a ramp,decoration,bottom_overlay,./dat/objects.srv,P2,TODO,,,,SHARED_CANDIDATE:obj:1950,NONE,NONE,NONE,
obj:2220,a ramp,decoration,bottom_overlay,./dat/objects.srv,P2,TODO,,,,SHARED_CANDIDATE:obj:1950,NONE,NONE,NONE,
obj:2221,a ramp,decoration,bottom_overlay,./dat/objects.srv,P2,TODO,,,,SHARED_CANDIDATE:obj:1950,NONE,NONE,NONE,
obj:2242,a bamboo column,decoration,bottom_overlay,./dat/objects.srv,P2,TODO,,,,MESH,NONE,NONE,NONE,
obj:2243,a bamboo column,decoration,bottom_overlay,./dat/objects.srv,P2,TODO,,,,SHARED_CANDIDATE:obj:2242,NONE,NONE,NONE,
obj:2244,a bamboo column,decoration,bottom_overlay,./dat/objects.srv,P2,TODO,,,,SHARED_CANDIDATE:obj:2242,NONE,NONE,NONE,
obj:2245,a bamboo column,decoration,bottom_overlay,./dat/objects.srv,P2,TODO,,,,SHARED_CANDIDATE:obj:2242,NONE,NONE,NONE,
obj:2246,a bamboo column,decoration,bottom_overlay,./dat/objects.srv,P2,TODO,,,,SHARED_CANDIDATE:obj:2242,NONE,NONE,NONE,
obj:2247,a bamboo column,decoration,bottom_overlay,./dat/objects.srv,P2,TODO,,,,SHARED_CANDIDATE:obj:2242,NONE,NONE,NONE,
obj:2248,a bamboo column,decoration,bottom_overlay,./dat/objects.srv,P2,TODO,,,,SHARED_CANDIDATE:obj:2242,NONE,NONE,NONE,
obj:2249,a bamboo pole,decoration,bottom_overlay,./dat/objects.srv,P2,TODO,,,,MESH,NONE,NONE,NONE,
obj:2250,a bamboo pole,decoration,bottom_overlay,./dat/objects.srv,P2,TODO,,,,SHARED_CANDIDATE:obj:2249,NONE,NONE,NONE,
obj:2251,a bamboo pole,decoration,bottom_overlay,./dat/objects.srv,P2,TODO,,,,SHARED_CANDIDATE:obj:2249,NONE,NONE,NONE,
obj:2252,a bamboo pole,decoration,bottom_overlay,./dat/objects.srv,P2,TODO,,,,SHARED_CANDIDATE:obj:2249,NONE,NONE,NONE,
obj:2263,a stone pillar,decoration,bottom_overlay,./dat/objects.srv,P2,TODO,,,,SHARED_CANDIDATE:obj:2152,NONE,NONE,NONE,
obj:2289,a stone pillar,decoration,bottom_overlay,./dat/objects.srv,P2,TODO,,,,SHARED_CANDIDATE:obj:2152,NONE,NONE,NONE,
obj:2290,a broken stone pillar,decoration,bottom_overlay,./dat/objects.srv,P2,TODO,,,,SHARED_CANDIDATE:obj:2264,NONE,NONE,NONE,
obj:2299,a small totem pole,decoration,bottom_overlay,./dat/objects.srv,P2,TODO,,,,MESH,NONE,NONE,NONE,
obj:2300,a large totem pole,decoration,bottom_overlay,./dat/objects.srv,P2,TODO,,,,MESH,NONE,NONE,NONE,
obj:2302,a big table,decoration,bottom_overlay,./dat/objects.srv,P2,TODO,,,,MESH,NONE,NONE,NONE,
obj:2303,a big table,decoration,bottom_overlay,./dat/objects.srv,P2,TODO,,,,SHARED_CANDIDATE:obj:2302,NONE,NONE,NONE,
obj:2304,a big table,decoration,bottom_overlay,./dat/objects.srv,P2,TODO,,,,SHARED_CANDIDATE:obj:2302,NONE,NONE,NONE,
obj:2305,a big table,decoration,bottom_overlay,./dat/objects.srv,P2,TODO,,,,SHARED_CANDIDATE:obj:2302,NONE,NONE,NONE,
obj:2306,a big table,decoration,bottom_overlay,./dat/objects.srv,P2,TODO,,,,SHARED_CANDIDATE:obj:2302,NONE,NONE,NONE,
obj:2307,a big table,decoration,bottom_overlay,./dat/objects.srv,P2,TODO,,,,SHARED_CANDIDATE:obj:2302,NONE,NONE,NONE,
obj:2308,a big table,decoration,bottom_overlay,./dat/objects.srv,P2,TODO,,,,SHARED_CANDIDATE:obj:2302,NONE,NONE,NONE,
obj:2309,a big table,decoration,bottom_overlay,./dat/objects.srv,P2,TODO,,,,SHARED_CANDIDATE:obj:2302,NONE,NONE,NONE,
obj:2310,a big table,decoration,bottom_overlay,./dat/objects.srv,P2,TODO,,,,SHARED_CANDIDATE:obj:2302,NONE,NONE,NONE,
obj:2311,a big table,decoration,bottom_overlay,./dat/objects.srv,P2,TODO,,,,SHARED_CANDIDATE:obj:2302,NONE,NONE,NONE,
obj:2312,a big table,decoration,bottom_overlay,./dat/objects.srv,P2,TODO,,,,SHARED_CANDIDATE:obj:2302,NONE,NONE,NONE,
obj:2313,a big table,decoration,bottom_overlay,./dat/objects.srv,P2,TODO,,,,SHARED_CANDIDATE:obj:2302,NONE,NONE,NONE,
obj:2328,a table,decoration,bottom_overlay,./dat/objects.srv,P2,TODO,,,,SHARED_CANDIDATE:obj:2322,NONE,NONE,NONE,
obj:2332,a table,decoration,bottom_overlay,./dat/objects.srv,P2,TODO,,,,SHARED_CANDIDATE:obj:2322,NONE,NONE,NONE,
obj:2333,a table,decoration,bottom_overlay,./dat/objects.srv,P2,TODO,,,,SHARED_CANDIDATE:obj:2322,NONE,NONE,NONE,
obj:2334,a passthrough,decoration,bottom_overlay,./dat/objects.srv,P2,TODO,,,,MESH,NONE,NONE,NONE,
obj:2335,an open passthrough,decoration,bottom_overlay,./dat/objects.srv,P2,TODO,,,,MESH,NONE,NONE,NONE,
obj:2336,a passthrough,decoration,bottom_overlay,./dat/objects.srv,P2,TODO,,,,SHARED_CANDIDATE:obj:2334,NONE,NONE,NONE,
obj:2342,a counter,decoration,bottom_overlay,./dat/objects.srv,P2,TODO,,,,SHARED_CANDIDATE:obj:2317,NONE,NONE,NONE,
obj:2343,a counter,decoration,bottom_overlay,./dat/objects.srv,P2,TODO,,,,SHARED_CANDIDATE:obj:2317,NONE,NONE,NONE,
obj:2344,a counter,decoration,bottom_overlay,./dat/objects.srv,P2,TODO,,,,SHARED_CANDIDATE:obj:2317,NONE,NONE,NONE,
obj:2345,a counter,decoration,bottom_overlay,./dat/objects.srv,P2,TODO,,,,SHARED_CANDIDATE:obj:2317,NONE,NONE,NONE,
obj:2474,a wooden coffin,decoration,bottom_overlay,./dat/objects.srv,P2,TODO,,,,MESH,NONE,NONE,NONE,
obj:2536,an oven,decoration,light_source,./dat/objects.srv,P2,TODO,,,,SHARED_CANDIDATE:obj:2535,NONE,NONE,NONE,
obj:2537,an oven,decoration,light_source,./dat/objects.srv,P2,TODO,,,,SHARED_CANDIDATE:obj:2535,NONE,NONE,NONE,
obj:2538,an oven,decoration,light_source,./dat/objects.srv,P2,TODO,,,,SHARED_CANDIDATE:obj:2535,NONE,NONE,NONE,
obj:2539,an oven,decoration,light_source,./dat/objects.srv,P2,TODO,,,,SHARED_CANDIDATE:obj:2535,NONE,NONE,NONE,
obj:2540,an oven,decoration,light_source,./dat/objects.srv,P2,TODO,,,,SHARED_CANDIDATE:obj:2535,NONE,NONE,NONE,
obj:2542,an oven,decoration,light_source,./dat/objects.srv,P2,TODO,,,,SHARED_CANDIDATE:obj:2535,NONE,NONE,NONE,
obj:2644,a purple tapestry,decoration,hangable,./dat/objects.srv,P2,TODO,,,,MESH,NONE,NONE,NONE,
obj:2659,a blue tapestry,decoration,hangable,./dat/objects.srv,P2,TODO,,,,MESH,NONE,NONE,NONE,
obj:2693,a bloodspot,decoration,hangable,./dat/objects.srv,P2,TODO,,,,MESH,NONE,NONE,NONE,
obj:2694,a bloodspot,decoration,hangable,./dat/objects.srv,P2,TODO,,,,SHARED_CANDIDATE:obj:2693,NONE,NONE,NONE,
obj:2695,a bloodspot,decoration,hangable,./dat/objects.srv,P2,TODO,,,,SHARED_CANDIDATE:obj:2693,NONE,NONE,NONE,
obj:2699,cobwebs,decoration,hangable,./dat/objects.srv,P2,TODO,,,,MESH,NONE,NONE,NONE,
obj:2700,cobwebs,decoration,hangable,./dat/objects.srv,P2,TODO,,,,SHARED_CANDIDATE:obj:2699,NONE,NONE,NONE,
obj:2701,cobwebs,decoration,hangable,./dat/objects.srv,P2,TODO,,,,SHARED_CANDIDATE:obj:2699,NONE,NONE,NONE,
obj:2702,a flowery wall,decoration,hangable,./dat/objects.srv,P2,TODO,,,,MESH,NONE,NONE,NONE,
obj:2703,a flowery wall,decoration,hangable,./dat/objects.srv,P2,TODO,,,,SHARED_CANDIDATE:obj:2702,NONE,NONE,NONE,
obj:2704,a flowery wall,decoration,hangable,./dat/objects.srv,P2,TODO,,,,SHARED_CANDIDATE:obj:2702,NONE,NONE,NONE,
obj:2705,a flowery wall,decoration,hangable,./dat/objects.srv,P2,TODO,,,,SHARED_CANDIDATE:obj:2702,NONE,NONE,NONE,
obj:2706,a flowery wall,decoration,hangable,./dat/objects.srv,P2,TODO,,,,SHARED_CANDIDATE:obj:2702,NONE,NONE,NONE,
obj:2707,a flowery wall,decoration,hangable,./dat/objects.srv,P2,TODO,,,,SHARED_CANDIDATE:obj:2702,NONE,NONE,NONE,
obj:2708,a flowery wall,decoration,hangable,./dat/objects.srv,P2,TODO,,,,SHARED_CANDIDATE:obj:2702,NONE,NONE,NONE,
obj:2709,a flowery wall,decoration,hangable,./dat/objects.srv,P2,TODO,,,,SHARED_CANDIDATE:obj:2702,NONE,NONE,NONE,
obj:2710,a flowery wall,decoration,hangable,./dat/objects.srv,P2,TODO,,,,SHARED_CANDIDATE:obj:2702,NONE,NONE,NONE,
obj:2711,a flowery wall,decoration,hangable,./dat/objects.srv,P2,TODO,,,,SHARED_CANDIDATE:obj:2702,NONE,NONE,NONE,
obj:2712,a flowery wall,decoration,hangable,./dat/objects.srv,P2,TODO,,,,SHARED_CANDIDATE:obj:2702,NONE,NONE,NONE,
obj:2713,a flowery wall,decoration,hangable,./dat/objects.srv,P2,TODO,,,,SHARED_CANDIDATE:obj:2702,NONE,NONE,NONE,
obj:2726,a mossy wall,decoration,hangable,./dat/objects.srv,P2,TODO,,,,SHARED_CANDIDATE:obj:2714,NONE,NONE,NONE,
obj:2727,a mossy wall,decoration,hangable,./dat/objects.srv,P2,TODO,,,,SHARED_CANDIDATE:obj:2714,NONE,NONE,NONE,
obj:2728,a mossy wall,decoration,hangable,./dat/objects.srv,P2,TODO,,,,SHARED_CANDIDATE:obj:2714,NONE,NONE,NONE,
obj:2729,a mossy wall,decoration,hangable,./dat/objects.srv,P2,TODO,,,,SHARED_CANDIDATE:obj:2714,NONE,NONE,NONE,
obj:2730,a mossy wall,decoration,hangable,./dat/objects.srv,P2,TODO,,,,SHARED_CANDIDATE:obj:2714,NONE,NONE,NONE,
obj:2731,a mossy wall,decoration,hangable,./dat/objects.srv,P2,TODO,,,,SHARED_CANDIDATE:obj:2714,NONE,NONE,NONE,
obj:2732,a mossy wall,decoration,hangable,./dat/objects.srv,P2,TODO,,,,SHARED_CANDIDATE:obj:2714,NONE,NONE,NONE,
obj:2733,a mossy wall,decoration,hangable,./dat/objects.srv,P2,TODO,,,,SHARED_CANDIDATE:obj:2714,NONE,NONE,NONE,
obj:2734,a mossy wall,decoration,hangable,./dat/objects.srv,P2,TODO,,,,SHARED_CANDIDATE:obj:2714,NONE,NONE,NONE,
obj:2735,a mossy wall,decoration,hangable,./dat/objects.srv,P2,TODO,,,,SHARED_CANDIDATE:obj:2714,NONE,NONE,NONE,
obj:2736,a mossy wall,decoration,hangable,./dat/objects.srv,P2,TODO,,,,SHARED_CANDIDATE:obj:2714,NONE,NONE,NONE,
obj:2745,a fishing net,decoration,hangable,./dat/objects.srv,P2,TODO,,,,MESH,NONE,NONE,NONE,
obj:2746,a fishing net,decoration,hangable,./dat/objects.srv,P2,TODO,,,,SHARED_CANDIDATE:obj:2745,NONE,NONE,NONE,
obj:2747,a fishing net,decoration,hangable,./dat/objects.srv,P2,TODO,,,,SHARED_CANDIDATE:obj:2745,NONE,NONE,NONE,
obj:2748,a fishing net,decoration,hangable,./dat/objects.srv,P2,TODO,,,,SHARED_CANDIDATE:obj:2745,NONE,NONE,NONE,
obj:2749,a fishing net,decoration,hangable,./dat/objects.srv,P2,TODO,,,,SHARED_CANDIDATE:obj:2745,NONE,NONE,NONE,
obj:2750,a fishing net,decoration,hangable,./dat/objects.srv,P2,TODO,,,,SHARED_CANDIDATE:obj:2745,NONE,NONE,NONE,
obj:2751,a fishing net,decoration,hangable,./dat/objects.srv,P2,TODO,,,,SHARED_CANDIDATE:obj:2745,NONE,NONE,NONE,
obj:2752,a fishing net,decoration,hangable,./dat/objects.srv,P2,TODO,,,,SHARED_CANDIDATE:obj:2745,NONE,NONE,NONE,
obj:2753,a giant footprint,decoration,bottom_overlay,./dat/objects.srv,P2,TODO,,,,MESH,NONE,NONE,NONE,
obj:2754,a giant footprint,decoration,bottom_overlay,./dat/objects.srv,P2,TODO,,,,SHARED_CANDIDATE:obj:2753,NONE,NONE,NONE,
obj:2755,a giant footprint,decoration,bottom_overlay,./dat/objects.srv,P2,TODO,,,,SHARED_CANDIDATE:obj:2753,NONE,NONE,NONE,
obj:2756,a giant footprint,decoration,bottom_overlay,./dat/objects.srv,P2,TODO,,,,SHARED_CANDIDATE:obj:2753,NONE,NONE,NONE,
obj:2757,a giant footprint,decoration,bottom_overlay,./dat/objects.srv,P2,TODO,,,,SHARED_CANDIDATE:obj:2753,NONE,NONE,NONE,
obj:2758,a giant footprint,decoration,bottom_overlay,./dat/objects.srv,P2,TODO,,,,SHARED_CANDIDATE:obj:2753,NONE,NONE,NONE,
obj:2759,a giant footprint,decoration,bottom_overlay,./dat/objects.srv,P2,TODO,,,,SHARED_CANDIDATE:obj:2753,NONE,NONE,NONE,
obj:2760,a giant footprint,decoration,bottom_overlay,./dat/objects.srv,P2,TODO,,,,SHARED_CANDIDATE:obj:2753,NONE,NONE,NONE,
obj:2761,a giant footprint,decoration,bottom_overlay,./dat/objects.srv,P2,TODO,,,,SHARED_CANDIDATE:obj:2753,NONE,NONE,NONE,
obj:2762,a giant footprint,decoration,bottom_overlay,./dat/objects.srv,P2,TODO,,,,SHARED_CANDIDATE:obj:2753,NONE,NONE,NONE,
obj:2763,a giant footprint,decoration,bottom_overlay,./dat/objects.srv,P2,TODO,,,,SHARED_CANDIDATE:obj:2753,NONE,NONE,NONE,
obj:2764,a giant footprint,decoration,bottom_overlay,./dat/objects.srv,P2,TODO,,,,SHARED_CANDIDATE:obj:2753,NONE,NONE,NONE,
obj:2765,a giant footprint,decoration,bottom_overlay,./dat/objects.srv,P2,TODO,,,,SHARED_CANDIDATE:obj:2753,NONE,NONE,NONE,
obj:2766,a giant footprint,decoration,bottom_overlay,./dat/objects.srv,P2,TODO,,,,SHARED_CANDIDATE:obj:2753,NONE,NONE,NONE,
obj:2767,tanned tiger fur,decoration,bottom_overlay,./dat/objects.srv,P2,TODO,,,,MESH,NONE,NONE,NONE,
obj:2768,tanned tiger fur,decoration,bottom_overlay,./dat/objects.srv,P2,TODO,,,,SHARED_CANDIDATE:obj:2767,NONE,NONE,NONE,
obj:2769,a tiger fur,decoration,hangable,./dat/objects.srv,P2,TODO,,,,MESH,NONE,NONE,NONE,
obj:2770,a tiger fur,decoration,hangable,./dat/objects.srv,P2,TODO,,,,SHARED_CANDIDATE:obj:2769,NONE,NONE,NONE,
obj:2774,a torch bearer,decoration,light_source,./dat/objects.srv,P2,TODO,,,,MESH,NONE,NONE,NONE,
obj:2907,a wall lamp,decoration,light_source,./dat/objects.srv,P2,TODO,,,,MESH,NONE,NONE,NONE,
obj:2909,a wall lamp,decoration,light_source,./dat/objects.srv,P2,TODO,,,,SHARED_CANDIDATE:obj:2907,NONE,NONE,NONE,
obj:2911,a candelabrum,decoration,light_source,./dat/objects.srv,P2,TODO,,,,MESH,NONE,NONE,NONE,
obj:2913,a used candelabrum,decoration,light_source,./dat/objects.srv,P2,TODO,,,,MESH,NONE,NONE,NONE,
obj:2914,a lamp,decoration,light_source,./dat/objects.srv,P2,TODO,,,,MESH,NONE,NONE,NONE,
obj:2916,a used lamp,decoration,light_source,./dat/objects.srv,P2,TODO,,,,MESH,NONE,NONE,NONE,
obj:2917,a candlestick,decoration,light_source,./dat/objects.srv,P2,TODO,,,,MESH,NONE,NONE,NONE,
obj:2919,a used candlestick,decoration,light_source,./dat/objects.srv,P2,TODO,,,,MESH,NONE,NONE,NONE,
obj:2920,a torch,decoration,light_source,./dat/objects.srv,P2,TODO,,,,MESH,NONE,NONE,NONE,
obj:2922,a torch,decoration,light_source,./dat/objects.srv,P2,TODO,,,,SHARED_CANDIDATE:obj:2920,NONE,NONE,NONE,
obj:2924,a torch,decoration,light_source,./dat/objects.srv,P2,TODO,,,,SHARED_CANDIDATE:obj:2920,NONE,NONE,NONE,
obj:2926,a burnt down torch,decoration,light_source,./dat/objects.srv,P2,TODO,,,,MESH,NONE,NONE,NONE,
obj:2928,a torch bearer,decoration,light_source,./dat/objects.srv,P2,TODO,,,,MESH,NONE,NONE,NONE,
obj:2930,a torch bearer,decoration,light_source,./dat/objects.srv,P2,TODO,,,,SHARED_CANDIDATE:obj:2928,NONE,NONE,NONE,
obj:2933,a small oil lamp,decoration,light_source,./dat/objects.srv,P2,TODO,,,,MESH,NONE,NONE,NONE,
obj:2937,a lit wall lamp,decoration,light_source,./dat/objects.srv,P2,TODO,,,,SHARED_CANDIDATE:obj:2908,NONE,NONE,NONE,
obj:2940,a torch bearer,decoration,light_source,./dat/objects.srv,P2,TODO,,,,SHARED_CANDIDATE:obj:2928,NONE,NONE,NONE,
obj:2941,a lit torch bearer,decoration,light_source,./dat/objects.srv,P2,TODO,,,,SHARED_CANDIDATE:obj:2929,NONE,NONE,NONE,
obj:2942,a torch bearer,decoration,light_source,./dat/objects.srv,P2,TODO,,,,SHARED_CANDIDATE:obj:2928,NONE,NONE,NONE,
obj:2943,a lit torch bearer,decoration,light_source,./dat/objects.srv,P2,TODO,,,,SHARED_CANDIDATE:obj:2929,NONE,NONE,NONE,
obj:2944,a wall lamp,decoration,light_source,./dat/objects.srv,P2,TODO,,,,SHARED_CANDIDATE:obj:2907,NONE,NONE,NONE,
obj:2945,a lit wall lamp,decoration,light_source,./dat/objects.srv,P2,TODO,,,,SHARED_CANDIDATE:obj:2908,NONE,NONE,NONE,
obj:2946,a wall lamp,decoration,light_source,./dat/objects.srv,P2,TODO,,,,SHARED_CANDIDATE:obj:2907,NONE,NONE,NONE,
obj:2947,a lit wall lamp,decoration,light_source,./dat/objects.srv,P2,TODO,,,,SHARED_CANDIDATE:obj:2908,NONE,NONE,NONE,
obj:3046,a magic light wand,decoration,light_source,./dat/objects.srv,P2,TODO,,,,MESH,NONE,NONE,NONE,
obj:3058,a strange symbol,decoration,light_source,./dat/objects.srv,P2,TODO,,,,MESH,NONE,NONE,NONE,
obj:3060,an orb,decoration,light_source,./dat/objects.srv,P2,TODO,,,,MESH,NONE,NONE,NONE,
obj:3061,a life crystal,decoration,light_source,./dat/objects.srv,P2,TODO,,,,MESH,NONE,NONE,NONE,
obj:3221,Santa's Mailbox,decoration,bottom_overlay,./dat/objects.srv,P2,TODO,,,,MESH,NONE,NONE,NONE,
obj:3249,frozen starlight,decoration,light_source,./dat/objects.srv,P2,TODO,,,,MESH,NONE,NONE,NONE,
obj:3501,a mailbox,decoration,bottom_overlay,./dat/objects.srv,P2,TODO,,,,MESH,NONE,NONE,NONE,
obj:3508,a mailbox,decoration,bottom_overlay,./dat/objects.srv,P2,TODO,,,,SHARED_CANDIDATE:obj:3501,NONE,NONE,NONE,
obj:3510,a coal basin,decoration,light_source,./dat/objects.srv,P2,TODO,,,,SHARED_CANDIDATE:obj:2110,NONE,NONE,NONE,
obj:3513,a coal basin,decoration,light_source,./dat/objects.srv,P2,TODO,,,,SHARED_CANDIDATE:obj:2110,NONE,NONE,NONE,
obj:3514,an empty coal basin,decoration,light_source,./dat/objects.srv,P2,TODO,,,,SHARED_CANDIDATE:obj:2114,NONE,NONE,NONE,
obj:3515,an altar,decoration,bottom_overlay,./dat/objects.srv,P2,TODO,,,,MESH,NONE,NONE,NONE,
obj:3516,an altar,decoration,bottom_overlay,./dat/objects.srv,P2,TODO,,,,SHARED_CANDIDATE:obj:3515,NONE,NONE,NONE,
obj:3517,an altar,decoration,bottom_overlay,./dat/objects.srv,P2,TODO,,,,SHARED_CANDIDATE:obj:3515,NONE,NONE,NONE,
obj:3518,an altar,decoration,bottom_overlay,./dat/objects.srv,P2,TODO,,,,SHARED_CANDIDATE:obj:3515,NONE,NONE,NONE,
obj:3519,a sacrificial stone,decoration,bottom_overlay,./dat/objects.srv,P2,TODO,,,,MESH,NONE,NONE,NONE,
obj:3520,a sacrificial stone,decoration,bottom_overlay,./dat/objects.srv,P2,TODO,,,,SHARED_CANDIDATE:obj:3519,NONE,NONE,NONE,
obj:3521,a sacrificial stone,decoration,bottom_overlay,./dat/objects.srv,P2,TODO,,,,SHARED_CANDIDATE:obj:3519,NONE,NONE,NONE,
obj:3522,a sacrificial stone,decoration,bottom_overlay,./dat/objects.srv,P2,TODO,,,,SHARED_CANDIDATE:obj:3519,NONE,NONE,NONE,
obj:3523,an altar,decoration,bottom_overlay,./dat/objects.srv,P2,TODO,,,,SHARED_CANDIDATE:obj:3515,NONE,NONE,NONE,
obj:3524,an altar,decoration,bottom_overlay,./dat/objects.srv,P2,TODO,,,,SHARED_CANDIDATE:obj:3515,NONE,NONE,NONE,
obj:3525,a sacrificial stone,decoration,bottom_overlay,./dat/objects.srv,P2,TODO,,,,SHARED_CANDIDATE:obj:3519,NONE,NONE,NONE,
obj:3526,a sacrificial stone,decoration,bottom_overlay,./dat/objects.srv,P2,TODO,,,,SHARED_CANDIDATE:obj:3519,NONE,NONE,NONE,
obj:3527,a sacrificial stone,decoration,bottom_overlay,./dat/objects.srv,P2,TODO,,,,SHARED_CANDIDATE:obj:3519,NONE,NONE,NONE,
obj:3528,a sacrificial stone,decoration,bottom_overlay,./dat/objects.srv,P2,TODO,,,,SHARED_CANDIDATE:obj:3519,NONE,NONE,NONE,
obj:3529,a sacrificial stone,decoration,bottom_overlay,./dat/objects.srv,P2,TODO,,,,SHARED_CANDIDATE:obj:3519,NONE,NONE,NONE,
obj:3530,a sacrificial stone,decoration,bottom_overlay,./dat/objects.srv,P2,TODO,,,,SHARED_CANDIDATE:obj:3519,NONE,NONE,NONE,
obj:3531,a sacrificial stone,decoration,bottom_overlay,./dat/objects.srv,P2,TODO,,,,SHARED_CANDIDATE:obj:3519,NONE,NONE,NONE,
obj:3532,a sacrificial stone,decoration,bottom_overlay,./dat/objects.srv,P2,TODO,,,,SHARED_CANDIDATE:obj:3519,NONE,NONE,NONE,
obj:3608,a snowy dead tree,decoration,bottom_overlay,./dat/objects.srv,P2,TODO,,,,MESH,NONE,NONE,NONE,
obj:3609,a snowy fir tree,decoration,bottom_overlay,./dat/objects.srv,P2,TODO,,,,MESH,NONE,NONE,NONE,
obj:3613,a holy tree,decoration,light_source,./dat/objects.srv,P2,TODO,,,,MESH,NONE,NONE,NONE,
obj:3618,a red maple,decoration,bottom_overlay,./dat/objects.srv,P2,TODO,,,,MESH,NONE,NONE,NONE,
obj:3620,a yellow maple,decoration,bottom_overlay,./dat/objects.srv,P2,TODO,,,,MESH,NONE,NONE,NONE,
obj:3624,a dead tree,decoration,bottom_overlay,./dat/objects.srv,P2,TODO,,,,SHARED_CANDIDATE:obj:3623,NONE,NONE,NONE,
obj:3626,a pine,decoration,bottom_overlay,./dat/objects.srv,P2,TODO,,,,MESH,NONE,NONE,NONE,
obj:3631,a dead tree,decoration,bottom_overlay,./dat/objects.srv,P2,TODO,,,,SHARED_CANDIDATE:obj:3623,NONE,NONE,NONE,
obj:3632,a dead tree,decoration,bottom_overlay,./dat/objects.srv,P2,TODO,,,,SHARED_CANDIDATE:obj:3623,NONE,NONE,NONE,
obj:3633,a dead tree,decoration,bottom_overlay,./dat/objects.srv,P2,TODO,,,,SHARED_CANDIDATE:obj:3623,NONE,NONE,NONE,
obj:3634,a dead tree,decoration,bottom_overlay,./dat/objects.srv,P2,TODO,,,,SHARED_CANDIDATE:obj:3623,NONE,NONE,NONE,
obj:3635,old rush wood,decoration,bottom_overlay,./dat/objects.srv,P2,TODO,,,,MESH,NONE,NONE,NONE,
obj:3636,an old tree,decoration,bottom_overlay,./dat/objects.srv,P2,TODO,,,,MESH,NONE,NONE,NONE,
obj:3637,a cactus,decoration,bottom_overlay,./dat/objects.srv,P2,TODO,,,,MESH,NONE,NONE,NONE,
obj:3638,a cactus,decoration,bottom_overlay,./dat/objects.srv,P2,TODO,,,,SHARED_CANDIDATE:obj:3637,NONE,NONE,NONE,
obj:3639,a palm,decoration,bottom_overlay,./dat/objects.srv,P2,TODO,,,,MESH,NONE,NONE,NONE,
obj:3640,a coconut palm,decoration,bottom_overlay,./dat/objects.srv,P2,TODO,,,,MESH,NONE,NONE,NONE,
obj:3641,a cactus,decoration,bottom_overlay,./dat/objects.srv,P2,TODO,,,,SHARED_CANDIDATE:obj:3637,NONE,NONE,NONE,
obj:3642,a cactus,decoration,bottom_overlay,./dat/objects.srv,P2,TODO,,,,SHARED_CANDIDATE:obj:3637,NONE,NONE,NONE,
obj:3643,a cactus,decoration,bottom_overlay,./dat/objects.srv,P2,TODO,,,,SHARED_CANDIDATE:obj:3637,NONE,NONE,NONE,
obj:3644,a cactus,decoration,bottom_overlay,./dat/objects.srv,P2,TODO,,,,SHARED_CANDIDATE:obj:3637,NONE,NONE,NONE,
obj:3645,a cactus,decoration,bottom_overlay,./dat/objects.srv,P2,TODO,,,,SHARED_CANDIDATE:obj:3637,NONE,NONE,NONE,
obj:3646,a cactus,decoration,bottom_overlay,./dat/objects.srv,P2,TODO,,,,SHARED_CANDIDATE:obj:3637,NONE,NONE,NONE,
obj:3647,a cactus,decoration,bottom_overlay,./dat/objects.srv,P2,TODO,,,,SHARED_CANDIDATE:obj:3637,NONE,NONE,NONE,
obj:3648,a cactus,decoration,bottom_overlay,./dat/objects.srv,P2,TODO,,,,SHARED_CANDIDATE:obj:3637,NONE,NONE,NONE,
obj:3649,a cactus,decoration,bottom_overlay,./dat/objects.srv,P2,TODO,,,,SHARED_CANDIDATE:obj:3637,NONE,NONE,NONE,
obj:3650,a cactus,decoration,bottom_overlay,./dat/objects.srv,P2,TODO,,,,SHARED_CANDIDATE:obj:3637,NONE,NONE,NONE,
obj:3697,an agave,decoration,bottom_overlay,./dat/objects.srv,P2,TODO,,,,MESH,NONE,NONE,NONE,
obj:3703,a thorn bush,decoration,bottom_overlay,./dat/objects.srv,P2,TODO,,,,MESH,NONE,NONE,NONE,
obj:3704,a thorn bush,decoration,bottom_overlay,./dat/objects.srv,P2,TODO,,,,SHARED_CANDIDATE:obj:3703,NONE,NONE,NONE,
obj:3705,a thorn bush,decoration,bottom_overlay,./dat/objects.srv,P2,TODO,,,,SHARED_CANDIDATE:obj:3703,NONE,NONE,NONE,
obj:3706,a thorn bush,decoration,bottom_overlay,./dat/objects.srv,P2,TODO,,,,SHARED_CANDIDATE:obj:3703,NONE,NONE,NONE,
obj:3707,a thorn bush,decoration,bottom_overlay,./dat/objects.srv,P2,TODO,,,,SHARED_CANDIDATE:obj:3703,NONE,NONE,NONE,
obj:3708,a thorn bush,decoration,bottom_overlay,./dat/objects.srv,P2,TODO,,,,SHARED_CANDIDATE:obj:3703,NONE,NONE,NONE,
obj:3709,a thorn bush,decoration,bottom_overlay,./dat/objects.srv,P2,TODO,,,,SHARED_CANDIDATE:obj:3703,NONE,NONE,NONE,
obj:3710,a thorn bush,decoration,bottom_overlay,./dat/objects.srv,P2,TODO,,,,SHARED_CANDIDATE:obj:3703,NONE,NONE,NONE,
obj:3713,a thorn bush,decoration,bottom_overlay,./dat/objects.srv,P2,TODO,,,,SHARED_CANDIDATE:obj:3703,NONE,NONE,NONE,
obj:3714,a thorn bush,decoration,bottom_overlay,./dat/objects.srv,P2,TODO,,,,SHARED_CANDIDATE:obj:3703,NONE,NONE,NONE,
obj:3715,a thorn bush,decoration,bottom_overlay,./dat/objects.srv,P2,TODO,,,,SHARED_CANDIDATE:obj:3703,NONE,NONE,NONE,
obj:3716,a thorn bush,decoration,bottom_overlay,./dat/objects.srv,P2,TODO,,,,SHARED_CANDIDATE:obj:3703,NONE,NONE,NONE,
obj:3717,a thorn bush,decoration,bottom_overlay,./dat/objects.srv,P2,TODO,,,,SHARED_CANDIDATE:obj:3703,NONE,NONE,NONE,
obj:3718,a thorn bush,decoration,bottom_overlay,./dat/objects.srv,P2,TODO,,,,SHARED_CANDIDATE:obj:3703,NONE,NONE,NONE,
obj:3719,a thorn bush,decoration,bottom_overlay,./dat/objects.srv,P2,TODO,,,,SHARED_CANDIDATE:obj:3703,NONE,NONE,NONE,
obj:3720,a thorn bush,decoration,bottom_overlay,./dat/objects.srv,P2,TODO,,,,SHARED_CANDIDATE:obj:3703,NONE,NONE,NONE,
obj:3721,a thorn bush,decoration,bottom_overlay,./dat/objects.srv,P2,TODO,,,,SHARED_CANDIDATE:obj:3703,NONE,NONE,NONE,
obj:3722,a thorn bush,decoration,bottom_overlay,./dat/objects.srv,P2,TODO,,,,SHARED_CANDIDATE:obj:3703,NONE,NONE,NONE,
obj:3742,an orange tree,decoration,bottom_overlay,./dat/objects.srv,P2,TODO,,,,MESH,NONE,NONE,NONE,
obj:3743,a thread tree,decoration,bottom_overlay,./dat/objects.srv,P2,TODO,,,,MESH,NONE,NONE,NONE,
obj:3744,a jungle dweller bush,decoration,bottom_overlay,./dat/objects.srv,P2,TODO,,,,MESH,NONE,NONE,NONE,
obj:3745,a tower fern,decoration,bottom_overlay,./dat/objects.srv,P2,TODO,,,,MESH,NONE,NONE,NONE,
obj:3746,a snake nest bush,decoration,bottom_overlay,./dat/objects.srv,P2,TODO,,,,MESH,NONE,NONE,NONE,
obj:3747,a green wig bush,decoration,bottom_overlay,./dat/objects.srv,P2,TODO,,,,MESH,NONE,NONE,NONE,
obj:3748,a lizards tongue bush,decoration,bottom_overlay,./dat/objects.srv,P2,TODO,,,,MESH,NONE,NONE,NONE,
obj:3749,a jungle crown plant,decoration,bottom_overlay,./dat/objects.srv,P2,TODO,,,,MESH,NONE,NONE,NONE,
obj:3750,a green fountain bush,decoration,bottom_overlay,./dat/objects.srv,P2,TODO,,,,MESH,NONE,NONE,NONE,
obj:3751,a big fern,decoration,bottom_overlay,./dat/objects.srv,P2,TODO,,,,MESH,NONE,NONE,NONE,
obj:3752,a dragons nest tree,decoration,bottom_overlay,./dat/objects.srv,P2,TODO,,,,MESH,NONE,NONE,NONE,
obj:3753,a purple kiss bush,decoration,bottom_overlay,./dat/objects.srv,P2,TODO,,,,MESH,NONE,NONE,NONE,
obj:3754,a small fern,decoration,bottom_overlay,./dat/objects.srv,P2,TODO,,,,MESH,NONE,NONE,NONE,
obj:3755,a jungle umbrella plant,decoration,bottom_overlay,./dat/objects.srv,P2,TODO,,,,MESH,NONE,NONE,NONE,
obj:3756,a jungle umbrella plant,decoration,bottom_overlay,./dat/objects.srv,P2,TODO,,,,SHARED_CANDIDATE:obj:3755,NONE,NONE,NONE,
obj:3757,a jungle umbrella plant,decoration,bottom_overlay,./dat/objects.srv,P2,TODO,,,,SHARED_CANDIDATE:obj:3755,NONE,NONE,NONE,
obj:3758,a jungle umbrella plant,decoration,bottom_overlay,./dat/objects.srv,P2,TODO,,,,SHARED_CANDIDATE:obj:3755,NONE,NONE,NONE,
obj:3759,a jungle umbrella plant,decoration,bottom_overlay,./dat/objects.srv,P2,TODO,,,,SHARED_CANDIDATE:obj:3755,NONE,NONE,NONE,
obj:3760,a jungle umbrella plant,decoration,bottom_overlay,./dat/objects.srv,P2,TODO,,,,SHARED_CANDIDATE:obj:3755,NONE,NONE,NONE,
obj:3761,a bamboo plant,decoration,bottom_overlay,./dat/objects.srv,P2,TODO,,,,MESH,NONE,NONE,NONE,
obj:3762,a bamboo plant,decoration,bottom_overlay,./dat/objects.srv,P2,TODO,,,,SHARED_CANDIDATE:obj:3761,NONE,NONE,NONE,
obj:3763,a bamboo plant,decoration,bottom_overlay,./dat/objects.srv,P2,TODO,,,,SHARED_CANDIDATE:obj:3761,NONE,NONE,NONE,
obj:3764,a bamboo plant,decoration,bottom_overlay,./dat/objects.srv,P2,TODO,,,,SHARED_CANDIDATE:obj:3761,NONE,NONE,NONE,
obj:3766,a bamboo plant,decoration,bottom_overlay,./dat/objects.srv,P2,TODO,,,,SHARED_CANDIDATE:obj:3761,NONE,NONE,NONE,
obj:3767,a bamboo plant,decoration,bottom_overlay,./dat/objects.srv,P2,TODO,,,,SHARED_CANDIDATE:obj:3761,NONE,NONE,NONE,
obj:3768,a bamboo plant,decoration,bottom_overlay,./dat/objects.srv,P2,TODO,,,,SHARED_CANDIDATE:obj:3761,NONE,NONE,NONE,
obj:3769,a bamboo plant,decoration,bottom_overlay,./dat/objects.srv,P2,TODO,,,,SHARED_CANDIDATE:obj:3761,NONE,NONE,NONE,
obj:3771,a giant tree,decoration,bottom_overlay,./dat/objects.srv,P2,TODO,,,,MESH,NONE,NONE,NONE,
obj:3772,a giant tree,decoration,bottom_overlay,./dat/objects.srv,P2,TODO,,,,SHARED_CANDIDATE:obj:3771,NONE,NONE,NONE,
obj:3773,a giant tree,decoration,bottom_overlay,./dat/objects.srv,P2,TODO,,,,SHARED_CANDIDATE:obj:3771,NONE,NONE,NONE,
obj:3774,a giant tree,decoration,bottom_overlay,./dat/objects.srv,P2,TODO,,,,SHARED_CANDIDATE:obj:3771,NONE,NONE,NONE,
obj:3775,a giant tree,decoration,bottom_overlay,./dat/objects.srv,P2,TODO,,,,SHARED_CANDIDATE:obj:3771,NONE,NONE,NONE,
obj:3776,a giant tree,decoration,bottom_overlay,./dat/objects.srv,P2,TODO,,,,SHARED_CANDIDATE:obj:3771,NONE,NONE,NONE,
obj:3778,a giant tree,decoration,bottom_overlay,./dat/objects.srv,P2,TODO,,,,SHARED_CANDIDATE:obj:3771,NONE,NONE,NONE,
obj:3779,a giant tree,decoration,bottom_overlay,./dat/objects.srv,P2,TODO,,,,SHARED_CANDIDATE:obj:3771,NONE,NONE,NONE,
obj:3780,a giant tree,decoration,bottom_overlay,./dat/objects.srv,P2,TODO,,,,SHARED_CANDIDATE:obj:3771,NONE,NONE,NONE,
obj:3781,a giant tree,decoration,bottom_overlay,./dat/objects.srv,P2,TODO,,,,SHARED_CANDIDATE:obj:3771,NONE,NONE,NONE,
obj:3782,a giant tree,decoration,bottom_overlay,./dat/objects.srv,P2,TODO,,,,SHARED_CANDIDATE:obj:3771,NONE,NONE,NONE,
obj:3784,a giant tree,decoration,bottom_overlay,./dat/objects.srv,P2,TODO,,,,SHARED_CANDIDATE:obj:3771,NONE,NONE,NONE,
obj:3785,a giant tree,decoration,bottom_overlay,./dat/objects.srv,P2,TODO,,,,SHARED_CANDIDATE:obj:3771,NONE,NONE,NONE,
obj:3786,a giant tree,decoration,bottom_overlay,./dat/objects.srv,P2,TODO,,,,SHARED_CANDIDATE:obj:3771,NONE,NONE,NONE,
obj:3787,a giant tree,decoration,bottom_overlay,./dat/objects.srv,P2,TODO,,,,SHARED_CANDIDATE:obj:3771,NONE,NONE,NONE,
obj:3788,a giant tree,decoration,bottom_overlay,./dat/objects.srv,P2,TODO,,,,SHARED_CANDIDATE:obj:3771,NONE,NONE,NONE,
obj:3789,a giant tree,decoration,bottom_overlay,./dat/objects.srv,P2,TODO,,,,SHARED_CANDIDATE:obj:3771,NONE,NONE,NONE,
obj:3790,a giant tree,decoration,bottom_overlay,./dat/objects.srv,P2,TODO,,,,SHARED_CANDIDATE:obj:3771,NONE,NONE,NONE,
obj:3791,a giant tree,decoration,bottom_overlay,./dat/objects.srv,P2,TODO,,,,SHARED_CANDIDATE:obj:3771,NONE,NONE,NONE,
obj:3792,a giant tree,decoration,bottom_overlay,./dat/objects.srv,P2,TODO,,,,SHARED_CANDIDATE:obj:3771,NONE,NONE,NONE,
obj:3793,a giant tree,decoration,bottom_overlay,./dat/objects.srv,P2,TODO,,,,SHARED_CANDIDATE:obj:3771,NONE,NONE,NONE,
obj:3794,a giant tree,decoration,bottom_overlay,./dat/objects.srv,P2,TODO,,,,SHARED_CANDIDATE:obj:3771,NONE,NONE,NONE,
obj:3795,a giant tree,decoration,bottom_overlay,./dat/objects.srv,P2,TODO,,,,SHARED_CANDIDATE:obj:3771,NONE,NONE,NONE,
obj:3796,a giant tree,decoration,bottom_overlay,./dat/objects.srv,P2,TODO,,,,SHARED_CANDIDATE:obj:3771,NONE,NONE,NONE,
obj:3797,a giant tree,decoration,bottom_overlay,./dat/objects.srv,P2,TODO,,,,SHARED_CANDIDATE:obj:3771,NONE,NONE,NONE,
obj:3798,a giant tree,decoration,bottom_overlay,./dat/objects.srv,P2,TODO,,,,SHARED_CANDIDATE:obj:3771,NONE,NONE,NONE,
obj:3799,a giant tree,decoration,bottom_overlay,./dat/objects.srv,P2,TODO,,,,SHARED_CANDIDATE:obj:3771,NONE,NONE,NONE,
obj:3800,a giant tree,decoration,bottom_overlay,./dat/objects.srv,P2,TODO,,,,SHARED_CANDIDATE:obj:3771,NONE,NONE,NONE,
obj:3801,a giant tree,decoration,bottom_overlay,./dat/objects.srv,P2,TODO,,,,SHARED_CANDIDATE:obj:3771,NONE,NONE,NONE,
obj:3802,a giant tree,decoration,bottom_overlay,./dat/objects.srv,P2,TODO,,,,SHARED_CANDIDATE:obj:3771,NONE,NONE,NONE,
obj:3803,a giant tree,decoration,bottom_overlay,./dat/objects.srv,P2,TODO,,,,SHARED_CANDIDATE:obj:3771,NONE,NONE,NONE,
obj:3870,a chill nettle,decoration,bottom_overlay,./dat/objects.srv,P2,TODO,,,,MESH,NONE,NONE,NONE,
obj:3871,a monkey tail,decoration,bottom_overlay,./dat/objects.srv,P2,TODO,,,,MESH,NONE,NONE,NONE,
obj:3872,a fairy queen,decoration,bottom_overlay,./dat/objects.srv,P2,TODO,,,,MESH,NONE,NONE,NONE,
obj:3873,a crane plant,decoration,bottom_overlay,./dat/objects.srv,P2,TODO,,,,MESH,NONE,NONE,NONE,
obj:3874,a jungle bells plant,decoration,bottom_overlay,./dat/objects.srv,P2,TODO,,,,MESH,NONE,NONE,NONE,
obj:3875,a dawn singer,decoration,bottom_overlay,./dat/objects.srv,P2,TODO,,,,MESH,NONE,NONE,NONE,
obj:3876,a turtle sprouter,decoration,bottom_overlay,./dat/objects.srv,P2,TODO,,,,MESH,NONE,NONE,NONE,
obj:3877,a bees ballroom,decoration,bottom_overlay,./dat/objects.srv,P2,TODO,,,,MESH,NONE,NONE,NONE,
obj:3878,a giant jungle rose,decoration,bottom_overlay,./dat/objects.srv,P2,TODO,,,,MESH,NONE,NONE,NONE,
obj:3879,a jungle rose,decoration,bottom_overlay,./dat/objects.srv,P2,TODO,,,,MESH,NONE,NONE,NONE,
obj:3880,a titans orchid,decoration,bottom_overlay,./dat/objects.srv,P2,TODO,,,,MESH,NONE,NONE,NONE,
obj:3881,a titans orchid,decoration,bottom_overlay,./dat/objects.srv,P2,TODO,,,,SHARED_CANDIDATE:obj:3880,NONE,NONE,NONE,
obj:3882,a titans orchid,decoration,bottom_overlay,./dat/objects.srv,P2,TODO,,,,SHARED_CANDIDATE:obj:3880,NONE,NONE,NONE,
obj:3883,a titans orchid,decoration,bottom_overlay,./dat/objects.srv,P2,TODO,,,,SHARED_CANDIDATE:obj:3880,NONE,NONE,NONE,
obj:3884,a purple cardinal,decoration,bottom_overlay,./dat/objects.srv,P2,TODO,,,,MESH,NONE,NONE,NONE,
obj:3885,a witches cauldron plant,decoration,bottom_overlay,./dat/objects.srv,P2,TODO,,,,MESH,NONE,NONE,NONE,
obj:3886,a gold blossom,decoration,bottom_overlay,./dat/objects.srv,P2,TODO,,,,MESH,NONE,NONE,NONE,
obj:3887,a gold blossom,decoration,bottom_overlay,./dat/objects.srv,P2,TODO,,,,SHARED_CANDIDATE:obj:3886,NONE,NONE,NONE,
obj:3888,a meadow star,decoration,bottom_overlay,./dat/objects.srv,P2,TODO,,,,MESH,NONE,NONE,NONE,
obj:3889,a meadow star,decoration,bottom_overlay,./dat/objects.srv,P2,TODO,,,,SHARED_CANDIDATE:obj:3888,NONE,NONE,NONE,
obj:3890,a meadow star,decoration,bottom_overlay,./dat/objects.srv,P2,TODO,,,,SHARED_CANDIDATE:obj:3888,NONE,NONE,NONE,
obj:3891,a sneeze blossom,decoration,bottom_overlay,./dat/objects.srv,P2,TODO,,,,MESH,NONE,NONE,NONE,
obj:3892,a dew kisser flower,decoration,bottom_overlay,./dat/objects.srv,P2,TODO,,,,MESH,NONE,NONE,NONE,
obj:3893,a dew kisser flower,decoration,bottom_overlay,./dat/objects.srv,P2,TODO,,,,SHARED_CANDIDATE:obj:3892,NONE,NONE,NONE,
obj:3894,a dew kisser flower,decoration,bottom_overlay,./dat/objects.srv,P2,TODO,,,,SHARED_CANDIDATE:obj:3892,NONE,NONE,NONE,
obj:3895,a velvet petal,decoration,bottom_overlay,./dat/objects.srv,P2,TODO,,,,MESH,NONE,NONE,NONE,
obj:3896,a velvet petal,decoration,bottom_overlay,./dat/objects.srv,P2,TODO,,,,SHARED_CANDIDATE:obj:3895,NONE,NONE,NONE,
obj:3897,a velvet petal,decoration,bottom_overlay,./dat/objects.srv,P2,TODO,,,,SHARED_CANDIDATE:obj:3895,NONE,NONE,NONE,
obj:3898,a velvet petal,decoration,bottom_overlay,./dat/objects.srv,P2,TODO,,,,SHARED_CANDIDATE:obj:3895,NONE,NONE,NONE,
obj:3899,a devil's tongue flower,decoration,bottom_overlay,./dat/objects.srv,P2,TODO,,,,MESH,NONE,NONE,NONE,
obj:390,a lava hole,decoration,bottom_overlay,./dat/objects.srv,P2,TODO,,,,MESH,NONE,NONE,NONE,
obj:3900,a small pearl flower,decoration,bottom_overlay,./dat/objects.srv,P2,TODO,,,,MESH,NONE,NONE,NONE,
obj:3901,a large pearl flower,decoration,bottom_overlay,./dat/objects.srv,P2,TODO,,,,MESH,NONE,NONE,NONE,
obj:3902,a large pearl flower,decoration,bottom_overlay,./dat/objects.srv,P2,TODO,,,,SHARED_CANDIDATE:obj:3901,NONE,NONE,NONE,
obj:3903,a dead man's saddle,decoration,bottom_overlay,./dat/objects.srv,P2,TODO,,,,MESH,NONE,NONE,NONE,
obj:3904,a dead man's saddle,decoration,bottom_overlay,./dat/objects.srv,P2,TODO,,,,SHARED_CANDIDATE:obj:3903,NONE,NONE,NONE,
obj:3905,a dead man's saddle,decoration,bottom_overlay,./dat/objects.srv,P2,TODO,,,,SHARED_CANDIDATE:obj:3903,NONE,NONE,NONE,
obj:3906,a dead man's saddle,decoration,bottom_overlay,./dat/objects.srv,P2,TODO,,,,SHARED_CANDIDATE:obj:3903,NONE,NONE,NONE,
obj:3907,dead man's saddles,decoration,bottom_overlay,./dat/objects.srv,P2,TODO,,,,MESH,NONE,NONE,NONE,
obj:3908,a moss cap mushroom,decoration,bottom_overlay,./dat/objects.srv,P2,TODO,,,,MESH,NONE,NONE,NONE,
obj:3909,a moss cap mushroom,decoration,bottom_overlay,./dat/objects.srv,P2,TODO,,,,SHARED_CANDIDATE:obj:3908,NONE,NONE,NONE,
obj:391,a lava hole,decoration,light_source,./dat/objects.srv,P2,TODO,,,,SHARED_CANDIDATE:obj:390,NONE,NONE,NONE,
obj:3910,a slime table mushroom,decoration,bottom_overlay,./dat/objects.srv,P2,TODO,,,,MESH,NONE,NONE,NONE,
obj:3911,a slime table mushroom,decoration,bottom_overlay,./dat/objects.srv,P2,TODO,,,,SHARED_CANDIDATE:obj:3910,NONE,NONE,NONE,
obj:3912,a slime table mushroom,decoration,bottom_overlay,./dat/objects.srv,P2,TODO,,,,SHARED_CANDIDATE:obj:3910,NONE,NONE,NONE,
obj:3913,slime table mushrooms,decoration,bottom_overlay,./dat/objects.srv,P2,TODO,,,,MESH,NONE,NONE,NONE,
obj:3914,a giggle mushroom,decoration,bottom_overlay,./dat/objects.srv,P2,TODO,,,,MESH,NONE,NONE,NONE,
obj:3915,giggle mushrooms,decoration,bottom_overlay,./dat/objects.srv,P2,TODO,,,,MESH,NONE,NONE,NONE,
obj:3916,a cat's food mushroom,decoration,bottom_overlay,./dat/objects.srv,P2,TODO,,,,MESH,NONE,NONE,NONE,
obj:3917,cat's food mushrooms,decoration,bottom_overlay,./dat/objects.srv,P2,TODO,,,,MESH,NONE,NONE,NONE,
obj:3918,a glimmer cap mushroom,decoration,bottom_overlay,./dat/objects.srv,P2,TODO,,,,MESH,NONE,NONE,NONE,
obj:3919,glimmer cap mushrooms,decoration,bottom_overlay,./dat/objects.srv,P2,TODO,,,,MESH,NONE,NONE,NONE,
obj:3920,a giant glimmer cap mushroom,decoration,bottom_overlay,./dat/objects.srv,P2,TODO,,,,MESH,NONE,NONE,NONE,
obj:3921,a large pearl flower,decoration,bottom_overlay,./dat/objects.srv,P2,TODO,,,,SHARED_CANDIDATE:obj:3901,NONE,NONE,NONE,
obj:3922,a fallen tree,decoration,bottom_overlay,./dat/objects.srv,P2,TODO,,,,MESH,NONE,NONE,NONE,
obj:3923,a fallen tree,decoration,bottom_overlay,./dat/objects.srv,P2,TODO,,,,SHARED_CANDIDATE:obj:3922,NONE,NONE,NONE,
obj:3924,a fallen tree,decoration,bottom_overlay,./dat/objects.srv,P2,TODO,,,,SHARED_CANDIDATE:obj:3922,NONE,NONE,NONE,
obj:3925,a fallen tree,decoration,bottom_overlay,./dat/objects.srv,P2,TODO,,,,SHARED_CANDIDATE:obj:3922,NONE,NONE,NONE,
obj:3926,a fallen tree,decoration,bottom_overlay,./dat/objects.srv,P2,TODO,,,,SHARED_CANDIDATE:obj:3922,NONE,NONE,NONE,
obj:3927,a fallen tree,decoration,bottom_overlay,./dat/objects.srv,P2,TODO,,,,SHARED_CANDIDATE:obj:3922,NONE,NONE,NONE,
obj:3928,a fallen tree,decoration,bottom_overlay,./dat/objects.srv,P2,TODO,,,,SHARED_CANDIDATE:obj:3922,NONE,NONE,NONE,
obj:3929,a fallen tree,decoration,bottom_overlay,./dat/objects.srv,P2,TODO,,,,SHARED_CANDIDATE:obj:3922,NONE,NONE,NONE,
obj:3930,a fallen tree,decoration,bottom_overlay,./dat/objects.srv,P2,TODO,,,,SHARED_CANDIDATE:obj:3922,NONE,NONE,NONE,
obj:3931,a fallen tree,decoration,bottom_overlay,./dat/objects.srv,P2,TODO,,,,SHARED_CANDIDATE:obj:3922,NONE,NONE,NONE,
obj:3932,a fallen tree,decoration,bottom_overlay,./dat/objects.srv,P2,TODO,,,,SHARED_CANDIDATE:obj:3922,NONE,NONE,NONE,
obj:3934,a fallen tree,decoration,bottom_overlay,./dat/objects.srv,P2,TODO,,,,SHARED_CANDIDATE:obj:3922,NONE,NONE,NONE,
obj:3935,a fallen tree,decoration,bottom_overlay,./dat/objects.srv,P2,TODO,,,,SHARED_CANDIDATE:obj:3922,NONE,NONE,NONE,
obj:3936,a fallen tree,decoration,bottom_overlay,./dat/objects.srv,P2,TODO,,,,SHARED_CANDIDATE:obj:3922,NONE,NONE,NONE,
obj:3937,a fallen tree,decoration,bottom_overlay,./dat/objects.srv,P2,TODO,,,,SHARED_CANDIDATE:obj:3922,NONE,NONE,NONE,
obj:3944,a jungle maw,decoration,bottom_overlay,./dat/objects.srv,P2,TODO,,,,MESH,NONE,NONE,NONE,
obj:3952,a giant tree,decoration,bottom_overlay,./dat/objects.srv,P2,TODO,,,,SHARED_CANDIDATE:obj:3771,NONE,NONE,NONE,
obj:3953,a giant tree,decoration,bottom_overlay,./dat/objects.srv,P2,TODO,,,,SHARED_CANDIDATE:obj:3771,NONE,NONE,NONE,
obj:3954,a giant tree,decoration,bottom_overlay,./dat/objects.srv,P2,TODO,,,,SHARED_CANDIDATE:obj:3771,NONE,NONE,NONE,
obj:3955,a giant tree,decoration,bottom_overlay,./dat/objects.srv,P2,TODO,,,,SHARED_CANDIDATE:obj:3771,NONE,NONE,NONE,
obj:3956,a giant tree,decoration,bottom_overlay,./dat/objects.srv,P2,TODO,,,,SHARED_CANDIDATE:obj:3771,NONE,NONE,NONE,
obj:3957,a giant tree,decoration,bottom_overlay,./dat/objects.srv,P2,TODO,,,,SHARED_CANDIDATE:obj:3771,NONE,NONE,NONE,
obj:3958,a giant tree,decoration,bottom_overlay,./dat/objects.srv,P2,TODO,,,,SHARED_CANDIDATE:obj:3771,NONE,NONE,NONE,
obj:3975,a mossy fallen tree,decoration,bottom_overlay,./dat/objects.srv,P2,TODO,,,,MESH,NONE,NONE,NONE,
obj:3976,a mossy fallen tree,decoration,bottom_overlay,./dat/objects.srv,P2,TODO,,,,SHARED_CANDIDATE:obj:3975,NONE,NONE,NONE,
obj:3977,a mossy fallen tree,decoration,bottom_overlay,./dat/objects.srv,P2,TODO,,,,SHARED_CANDIDATE:obj:3975,NONE,NONE,NONE,
obj:3978,a mossy fallen tree,decoration,bottom_overlay,./dat/objects.srv,P2,TODO,,,,SHARED_CANDIDATE:obj:3975,NONE,NONE,NONE,
obj:3979,a mossy fallen tree,decoration,bottom_overlay,./dat/objects.srv,P2,TODO,,,,SHARED_CANDIDATE:obj:3975,NONE,NONE,NONE,
obj:3980,a mossy fallen tree,decoration,bottom_overlay,./dat/objects.srv,P2,TODO,,,,SHARED_CANDIDATE:obj:3975,NONE,NONE,NONE,
obj:3981,a mossy fallen tree,decoration,bottom_overlay,./dat/objects.srv,P2,TODO,,,,SHARED_CANDIDATE:obj:3975,NONE,NONE,NONE,
obj:3982,a mossy fallen tree,decoration,bottom_overlay,./dat/objects.srv,P2,TODO,,,,SHARED_CANDIDATE:obj:3975,NONE,NONE,NONE,
obj:3983,a mossy fallen tree,decoration,bottom_overlay,./dat/objects.srv,P2,TODO,,,,SHARED_CANDIDATE:obj:3975,NONE,NONE,NONE,
obj:3985,a mossy fallen tree,decoration,bottom_overlay,./dat/objects.srv,P2,TODO,,,,SHARED_CANDIDATE:obj:3975,NONE,NONE,NONE,
obj:3986,a mossy fallen tree,decoration,bottom_overlay,./dat/objects.srv,P2,TODO,,,,SHARED_CANDIDATE:obj:3975,NONE,NONE,NONE,
obj:4471,a mountain,decoration,bottom_overlay,./dat/objects.srv,P2,TODO,,,,SHARED_CANDIDATE:obj:1081,NONE,NONE,NONE,
obj:4473,a mountain,decoration,bottom_overlay,./dat/objects.srv,P2,TODO,,,,SHARED_CANDIDATE:obj:1081,NONE,NONE,NONE,
obj:4474,a mountain,decoration,bottom_overlay,./dat/objects.srv,P2,TODO,,,,SHARED_CANDIDATE:obj:1081,NONE,NONE,NONE,
obj:4476,a mountain,decoration,bottom_overlay,./dat/objects.srv,P2,TODO,,,,SHARED_CANDIDATE:obj:1081,NONE,NONE,NONE,
obj:4480,a mountain,decoration,bottom_overlay,./dat/objects.srv,P2,TODO,,,,SHARED_CANDIDATE:obj:1081,NONE,NONE,NONE,
obj:4482,a mountain,decoration,bottom_overlay,./dat/objects.srv,P2,TODO,,,,SHARED_CANDIDATE:obj:1081,NONE,NONE,NONE,
obj:4483,a mountain,decoration,bottom_overlay,./dat/objects.srv,P2,TODO,,,,SHARED_CANDIDATE:obj:1081,NONE,NONE,NONE,
obj:4484,a mountain,decoration,bottom_overlay,./dat/objects.srv,P2,TODO,,,,SHARED_CANDIDATE:obj:1081,NONE,NONE,NONE,
obj:4485,a mountain,decoration,bottom_overlay,./dat/objects.srv,P2,TODO,,,,SHARED_CANDIDATE:obj:1081,NONE,NONE,NONE,
obj:4487,a mountain,decoration,bottom_overlay,./dat/objects.srv,P2,TODO,,,,SHARED_CANDIDATE:obj:1081,NONE,NONE,NONE,
obj:4489,a mountain,decoration,bottom_overlay,./dat/objects.srv,P2,TODO,,,,SHARED_CANDIDATE:obj:1081,NONE,NONE,NONE,
obj:4491,a mountain,decoration,bottom_overlay,./dat/objects.srv,P2,TODO,,,,SHARED_CANDIDATE:obj:1081,NONE,NONE,NONE,
obj:4494,a mountain,decoration,bottom_overlay,./dat/objects.srv,P2,TODO,,,,SHARED_CANDIDATE:obj:1081,NONE,NONE,NONE,
obj:4496,a mountain,decoration,bottom_overlay,./dat/objects.srv,P2,TODO,,,,SHARED_CANDIDATE:obj:1081,NONE,NONE,NONE,
obj:4497,a mountain,decoration,bottom_overlay,./dat/objects.srv,P2,TODO,,,,SHARED_CANDIDATE:obj:1081,NONE,NONE,NONE,
obj:4498,a mountain,decoration,bottom_overlay,./dat/objects.srv,P2,TODO,,,,SHARED_CANDIDATE:obj:1081,NONE,NONE,NONE,
obj:4500,a mountain,decoration,bottom_overlay,./dat/objects.srv,P2,TODO,,,,SHARED_CANDIDATE:obj:1081,NONE,NONE,NONE,
obj:4850,the statue of the snake god,decoration,light_source,./dat/objects.srv,P2,TODO,,,,MESH,NONE,NONE,NONE,
obj:4881,a ship,decoration,bottom_overlay,./dat/objects.srv,P2,TODO,,,,MESH,NONE,NONE,NONE,
obj:4882,a ship,decoration,bottom_overlay,./dat/objects.srv,P2,TODO,,,,SHARED_CANDIDATE:obj:4881,NONE,NONE,NONE,
obj:4883,a ship,decoration,bottom_overlay,./dat/objects.srv,P2,TODO,,,,SHARED_CANDIDATE:obj:4881,NONE,NONE,NONE,
obj:4884,a ship,decoration,bottom_overlay,./dat/objects.srv,P2,TODO,,,,SHARED_CANDIDATE:obj:4881,NONE,NONE,NONE,
obj:4885,a ship,decoration,bottom_overlay,./dat/objects.srv,P2,TODO,,,,SHARED_CANDIDATE:obj:4881,NONE,NONE,NONE,
obj:4886,a ship,decoration,bottom_overlay,./dat/objects.srv,P2,TODO,,,,SHARED_CANDIDATE:obj:4881,NONE,NONE,NONE,
obj:4887,a ship,decoration,bottom_overlay,./dat/objects.srv,P2,TODO,,,,SHARED_CANDIDATE:obj:4881,NONE,NONE,NONE,
obj:4888,a ship,decoration,bottom_overlay,./dat/objects.srv,P2,TODO,,,,SHARED_CANDIDATE:obj:4881,NONE,NONE,NONE,
obj:4889,a ship,decoration,bottom_overlay,./dat/objects.srv,P2,TODO,,,,SHARED_CANDIDATE:obj:4881,NONE,NONE,NONE,
obj:4890,a ship,decoration,bottom_overlay,./dat/objects.srv,P2,TODO,,,,SHARED_CANDIDATE:obj:4881,NONE,NONE,NONE,
obj:4891,a ship,decoration,bottom_overlay,./dat/objects.srv,P2,TODO,,,,SHARED_CANDIDATE:obj:4881,NONE,NONE,NONE,
obj:4892,a ship,decoration,bottom_overlay,./dat/objects.srv,P2,TODO,,,,SHARED_CANDIDATE:obj:4881,NONE,NONE,NONE,
obj:4893,a ship,decoration,bottom_overlay,./dat/objects.srv,P2,TODO,,,,SHARED_CANDIDATE:obj:4881,NONE,NONE,NONE,
obj:4894,a ship,decoration,bottom_overlay,./dat/objects.srv,P2,TODO,,,,SHARED_CANDIDATE:obj:4881,NONE,NONE,NONE,
obj:4895,a ship,decoration,bottom_overlay,./dat/objects.srv,P2,TODO,,,,SHARED_CANDIDATE:obj:4881,NONE,NONE,NONE,
obj:4896,a ship,decoration,bottom_overlay,./dat/objects.srv,P2,TODO,,,,SHARED_CANDIDATE:obj:4881,NONE,NONE,NONE,
obj:4897,a ship,decoration,bottom_overlay,./dat/objects.srv,P2,TODO,,,,SHARED_CANDIDATE:obj:4881,NONE,NONE,NONE,
obj:4898,a ship,decoration,bottom_overlay,./dat/objects.srv,P2,TODO,,,,SHARED_CANDIDATE:obj:4881,NONE,NONE,NONE,
obj:4899,a ship,decoration,bottom_overlay,./dat/objects.srv,P2,TODO,,,,SHARED_CANDIDATE:obj:4881,NONE,NONE,NONE,
obj:4900,a ship,decoration,bottom_overlay,./dat/objects.srv,P2,TODO,,,,SHARED_CANDIDATE:obj:4881,NONE,NONE,NONE,
obj:4901,a ship,decoration,bottom_overlay,./dat/objects.srv,P2,TODO,,,,SHARED_CANDIDATE:obj:4881,NONE,NONE,NONE,
obj:4902,a ship,decoration,bottom_overlay,./dat/objects.srv,P2,TODO,,,,SHARED_CANDIDATE:obj:4881,NONE,NONE,NONE,
obj:4903,a ship,decoration,bottom_overlay,./dat/objects.srv,P2,TODO,,,,SHARED_CANDIDATE:obj:4881,NONE,NONE,NONE,
obj:4904,a ship cabin wall,decoration,bottom_overlay,./dat/objects.srv,P2,TODO,,,,MESH,NONE,NONE,NONE,
obj:4905,a ship cabin wall,decoration,bottom_overlay,./dat/objects.srv,P2,TODO,,,,SHARED_CANDIDATE:obj:4904,NONE,NONE,NONE,
obj:4906,a ship cabin wall,decoration,bottom_overlay,./dat/objects.srv,P2,TODO,,,,SHARED_CANDIDATE:obj:4904,NONE,NONE,NONE,
obj:4907,a ship cabin wall,decoration,bottom_overlay,./dat/objects.srv,P2,TODO,,,,SHARED_CANDIDATE:obj:4904,NONE,NONE,NONE,
obj:4908,a ship cabin wall,decoration,bottom_overlay,./dat/objects.srv,P2,TODO,,,,SHARED_CANDIDATE:obj:4904,NONE,NONE,NONE,
obj:4909,a ship rail,decoration,bottom_overlay,./dat/objects.srv,P2,TODO,,,,MESH,NONE,NONE,NONE,
obj:4910,a ship cabin wall,decoration,bottom_overlay,./dat/objects.srv,P2,TODO,,,,SHARED_CANDIDATE:obj:4904,NONE,NONE,NONE,
obj:4912,a closed door,decoration,bottom_overlay,./dat/objects.srv,P2,TODO,,,,MESH,NONE,NONE,NONE,
obj:4913,a closed door,decoration,bottom_overlay,./dat/objects.srv,P2,TODO,,,,SHARED_CANDIDATE:obj:4912,NONE,NONE,NONE,
obj:4915,a ship cabin wall,decoration,bottom_overlay,./dat/objects.srv,P2,TODO,,,,SHARED_CANDIDATE:obj:4904,NONE,NONE,NONE,
obj:4916,a ship cabin wall,decoration,bottom_overlay,./dat/objects.srv,P2,TODO,,,,SHARED_CANDIDATE:obj:4904,NONE,NONE,NONE,
obj:4917,a ship railing,decoration,bottom_overlay,./dat/objects.srv,P2,TODO,,,,MESH,NONE,NONE,NONE,
obj:4918,a ship rail,decoration,bottom_overlay,./dat/objects.srv,P2,TODO,,,,SHARED_CANDIDATE:obj:4909,NONE,NONE,NONE,
obj:4919,a ship cabin wall,decoration,bottom_overlay,./dat/objects.srv,P2,TODO,,,,SHARED_CANDIDATE:obj:4904,NONE,NONE,NONE,
obj:4920,a ship railing,decoration,bottom_overlay,./dat/objects.srv,P2,TODO,,,,SHARED_CANDIDATE:obj:4917,NONE,NONE,NONE,
obj:4921,a ship railing,decoration,bottom_overlay,./dat/objects.srv,P2,TODO,,,,SHARED_CANDIDATE:obj:4917,NONE,NONE,NONE,
obj:4922,a ship railing,decoration,bottom_overlay,./dat/objects.srv,P2,TODO,,,,SHARED_CANDIDATE:obj:4917,NONE,NONE,NONE,
obj:4927,a ship railing,decoration,bottom_overlay,./dat/objects.srv,P2,TODO,,,,SHARED_CANDIDATE:obj:4917,NONE,NONE,NONE,
obj:4928,a ship railing,decoration,bottom_overlay,./dat/objects.srv,P2,TODO,,,,SHARED_CANDIDATE:obj:4917,NONE,NONE,NONE,
obj:4929,a ship railing,decoration,bottom_overlay,./dat/objects.srv,P2,TODO,,,,SHARED_CANDIDATE:obj:4917,NONE,NONE,NONE,
obj:4930,a ship railing,decoration,bottom_overlay,./dat/objects.srv,P2,TODO,,,,SHARED_CANDIDATE:obj:4917,NONE,NONE,NONE,
obj:4931,a ship railing,decoration,bottom_overlay,./dat/objects.srv,P2,TODO,,,,SHARED_CANDIDATE:obj:4917,NONE,NONE,NONE,
obj:4932,a ship railing,decoration,bottom_overlay,./dat/objects.srv,P2,TODO,,,,SHARED_CANDIDATE:obj:4917,NONE,NONE,NONE,
obj:4933,a ship railing,decoration,bottom_overlay,./dat/objects.srv,P2,TODO,,,,SHARED_CANDIDATE:obj:4917,NONE,NONE,NONE,
obj:4934,a ship railing,decoration,bottom_overlay,./dat/objects.srv,P2,TODO,,,,SHARED_CANDIDATE:obj:4917,NONE,NONE,NONE,
obj:4935,a ship railing,decoration,bottom_overlay,./dat/objects.srv,P2,TODO,,,,SHARED_CANDIDATE:obj:4917,NONE,NONE,NONE,
obj:4938,a ship railing,decoration,bottom_overlay,./dat/objects.srv,P2,TODO,,,,SHARED_CANDIDATE:obj:4917,NONE,NONE,NONE,
obj:4939,a ship railing,decoration,bottom_overlay,./dat/objects.srv,P2,TODO,,,,SHARED_CANDIDATE:obj:4917,NONE,NONE,NONE,
obj:4940,a mast,decoration,bottom_overlay,./dat/objects.srv,P2,TODO,,,,SHARED_CANDIDATE:obj:1748,NONE,NONE,NONE,
obj:4941,a mast,decoration,bottom_overlay,./dat/objects.srv,P2,TODO,,,,SHARED_CANDIDATE:obj:1748,NONE,NONE,NONE,
obj:4942,a mast,decoration,bottom_overlay,./dat/objects.srv,P2,TODO,,,,SHARED_CANDIDATE:obj:1748,NONE,NONE,NONE,
obj:4947,a mast,decoration,bottom_overlay,./dat/objects.srv,P2,TODO,,,,SHARED_CANDIDATE:obj:1748,NONE,NONE,NONE,
obj:4948,a mast,decoration,bottom_overlay,./dat/objects.srv,P2,TODO,,,,SHARED_CANDIDATE:obj:1748,NONE,NONE,NONE,
obj:4949,a mast,decoration,bottom_overlay,./dat/objects.srv,P2,TODO,,,,SHARED_CANDIDATE:obj:1748,NONE,NONE,NONE,
obj:4950,a mast,decoration,bottom_overlay,./dat/objects.srv,P2,TODO,,,,SHARED_CANDIDATE:obj:1748,NONE,NONE,NONE,
obj:4951,a mast,decoration,bottom_overlay,./dat/objects.srv,P2,TODO,,,,SHARED_CANDIDATE:obj:1748,NONE,NONE,NONE,
obj:4952,a mast,decoration,bottom_overlay,./dat/objects.srv,P2,TODO,,,,SHARED_CANDIDATE:obj:1748,NONE,NONE,NONE,
obj:4961,a steering wheel,decoration,bottom_overlay,./dat/objects.srv,P2,TODO,,,,SHARED_CANDIDATE:obj:1751,NONE,NONE,NONE,
obj:4962,a steering wheel,decoration,bottom_overlay,./dat/objects.srv,P2,TODO,,,,SHARED_CANDIDATE:obj:1751,NONE,NONE,NONE,
obj:4963,a steering wheel,decoration,bottom_overlay,./dat/objects.srv,P2,TODO,,,,SHARED_CANDIDATE:obj:1751,NONE,NONE,NONE,
obj:4964,a steering wheel,decoration,bottom_overlay,./dat/objects.srv,P2,TODO,,,,SHARED_CANDIDATE:obj:1751,NONE,NONE,NONE,
obj:4965,a rudder blade,decoration,bottom_overlay,./dat/objects.srv,P2,TODO,,,,MESH,NONE,NONE,NONE,
obj:4966,a rudder blade,decoration,bottom_overlay,./dat/objects.srv,P2,TODO,,,,SHARED_CANDIDATE:obj:4965,NONE,NONE,NONE,
obj:4967,a rudder blade,decoration,bottom_overlay,./dat/objects.srv,P2,TODO,,,,SHARED_CANDIDATE:obj:4965,NONE,NONE,NONE,
obj:4968,a rudder blade,decoration,bottom_overlay,./dat/objects.srv,P2,TODO,,,,SHARED_CANDIDATE:obj:4965,NONE,NONE,NONE,
obj:4969,a rudder blade,decoration,bottom_overlay,./dat/objects.srv,P2,TODO,,,,SHARED_CANDIDATE:obj:4965,NONE,NONE,NONE,
obj:4970,a rudder blade,decoration,bottom_overlay,./dat/objects.srv,P2,TODO,,,,SHARED_CANDIDATE:obj:4965,NONE,NONE,NONE,
obj:4974,a figurehead,decoration,bottom_overlay,./dat/objects.srv,P2,TODO,,,,MESH,NONE,NONE,NONE,
obj:4975,a figurehead,decoration,bottom_overlay,./dat/objects.srv,P2,TODO,,,,SHARED_CANDIDATE:obj:4974,NONE,NONE,NONE,
obj:4989,a white flag,decoration,bottom_overlay,./dat/objects.srv,P2,TODO,,,,MESH,NONE,NONE,NONE,
obj:4994,some sharp icicles,decoration,bottom_overlay,./dat/objects.srv,P2,TODO,,,,MESH,NONE,NONE,NONE,
obj:5001,a ship railing,decoration,bottom_overlay,./dat/objects.srv,P2,TODO,,,,SHARED_CANDIDATE:obj:4917,NONE,NONE,NONE,
obj:5002,a ship cabin wall,decoration,bottom_overlay,./dat/objects.srv,P2,TODO,,,,SHARED_CANDIDATE:obj:4904,NONE,NONE,NONE,
obj:5003,a ship cabin wall,decoration,bottom_overlay,./dat/objects.srv,P2,TODO,,,,SHARED_CANDIDATE:obj:4904,NONE,NONE,NONE,
obj:5004,a ship cabin wall,decoration,bottom_overlay,./dat/objects.srv,P2,TODO,,,,SHARED_CANDIDATE:obj:4904,NONE,NONE,NONE,
obj:5005,a ship cabin wall,decoration,bottom_overlay,./dat/objects.srv,P2,TODO,,,,SHARED_CANDIDATE:obj:4904,NONE,NONE,NONE,
obj:5009,an oriental wall,decoration,bottom_overlay,./dat/objects.srv,P2,TODO,,,,SHARED_CANDIDATE:obj:1356,NONE,NONE,NONE,
obj:5011,a lava wall,decoration,light_source,./dat/objects.srv,P2,TODO,,,,SHARED_CANDIDATE:obj:1441,NONE,NONE,NONE,
obj:5020,a burning skull,decoration,light_source,./dat/objects.srv,P2,TODO,,,,SHARED_CANDIDATE:obj:5019,NONE,NONE,NONE,
obj:5024,a bamboo lamp,decoration,light_source,./dat/objects.srv,P2,TODO,,,,SHARED_CANDIDATE:obj:2116,NONE,NONE,NONE,
obj:5025,a bamboo lamp,decoration,light_source,./dat/objects.srv,P2,TODO,,,,SHARED_CANDIDATE:obj:2116,NONE,NONE,NONE,
obj:5026,a bamboo lamp,decoration,light_source,./dat/objects.srv,P2,TODO,,,,SHARED_CANDIDATE:obj:2116,NONE,NONE,NONE,
obj:5027,a bamboo lamp,decoration,light_source,./dat/objects.srv,P2,TODO,,,,SHARED_CANDIDATE:obj:2116,NONE,NONE,NONE,
obj:5028,a bamboo lamp,decoration,light_source,./dat/objects.srv,P2,TODO,,,,SHARED_CANDIDATE:obj:2116,NONE,NONE,NONE,
obj:5029,a bamboo lamp,decoration,light_source,./dat/objects.srv,P2,TODO,,,,SHARED_CANDIDATE:obj:2116,NONE,NONE,NONE,
obj:5030,a bamboo lamp,decoration,light_source,./dat/objects.srv,P2,TODO,,,,SHARED_CANDIDATE:obj:2116,NONE,NONE,NONE,
obj:5031,a bamboo lamp,decoration,light_source,./dat/objects.srv,P2,TODO,,,,SHARED_CANDIDATE:obj:2116,NONE,NONE,NONE,
obj:5032,a bamboo lamp,decoration,light_source,./dat/objects.srv,P2,TODO,,,,SHARED_CANDIDATE:obj:2116,NONE,NONE,NONE,
obj:5033,a bamboo lamp,decoration,light_source,./dat/objects.srv,P2,TODO,,,,SHARED_CANDIDATE:obj:2116,NONE,NONE,NONE,
obj:5034,a bamboo lamp,decoration,light_source,./dat/objects.srv,P2,TODO,,,,SHARED_CANDIDATE:obj:2116,NONE,NONE,NONE,
obj:5035,a bamboo lamp,decoration,light_source,./dat/objects.srv,P2,TODO,,,,SHARED_CANDIDATE:obj:2116,NONE,NONE,NONE,
obj:5036,a bamboo lamp,decoration,light_source,./dat/objects.srv,P2,TODO,,,,SHARED_CANDIDATE:obj:2116,NONE,NONE,NONE,
obj:5037,a bamboo lamp,decoration,light_source,./dat/objects.srv,P2,TODO,,,,SHARED_CANDIDATE:obj:2116,NONE,NONE,NONE,
obj:5038,a bamboo lamp,decoration,light_source,./dat/objects.srv,P2,TODO,,,,SHARED_CANDIDATE:obj:2116,NONE,NONE,NONE,
obj:5039,a bamboo lamp,decoration,light_source,./dat/objects.srv,P2,TODO,,,,SHARED_CANDIDATE:obj:2116,NONE,NONE,NONE,
obj:5040,a bamboo lamp,decoration,light_source,./dat/objects.srv,P2,TODO,,,,SHARED_CANDIDATE:obj:2116,NONE,NONE,NONE,
obj:5041,a bamboo lamp,decoration,light_source,./dat/objects.srv,P2,TODO,,,,SHARED_CANDIDATE:obj:2116,NONE,NONE,NONE,
obj:5042,a bamboo lamp,decoration,light_source,./dat/objects.srv,P2,TODO,,,,SHARED_CANDIDATE:obj:2116,NONE,NONE,NONE,
obj:5043,a bamboo lamp,decoration,light_source,./dat/objects.srv,P2,TODO,,,,SHARED_CANDIDATE:obj:2116,NONE,NONE,NONE,
obj:5044,a bamboo lamp,decoration,light_source,./dat/objects.srv,P2,TODO,,,,SHARED_CANDIDATE:obj:2116,NONE,NONE,NONE,
obj:5061,a burning wall,decoration,light_source,./dat/objects.srv,P2,TODO,,,,MESH,NONE,NONE,NONE,
obj:5062,a burning wall,decoration,light_source,./dat/objects.srv,P2,TODO,,,,SHARED_CANDIDATE:obj:5061,NONE,NONE,NONE,
obj:5063,a burning wall,decoration,light_source,./dat/objects.srv,P2,TODO,,,,SHARED_CANDIDATE:obj:5061,NONE,NONE,NONE,
obj:5064,a burning wall,decoration,light_source,./dat/objects.srv,P2,TODO,,,,SHARED_CANDIDATE:obj:5061,NONE,NONE,NONE,
obj:5065,a burning wall,decoration,light_source,./dat/objects.srv,P2,TODO,,,,SHARED_CANDIDATE:obj:5061,NONE,NONE,NONE,
obj:5066,a burning wall,decoration,light_source,./dat/objects.srv,P2,TODO,,,,SHARED_CANDIDATE:obj:5061,NONE,NONE,NONE,
obj:5067,a burning wall,decoration,light_source,./dat/objects.srv,P2,TODO,,,,SHARED_CANDIDATE:obj:5061,NONE,NONE,NONE,
obj:5068,electric sparks,decoration,light_source,./dat/objects.srv,P2,TODO,,,,MESH,NONE,NONE,NONE,
obj:5069,electric sparks,decoration,light_source,./dat/objects.srv,P2,TODO,,,,SHARED_CANDIDATE:obj:5068,NONE,NONE,NONE,
obj:5070,electric sparks,decoration,light_source,./dat/objects.srv,P2,TODO,,,,SHARED_CANDIDATE:obj:5068,NONE,NONE,NONE,
fx:0,EFFECT_NONE,effect,graphical_effect,reference/game/src/enums.hh::EffectType,P2,TODO,,,,VFX,NONE,NONE,REQUIRED,
fx:1,EFFECT_BLOOD_HIT,effect,graphical_effect,reference/game/src/enums.hh::EffectType,P2,TODO,,,,VFX,NONE,NONE,REQUIRED,
fx:10,EFFECT_BONE_HIT,effect,graphical_effect,reference/game/src/enums.hh::EffectType,P2,TODO,,,,VFX,NONE,NONE,REQUIRED,
fx:11,EFFECT_ENERGY,effect,graphical_effect,reference/game/src/enums.hh::EffectType,P2,TODO,,,,VFX,NONE,NONE,REQUIRED,
fx:12,EFFECT_ENERGY_HIT,effect,graphical_effect,reference/game/src/enums.hh::EffectType,P2,TODO,,,,VFX,NONE,NONE,REQUIRED,
fx:13,EFFECT_MAGIC_BLUE,effect,graphical_effect,reference/game/src/enums.hh::EffectType,P2,TODO,,,,VFX,NONE,NONE,REQUIRED,
fx:14,EFFECT_MAGIC_RED,effect,graphical_effect,reference/game/src/enums.hh::EffectType,P2,TODO,,,,VFX,NONE,NONE,REQUIRED,
fx:15,EFFECT_MAGIC_GREEN,effect,graphical_effect,reference/game/src/enums.hh::EffectType,P2,TODO,,,,VFX,NONE,NONE,REQUIRED,
fx:16,EFFECT_FIRE,effect,graphical_effect,reference/game/src/enums.hh::EffectType,P2,TODO,,,,VFX,NONE,NONE,REQUIRED,
fx:17,EFFECT_POISON_HIT,effect,graphical_effect,reference/game/src/enums.hh::EffectType,P2,TODO,,,,VFX,NONE,NONE,REQUIRED,
fx:18,EFFECT_DEATH,effect,graphical_effect,reference/game/src/enums.hh::EffectType,P2,TODO,,,,VFX,NONE,NONE,REQUIRED,
fx:19,EFFECT_MELODY_GREEN,effect,graphical_effect,reference/game/src/enums.hh::EffectType,P2,TODO,,,,VFX,NONE,NONE,REQUIRED,
fx:2,EFFECT_MANA_HIT,effect,graphical_effect,reference/game/src/enums.hh::EffectType,P2,TODO,,,,VFX,NONE,NONE,REQUIRED,
fx:20,EFFECT_MELODY_RED,effect,graphical_effect,reference/game/src/enums.hh::EffectType,P2,TODO,,,,VFX,NONE,NONE,REQUIRED,
fx:21,EFFECT_POISON_BURST,effect,graphical_effect,reference/game/src/enums.hh::EffectType,P2,TODO,,,,VFX,NONE,NONE,REQUIRED,
fx:22,EFFECT_MELODY_YELLOW,effect,graphical_effect,reference/game/src/enums.hh::EffectType,P2,TODO,,,,VFX,NONE,NONE,REQUIRED,
fx:23,EFFECT_MELODY_PURPLE,effect,graphical_effect,reference/game/src/enums.hh::EffectType,P2,TODO,,,,VFX,NONE,NONE,REQUIRED,
fx:24,EFFECT_MELODY_BLUE,effect,graphical_effect,reference/game/src/enums.hh::EffectType,P2,TODO,,,,VFX,NONE,NONE,REQUIRED,
fx:25,EFFECT_MELODY_WHITE,effect,graphical_effect,reference/game/src/enums.hh::EffectType,P2,TODO,,,,VFX,NONE,NONE,REQUIRED,
fx:3,EFFECT_POFF,effect,graphical_effect,reference/game/src/enums.hh::EffectType,P2,TODO,,,,VFX,NONE,NONE,REQUIRED,
fx:4,EFFECT_BLOCK_HIT,effect,graphical_effect,reference/game/src/enums.hh::EffectType,P2,TODO,,,,VFX,NONE,NONE,REQUIRED,
fx:5,EFFECT_EXPLOSION,effect,graphical_effect,reference/game/src/enums.hh::EffectType,P2,TODO,,,,VFX,NONE,NONE,REQUIRED,
fx:6,EFFECT_FIRE_BLAST,effect,graphical_effect,reference/game/src/enums.hh::EffectType,P2,TODO,,,,VFX,NONE,NONE,REQUIRED,
fx:7,EFFECT_FIRE_BURST,effect,graphical_effect,reference/game/src/enums.hh::EffectType,P2,TODO,,,,VFX,NONE,NONE,REQUIRED,
fx:8,EFFECT_REBUKE,effect,graphical_effect,reference/game/src/enums.hh::EffectType,P2,TODO,,,,VFX,NONE,NONE,REQUIRED,
fx:9,EFFECT_POISON,effect,graphical_effect,reference/game/src/enums.hh::EffectType,P2,TODO,,,,VFX,NONE,NONE,REQUIRED,
obj:2120,a fire,effect_object,magic_field,./dat/objects.srv,P2,TODO,,,,SHARED_CANDIDATE:obj:2118,NONE,NONE,REQUIRED,
obj:2129,a magic wall,effect_object,magic_field,./dat/objects.srv,P2,TODO,,,,SHARED_CANDIDATE:obj:2128,NONE,NONE,REQUIRED,
obj:2136,smoke,effect_object,magic_field,./dat/objects.srv,P2,TODO,,,,MESH,NONE,NONE,REQUIRED,
obj:2859,a bag,equipment,clothing,./dat/objects.srv,P2,TODO,,,,SHARED_CANDIDATE:obj:2853,NONE,NONE,NONE,
obj:2863,a bag,equipment,clothing,./dat/objects.srv,P2,TODO,,,,SHARED_CANDIDATE:obj:2853,NONE,NONE,NONE,
obj:2867,a backpack,equipment,clothing,./dat/objects.srv,P2,TODO,,,,SHARED_CANDIDATE:obj:2854,NONE,NONE,NONE,
obj:3004,a wedding ring,equipment,clothing,./dat/objects.srv,P2,TODO,,,,MESH,NONE,NONE,NONE,
obj:3007,a crystal ring,equipment,clothing,./dat/objects.srv,P2,TODO,,,,MESH,NONE,NONE,NONE,
obj:3008,a crystal necklace,equipment,clothing,./dat/objects.srv,P2,TODO,,,,MESH,NONE,NONE,NONE,
obj:3009,a bronze necklace,equipment,clothing,./dat/objects.srv,P2,TODO,,,,MESH,NONE,NONE,NONE,
obj:3011,a crown,equipment,clothing,./dat/objects.srv,P2,TODO,,,,MESH,NONE,NONE,NONE,
obj:3012,a wolf tooth chain,equipment,clothing,./dat/objects.srv,P2,TODO,,,,MESH,NONE,NONE,NONE,
obj:3013,a golden amulet,equipment,clothing,./dat/objects.srv,P2,TODO,,,,MESH,NONE,NONE,NONE,
obj:3014,a star amulet,equipment,clothing,./dat/objects.srv,P2,TODO,,,,MESH,NONE,NONE,NONE,
obj:3015,a silver necklace,equipment,clothing,./dat/objects.srv,P2,TODO,,,,MESH,NONE,NONE,NONE,
obj:3016,a ruby necklace,equipment,clothing,./dat/objects.srv,P2,TODO,,,,MESH,NONE,NONE,NONE,
obj:3018,a scarab amulet,equipment,clothing,./dat/objects.srv,P2,TODO,,,,MESH,NONE,NONE,NONE,
obj:3022,an ancient tiara,equipment,clothing,./dat/objects.srv,P2,TODO,,,,MESH,NONE,NONE,NONE,
obj:3025,an ancient amulet,equipment,clothing,./dat/objects.srv,P2,TODO,,,,MESH,NONE,NONE,NONE,
obj:3045,a strange talisman,equipment,clothing,./dat/objects.srv,P2,TODO,,,,MESH,NONE,NONE,NONE,
obj:3048,a might ring,equipment,clothing,./dat/objects.srv,P2,TODO,,,,MESH,NONE,NONE,NONE,
obj:3049,a stealth ring,equipment,clothing,./dat/objects.srv,P2,TODO,,,,MESH,NONE,NONE,NONE,
obj:3050,a power ring,equipment,clothing,./dat/objects.srv,P2,TODO,,,,MESH,NONE,NONE,NONE,
obj:3051,an energy ring,equipment,clothing,./dat/objects.srv,P2,TODO,,,,MESH,NONE,NONE,NONE,
obj:3052,a life ring,equipment,clothing,./dat/objects.srv,P2,TODO,,,,MESH,NONE,NONE,NONE,
obj:3053,a time ring,equipment,clothing,./dat/objects.srv,P2,TODO,,,,MESH,NONE,NONE,NONE,
obj:3054,a silver amulet,equipment,clothing,./dat/objects.srv,P2,TODO,,,,MESH,NONE,NONE,NONE,
obj:3055,a platinum amulet,equipment,armor,./dat/objects.srv,P2,TODO,,,,MESH,NONE,NONE,NONE,
obj:3057,an amulet of loss,equipment,clothing,./dat/objects.srv,P2,TODO,,,,MESH,NONE,NONE,NONE,
obj:3063,a gold ring,equipment,clothing,./dat/objects.srv,P2,TODO,,,,MESH,NONE,NONE,NONE,
obj:3065,a quagmire rod,equipment,weapon_wand,./dat/objects.srv,P2,TODO,,,,MESH,NONE,NONE,NONE,
obj:3066,a snakebite rod,equipment,weapon_wand,./dat/objects.srv,P2,TODO,,,,MESH,NONE,NONE,NONE,
obj:3067,a tempest rod,equipment,weapon_wand,./dat/objects.srv,P2,TODO,,,,MESH,NONE,NONE,NONE,
obj:3069,a volcanic rod,equipment,weapon_wand,./dat/objects.srv,P2,TODO,,,,MESH,NONE,NONE,NONE,
obj:3071,a wand of inferno,equipment,weapon_wand,./dat/objects.srv,P2,TODO,,,,MESH,NONE,NONE,NONE,
obj:3072,a wand of plague,equipment,weapon_wand,./dat/objects.srv,P2,TODO,,,,MESH,NONE,NONE,NONE,
obj:3074,a wand of vortex,equipment,weapon_wand,./dat/objects.srv,P2,TODO,,,,MESH,NONE,NONE,NONE,
obj:3075,a wand of dragonbreath,equipment,weapon_wand,./dat/objects.srv,P2,TODO,,,,MESH,NONE,NONE,NONE,
obj:3079,boots of haste,equipment,clothing,./dat/objects.srv,P2,TODO,,,,MESH,NONE,NONE,NONE,
obj:3080,a broken amulet,equipment,clothing,./dat/objects.srv,P2,TODO,,,,MESH,NONE,NONE,NONE,
obj:3081,a stone skin amulet,equipment,clothing,./dat/objects.srv,P2,TODO,,,,MESH,NONE,NONE,NONE,
obj:3082,an elven amulet,equipment,clothing,./dat/objects.srv,P2,TODO,,,,MESH,NONE,NONE,NONE,
obj:3083,a garlic necklace,equipment,clothing,./dat/objects.srv,P2,TODO,,,,MESH,NONE,NONE,NONE,
obj:3084,a protection amulet,equipment,clothing,./dat/objects.srv,P2,TODO,,,,MESH,NONE,NONE,NONE,
obj:3085,a dragon necklace,equipment,clothing,./dat/objects.srv,P2,TODO,,,,MESH,NONE,NONE,NONE,
obj:3091,a sword ring,equipment,clothing,./dat/objects.srv,P2,TODO,,,,MESH,NONE,NONE,NONE,
obj:3092,an axe ring,equipment,clothing,./dat/objects.srv,P2,TODO,,,,MESH,NONE,NONE,NONE,
obj:3093,a club ring,equipment,clothing,./dat/objects.srv,P2,TODO,,,,MESH,NONE,NONE,NONE,
obj:3097,a dwarven ring,equipment,clothing,./dat/objects.srv,P2,TODO,,,,MESH,NONE,NONE,NONE,
obj:3098,a ring of healing,equipment,clothing,./dat/objects.srv,P2,TODO,,,,MESH,NONE,NONE,NONE,
obj:3102,a paw amulet,equipment,clothing,./dat/objects.srv,P2,TODO,,,,MESH,NONE,NONE,NONE,
obj:3208,a giant smithhammer,equipment,weapon,./dat/objects.srv,P2,TODO,,,,MESH,NONE,NONE,NONE,
obj:3245,a ring of wishes,equipment,clothing,./dat/objects.srv,P2,TODO,,,,MESH,NONE,NONE,NONE,
obj:3246,boots of waterwalking,equipment,clothing,./dat/objects.srv,P2,TODO,,,,MESH,NONE,NONE,NONE,
obj:3264,a sword,equipment,weapon,./dat/objects.srv,P2,TODO,,,,MESH,NONE,NONE,NONE,
obj:3265,a two handed sword,equipment,weapon,./dat/objects.srv,P2,TODO,,,,MESH,NONE,NONE,NONE,
obj:3266,a battle axe,equipment,weapon,./dat/objects.srv,P2,TODO,,,,MESH,NONE,NONE,NONE,
obj:3267,a dagger,equipment,weapon,./dat/objects.srv,P2,TODO,,,,MESH,NONE,NONE,NONE,
obj:3268,a hand axe,equipment,weapon,./dat/objects.srv,P2,TODO,,,,MESH,NONE,NONE,NONE,
obj:3269,a halberd,equipment,weapon,./dat/objects.srv,P2,TODO,,,,MESH,NONE,NONE,NONE,
obj:3270,a club,equipment,weapon,./dat/objects.srv,P2,TODO,,,,MESH,NONE,NONE,NONE,
obj:3271,a spike sword,equipment,weapon,./dat/objects.srv,P2,TODO,,,,MESH,NONE,NONE,NONE,
obj:3273,a sabre,equipment,weapon,./dat/objects.srv,P2,TODO,,,,MESH,NONE,NONE,NONE,
obj:3274,an axe,equipment,weapon,./dat/objects.srv,P2,TODO,,,,MESH,NONE,NONE,NONE,
obj:3275,a double axe,equipment,weapon,./dat/objects.srv,P2,TODO,,,,MESH,NONE,NONE,NONE,
obj:3276,a hatchet,equipment,weapon,./dat/objects.srv,P2,TODO,,,,MESH,NONE,NONE,NONE,
obj:3278,a magic longsword,equipment,weapon,./dat/objects.srv,P2,TODO,,,,MESH,NONE,NONE,NONE,
obj:3279,a war hammer,equipment,weapon,./dat/objects.srv,P2,TODO,,,,MESH,NONE,NONE,NONE,
obj:3280,a fire sword,equipment,weapon,./dat/objects.srv,P2,TODO,,,,MESH,NONE,NONE,NONE,
obj:3281,a giant sword,equipment,weapon,./dat/objects.srv,P2,TODO,,,,MESH,NONE,NONE,NONE,
obj:3282,a morning star,equipment,weapon,./dat/objects.srv,P2,TODO,,,,MESH,NONE,NONE,NONE,
obj:3283,a carlin sword,equipment,weapon,./dat/objects.srv,P2,TODO,,,,MESH,NONE,NONE,NONE,
obj:3285,a longsword,equipment,weapon,./dat/objects.srv,P2,TODO,,,,MESH,NONE,NONE,NONE,
obj:3286,a mace,equipment,weapon,./dat/objects.srv,P2,TODO,,,,MESH,NONE,NONE,NONE,
obj:3288,a magic sword,equipment,weapon,./dat/objects.srv,P2,TODO,,,,MESH,NONE,NONE,NONE,
obj:3289,a staff,equipment,weapon,./dat/objects.srv,P2,TODO,,,,MESH,NONE,NONE,NONE,
obj:3293,a sickle,equipment,weapon,./dat/objects.srv,P2,TODO,,,,MESH,NONE,NONE,NONE,
obj:3295,a bright sword,equipment,weapon,./dat/objects.srv,P2,TODO,,,,MESH,NONE,NONE,NONE,
obj:3296,a warlord sword,equipment,weapon,./dat/objects.srv,P2,TODO,,,,MESH,NONE,NONE,NONE,
obj:3297,a serpent sword,equipment,weapon,./dat/objects.srv,P2,TODO,,,,MESH,NONE,NONE,NONE,
obj:3299,a poison dagger,equipment,weapon,./dat/objects.srv,P2,TODO,,,,MESH,NONE,NONE,NONE,
obj:3300,a katana,equipment,weapon,./dat/objects.srv,P2,TODO,,,,MESH,NONE,NONE,NONE,
obj:3302,a dragon lance,equipment,weapon,./dat/objects.srv,P2,TODO,,,,MESH,NONE,NONE,NONE,
obj:3304,a crowbar,equipment,weapon,./dat/objects.srv,P2,TODO,,,,MESH,NONE,NONE,NONE,
obj:3305,a battle hammer,equipment,weapon,./dat/objects.srv,P2,TODO,,,,MESH,NONE,NONE,NONE,
obj:3306,a golden sickle,equipment,weapon,./dat/objects.srv,P2,TODO,,,,MESH,NONE,NONE,NONE,
obj:3307,a scimitar,equipment,weapon,./dat/objects.srv,P2,TODO,,,,MESH,NONE,NONE,NONE,
obj:3308,a machete,equipment,weapon,./dat/objects.srv,P2,TODO,,,,MESH,NONE,NONE,NONE,
obj:3309,a thunder hammer,equipment,weapon,./dat/objects.srv,P2,TODO,,,,MESH,NONE,NONE,NONE,
obj:3310,an iron hammer,equipment,weapon,./dat/objects.srv,P2,TODO,,,,MESH,NONE,NONE,NONE,
obj:3311,a clerical mace,equipment,weapon,./dat/objects.srv,P2,TODO,,,,MESH,NONE,NONE,NONE,
obj:3313,an obsidian lance,equipment,weapon,./dat/objects.srv,P2,TODO,,,,MESH,NONE,NONE,NONE,
obj:3314,a naginata,equipment,weapon,./dat/objects.srv,P2,TODO,,,,MESH,NONE,NONE,NONE,
obj:3317,a barbarian axe,equipment,weapon,./dat/objects.srv,P2,TODO,,,,MESH,NONE,NONE,NONE,
obj:3318,a knight axe,equipment,weapon,./dat/objects.srv,P2,TODO,,,,MESH,NONE,NONE,NONE,
obj:3319,a stonecutter axe,equipment,weapon,./dat/objects.srv,P2,TODO,,,,MESH,NONE,NONE,NONE,
obj:3320,a fire axe,equipment,weapon,./dat/objects.srv,P2,TODO,,,,MESH,NONE,NONE,NONE,
obj:3322,a dragon hammer,equipment,weapon,./dat/objects.srv,P2,TODO,,,,MESH,NONE,NONE,NONE,
obj:3324,a skull staff,equipment,weapon,./dat/objects.srv,P2,TODO,,,,MESH,NONE,NONE,NONE,
obj:3328,a daramanian waraxe,equipment,weapon,./dat/objects.srv,P2,TODO,,,,MESH,NONE,NONE,NONE,
obj:3330,a heavy machete,equipment,weapon,./dat/objects.srv,P2,TODO,,,,MESH,NONE,NONE,NONE,
obj:3331,a ravager's axe,equipment,weapon,./dat/objects.srv,P2,TODO,,,,MESH,NONE,NONE,NONE,
obj:3332,a hammer of wrath,equipment,weapon,./dat/objects.srv,P2,TODO,,,,MESH,NONE,NONE,NONE,
obj:3333,a crystal mace,equipment,weapon,./dat/objects.srv,P2,TODO,,,,MESH,NONE,NONE,NONE,
obj:3334,a pharaoh sword,equipment,weapon,./dat/objects.srv,P2,TODO,,,,MESH,NONE,NONE,NONE,
obj:3341,an arcane staff,equipment,weapon,./dat/objects.srv,P2,TODO,,,,MESH,NONE,NONE,NONE,
obj:3342,a war axe,equipment,weapon,./dat/objects.srv,P2,TODO,,,,MESH,NONE,NONE,NONE,
obj:3349,a crossbow,equipment,weapon_bow,./dat/objects.srv,P2,TODO,,,,MESH,NONE,NONE,NONE,
obj:3350,a bow,equipment,weapon_bow,./dat/objects.srv,P2,TODO,,,,MESH,NONE,NONE,NONE,
obj:3351,a steel helmet,equipment,armor,./dat/objects.srv,P2,TODO,,,,MESH,NONE,NONE,NONE,
obj:3352,a chain helmet,equipment,armor,./dat/objects.srv,P2,TODO,,,,MESH,NONE,NONE,NONE,
obj:3353,an iron helmet,equipment,armor,./dat/objects.srv,P2,TODO,,,,MESH,NONE,NONE,NONE,
obj:3354,a brass helmet,equipment,armor,./dat/objects.srv,P2,TODO,,,,MESH,NONE,NONE,NONE,
obj:3356,a devil helmet,equipment,armor,./dat/objects.srv,P2,TODO,,,,MESH,NONE,NONE,NONE,
obj:3357,a plate armor,equipment,armor,./dat/objects.srv,P2,TODO,,,,MESH,NONE,NONE,NONE,
obj:3358,a chain armor,equipment,armor,./dat/objects.srv,P2,TODO,,,,MESH,NONE,NONE,NONE,
obj:3359,a brass armor,equipment,armor,./dat/objects.srv,P2,TODO,,,,MESH,NONE,NONE,NONE,
obj:3360,a golden armor,equipment,armor,./dat/objects.srv,P2,TODO,,,,MESH,NONE,NONE,NONE,
obj:3362,studded legs,equipment,armor,./dat/objects.srv,P2,TODO,,,,MESH,NONE,NONE,NONE,
obj:3363,dragon scale legs,equipment,armor,./dat/objects.srv,P2,TODO,,,,MESH,NONE,NONE,NONE,
obj:3364,golden legs,equipment,armor,./dat/objects.srv,P2,TODO,,,,MESH,NONE,NONE,NONE,
obj:3365,a golden helmet,equipment,armor,./dat/objects.srv,P2,TODO,,,,MESH,NONE,NONE,NONE,
obj:3366,a magic plate armor,equipment,armor,./dat/objects.srv,P2,TODO,,,,MESH,NONE,NONE,NONE,
obj:3367,a viking helmet,equipment,armor,./dat/objects.srv,P2,TODO,,,,MESH,NONE,NONE,NONE,
obj:3368,a winged helmet,equipment,armor,./dat/objects.srv,P2,TODO,,,,MESH,NONE,NONE,NONE,
obj:3369,a warrior helmet,equipment,armor,./dat/objects.srv,P2,TODO,,,,MESH,NONE,NONE,NONE,
obj:3370,a knight armor,equipment,armor,./dat/objects.srv,P2,TODO,,,,MESH,NONE,NONE,NONE,
obj:3371,knight legs,equipment,armor,./dat/objects.srv,P2,TODO,,,,MESH,NONE,NONE,NONE,
obj:3372,brass legs,equipment,armor,./dat/objects.srv,P2,TODO,,,,MESH,NONE,NONE,NONE,
obj:3373,a strange helmet,equipment,armor,./dat/objects.srv,P2,TODO,,,,MESH,NONE,NONE,NONE,
obj:3374,a legion helmet,equipment,armor,./dat/objects.srv,P2,TODO,,,,MESH,NONE,NONE,NONE,
obj:3375,a soldier helmet,equipment,armor,./dat/objects.srv,P2,TODO,,,,MESH,NONE,NONE,NONE,
obj:3376,a studded helmet,equipment,armor,./dat/objects.srv,P2,TODO,,,,MESH,NONE,NONE,NONE,
obj:3377,a scale armor,equipment,armor,./dat/objects.srv,P2,TODO,,,,MESH,NONE,NONE,NONE,
obj:3378,a studded armor,equipment,armor,./dat/objects.srv,P2,TODO,,,,MESH,NONE,NONE,NONE,
obj:3379,a doublet,equipment,armor,./dat/objects.srv,P2,TODO,,,,MESH,NONE,NONE,NONE,
obj:3381,a crown armor,equipment,armor,./dat/objects.srv,P2,TODO,,,,MESH,NONE,NONE,NONE,
obj:3382,crown legs,equipment,armor,./dat/objects.srv,P2,TODO,,,,MESH,NONE,NONE,NONE,
obj:3383,a dark armor,equipment,armor,./dat/objects.srv,P2,TODO,,,,MESH,NONE,NONE,NONE,
obj:3384,a dark helmet,equipment,armor,./dat/objects.srv,P2,TODO,,,,MESH,NONE,NONE,NONE,
obj:3385,a crown helmet,equipment,armor,./dat/objects.srv,P2,TODO,,,,MESH,NONE,NONE,NONE,
obj:3386,a dragon scale mail,equipment,armor,./dat/objects.srv,P2,TODO,,,,MESH,NONE,NONE,NONE,
obj:3387,a demon helmet,equipment,armor,./dat/objects.srv,P2,TODO,,,,MESH,NONE,NONE,NONE,
obj:3388,a demon armor,equipment,armor,./dat/objects.srv,P2,TODO,,,,MESH,NONE,NONE,NONE,
obj:3390,a horned helmet,equipment,armor,./dat/objects.srv,P2,TODO,,,,MESH,NONE,NONE,NONE,
obj:3391,a crusader helmet,equipment,armor,./dat/objects.srv,P2,TODO,,,,MESH,NONE,NONE,NONE,
obj:3392,a royal helmet,equipment,armor,./dat/objects.srv,P2,TODO,,,,MESH,NONE,NONE,NONE,
obj:3394,an amazon armor,equipment,armor,./dat/objects.srv,P2,TODO,,,,MESH,NONE,NONE,NONE,
obj:3396,a dwarfen helmet,equipment,armor,./dat/objects.srv,P2,TODO,,,,MESH,NONE,NONE,NONE,
obj:3397,a dwarven armor,equipment,armor,./dat/objects.srv,P2,TODO,,,,MESH,NONE,NONE,NONE,
obj:3398,dwarfen legs,equipment,armor,./dat/objects.srv,P2,TODO,,,,MESH,NONE,NONE,NONE,
obj:3403,a tribal mask,equipment,armor,./dat/objects.srv,P2,TODO,,,,MESH,NONE,NONE,NONE,
obj:3409,a steel shield,equipment,shield,./dat/objects.srv,P2,TODO,,,,MESH,NONE,NONE,NONE,
obj:3410,a plate shield,equipment,shield,./dat/objects.srv,P2,TODO,,,,MESH,NONE,NONE,NONE,
obj:3411,a brass shield,equipment,shield,./dat/objects.srv,P2,TODO,,,,MESH,NONE,NONE,NONE,
obj:3412,a wooden shield,equipment,shield,./dat/objects.srv,P2,TODO,,,,MESH,NONE,NONE,NONE,
obj:3413,a battle shield,equipment,shield,./dat/objects.srv,P2,TODO,,,,MESH,NONE,NONE,NONE,
obj:3414,a mastermind shield,equipment,shield,./dat/objects.srv,P2,TODO,,,,MESH,NONE,NONE,NONE,
obj:3415,a guardian shield,equipment,shield,./dat/objects.srv,P2,TODO,,,,MESH,NONE,NONE,NONE,
obj:3416,a dragon shield,equipment,shield,./dat/objects.srv,P2,TODO,,,,MESH,NONE,NONE,NONE,
obj:3418,a beholder shield,equipment,shield,./dat/objects.srv,P2,TODO,,,,MESH,NONE,NONE,NONE,
obj:3419,a crown shield,equipment,shield,./dat/objects.srv,P2,TODO,,,,MESH,NONE,NONE,NONE,
obj:3420,a demon shield,equipment,shield,./dat/objects.srv,P2,TODO,,,,MESH,NONE,NONE,NONE,
obj:3421,a dark shield,equipment,shield,./dat/objects.srv,P2,TODO,,,,MESH,NONE,NONE,NONE,
obj:3422,a great shield,equipment,shield,./dat/objects.srv,P2,TODO,,,,MESH,NONE,NONE,NONE,
obj:3423,a blessed shield,equipment,shield,./dat/objects.srv,P2,TODO,,,,MESH,NONE,NONE,NONE,
obj:3424,an ornamented shield,equipment,shield,./dat/objects.srv,P2,TODO,,,,MESH,NONE,NONE,NONE,
obj:3425,a dwarven shield,equipment,shield,./dat/objects.srv,P2,TODO,,,,MESH,NONE,NONE,NONE,
obj:3426,a studded shield,equipment,shield,./dat/objects.srv,P2,TODO,,,,MESH,NONE,NONE,NONE,
obj:3427,a rose shield,equipment,shield,./dat/objects.srv,P2,TODO,,,,MESH,NONE,NONE,NONE,
obj:3428,a tower shield,equipment,shield,./dat/objects.srv,P2,TODO,,,,MESH,NONE,NONE,NONE,
obj:3429,a black shield,equipment,shield,./dat/objects.srv,P2,TODO,,,,MESH,NONE,NONE,NONE,
obj:3431,a viking shield,equipment,shield,./dat/objects.srv,P2,TODO,,,,MESH,NONE,NONE,NONE,
obj:3432,an ancient shield,equipment,shield,./dat/objects.srv,P2,TODO,,,,MESH,NONE,NONE,NONE,
obj:3433,a griffin shield,equipment,shield,./dat/objects.srv,P2,TODO,,,,MESH,NONE,NONE,NONE,
obj:3434,a vampire shield,equipment,shield,./dat/objects.srv,P2,TODO,,,,MESH,NONE,NONE,NONE,
obj:3435,a castle shield,equipment,shield,./dat/objects.srv,P2,TODO,,,,MESH,NONE,NONE,NONE,
obj:3436,a medusa shield,equipment,shield,./dat/objects.srv,P2,TODO,,,,MESH,NONE,NONE,NONE,
obj:3437,an amazon shield,equipment,shield,./dat/objects.srv,P2,TODO,,,,MESH,NONE,NONE,NONE,
obj:3438,an eagle shield,equipment,shield,./dat/objects.srv,P2,TODO,,,,MESH,NONE,NONE,NONE,
obj:3439,a phoenix shield,equipment,shield,./dat/objects.srv,P2,TODO,,,,MESH,NONE,NONE,NONE,
obj:3440,a scarab shield,equipment,shield,./dat/objects.srv,P2,TODO,,,,MESH,NONE,NONE,NONE,
obj:3441,a bone shield,equipment,shield,./dat/objects.srv,P2,TODO,,,,MESH,NONE,NONE,NONE,
obj:3442,a tempest shield,equipment,shield,./dat/objects.srv,P2,TODO,,,,MESH,NONE,NONE,NONE,
obj:3453,a scythe,equipment,weapon,./dat/objects.srv,P2,TODO,,,,MESH,NONE,NONE,NONE,
obj:3549,soft boots,equipment,clothing,./dat/objects.srv,P2,TODO,,,,MESH,NONE,NONE,NONE,
obj:3557,plate legs,equipment,armor,./dat/objects.srv,P2,TODO,,,,MESH,NONE,NONE,NONE,
obj:3558,chain legs,equipment,armor,./dat/objects.srv,P2,TODO,,,,MESH,NONE,NONE,NONE,
obj:3561,a jacket,equipment,armor,./dat/objects.srv,P2,TODO,,,,MESH,NONE,NONE,NONE,
obj:3562,a coat,equipment,armor,./dat/objects.srv,P2,TODO,,,,MESH,NONE,NONE,NONE,
obj:3563,a green tunic,equipment,armor,./dat/objects.srv,P2,TODO,,,,MESH,NONE,NONE,NONE,
obj:3564,a red tunic,equipment,armor,./dat/objects.srv,P2,TODO,,,,MESH,NONE,NONE,NONE,
obj:3565,a cape,equipment,armor,./dat/objects.srv,P2,TODO,,,,MESH,NONE,NONE,NONE,
obj:3566,a red robe,equipment,armor,./dat/objects.srv,P2,TODO,,,,MESH,NONE,NONE,NONE,
obj:3567,a blue robe,equipment,armor,./dat/objects.srv,P2,TODO,,,,MESH,NONE,NONE,NONE,
obj:3569,a white dress,equipment,clothing,./dat/objects.srv,P2,TODO,,,,MESH,NONE,NONE,NONE,
obj:3570,a ball gown,equipment,clothing,./dat/objects.srv,P2,TODO,,,,MESH,NONE,NONE,NONE,
obj:3572,a scarf,equipment,armor,./dat/objects.srv,P2,TODO,,,,MESH,NONE,NONE,NONE,
obj:3573,a magician hat,equipment,armor,./dat/objects.srv,P2,TODO,,,,MESH,NONE,NONE,NONE,
obj:3574,a mystic turban,equipment,armor,./dat/objects.srv,P2,TODO,,,,MESH,NONE,NONE,NONE,
obj:1716,a waterfall,item,unspecified,./dat/objects.srv,P2,TODO,,,,MESH,NONE,NONE,NONE,
obj:1897,debris,item,unspecified,./dat/objects.srv,P2,TODO,,,,MESH,NONE,NONE,NONE,
obj:1898,debris,item,unspecified,./dat/objects.srv,P2,TODO,,,,SHARED_CANDIDATE:obj:1897,NONE,NONE,NONE,
obj:1899,debris,item,unspecified,./dat/objects.srv,P2,TODO,,,,SHARED_CANDIDATE:obj:1897,NONE,NONE,NONE,
obj:1900,debris,item,unspecified,./dat/objects.srv,P2,TODO,,,,SHARED_CANDIDATE:obj:1897,NONE,NONE,NONE,
obj:1988,a buried coffin,item,unspecified,./dat/objects.srv,P2,TODO,,,,MESH,NONE,NONE,NONE,
obj:1989,a buried coffin,item,unspecified,./dat/objects.srv,P2,TODO,,,,SHARED_CANDIDATE:obj:1988,NONE,NONE,NONE,
obj:1996,a stone circle,item,unspecified,./dat/objects.srv,P2,TODO,,,,MESH,NONE,NONE,NONE,
obj:1997,an unlit campfire,item,unspecified,./dat/objects.srv,P2,TODO,,,,MESH,NONE,NONE,NONE,
obj:2001,an unlit campfire,item,unspecified,./dat/objects.srv,P2,TODO,,,,SHARED_CANDIDATE:obj:1997,NONE,NONE,NONE,
obj:2025,a statue,item,unspecified,./dat/objects.srv,P2,TODO,,,,MESH,NONE,NONE,NONE,
obj:2029,a minotaur statue,item,unspecified,./dat/objects.srv,P2,TODO,,,,MESH,NONE,NONE,NONE,
obj:2044,a minotaur statue,item,unspecified,./dat/objects.srv,P2,TODO,,,,SHARED_CANDIDATE:obj:2029,NONE,NONE,NONE,
obj:2047,a goblin statue,item,unspecified,./dat/objects.srv,P2,TODO,,,,SHARED_CANDIDATE:obj:2030,NONE,NONE,NONE,
obj:2061,a statue,item,unspecified,./dat/objects.srv,P2,TODO,,,,SHARED_CANDIDATE:obj:2025,NONE,NONE,NONE,
obj:2139,a fire,item,unspecified,./dat/objects.srv,P2,TODO,,,,MESH,NONE,NONE,NONE,
obj:2140,ashes,item,unspecified,./dat/objects.srv,P2,TODO,,,,MESH,NONE,NONE,NONE,
obj:2143,ashes,item,unspecified,./dat/objects.srv,P2,TODO,,,,ALIAS_OF:obj:2139,NONE,NONE,NONE,
obj:2147,strange holes,item,unspecified,./dat/objects.srv,P2,TODO,,,,MESH,NONE,NONE,NONE,
obj:2315,a square table,item,unspecified,./dat/objects.srv,P2,TODO,,,,MESH,NONE,NONE,NONE,
obj:2316,a small round table,item,unspecified,./dat/objects.srv,P2,TODO,,,,MESH,NONE,NONE,NONE,
obj:2348,a tusk table,item,unspecified,./dat/objects.srv,P2,TODO,,,,MESH,NONE,NONE,NONE,
obj:2349,a tusk table,item,unspecified,./dat/objects.srv,P2,TODO,,,,SHARED_CANDIDATE:obj:2348,NONE,NONE,NONE,
obj:2350,a bamboo table,item,unspecified,./dat/objects.srv,P2,TODO,,,,MESH,NONE,NONE,NONE,
obj:2351,a bamboo table,item,unspecified,./dat/objects.srv,P2,TODO,,,,SHARED_CANDIDATE:obj:2350,NONE,NONE,NONE,
obj:2352,a thick trunk,item,unspecified,./dat/objects.srv,P2,TODO,,,,MESH,NONE,NONE,NONE,
obj:2354,a throne,item,unspecified,./dat/objects.srv,P2,TODO,,,,MESH,NONE,NONE,NONE,
obj:2355,a throne,item,unspecified,./dat/objects.srv,P2,TODO,,,,SHARED_CANDIDATE:obj:2354,NONE,NONE,NONE,
obj:2362,a throne,item,unspecified,./dat/objects.srv,P2,TODO,,,,SHARED_CANDIDATE:obj:2354,NONE,NONE,NONE,
obj:2366,a sofa chair,item,unspecified,./dat/objects.srv,P2,TODO,,,,MESH,NONE,NONE,NONE,
obj:2367,a sofa chair,item,unspecified,./dat/objects.srv,P2,TODO,,,,SHARED_CANDIDATE:obj:2366,NONE,NONE,NONE,
obj:2368,a sofa chair,item,unspecified,./dat/objects.srv,P2,TODO,,,,SHARED_CANDIDATE:obj:2366,NONE,NONE,NONE,
obj:2369,a sofa chair,item,unspecified,./dat/objects.srv,P2,TODO,,,,SHARED_CANDIDATE:obj:2366,NONE,NONE,NONE,
obj:2375,a red cushioned chair,item,unspecified,./dat/objects.srv,P2,TODO,,,,SHARED_CANDIDATE:obj:2374,NONE,NONE,NONE,
obj:2376,a red cushioned chair,item,unspecified,./dat/objects.srv,P2,TODO,,,,SHARED_CANDIDATE:obj:2374,NONE,NONE,NONE,
obj:2377,a red cushioned chair,item,unspecified,./dat/objects.srv,P2,TODO,,,,SHARED_CANDIDATE:obj:2374,NONE,NONE,NONE,
obj:2378,a green cushioned chair,item,unspecified,./dat/objects.srv,P2,TODO,,,,MESH,NONE,NONE,NONE,
obj:2380,a green cushioned chair,item,unspecified,./dat/objects.srv,P2,TODO,,,,SHARED_CANDIDATE:obj:2378,NONE,NONE,NONE,
obj:2381,a green cushioned chair,item,unspecified,./dat/objects.srv,P2,TODO,,,,SHARED_CANDIDATE:obj:2378,NONE,NONE,NONE,
obj:2392,a small white pillow,item,portable,./dat/objects.srv,P2,TODO,,,,MESH,NONE,NONE,NONE,
obj:2393,a heart pillow,item,portable,./dat/objects.srv,P2,TODO,,,,MESH,NONE,NONE,NONE,
obj:2394,a blue pillow,item,portable,./dat/objects.srv,P2,TODO,,,,MESH,NONE,NONE,NONE,
obj:2419,a tusk chair,item,unspecified,./dat/objects.srv,P2,TODO,,,,SHARED_CANDIDATE:obj:2418,NONE,NONE,NONE,
obj:2422,an ivory chair,item,unspecified,./dat/objects.srv,P2,TODO,,,,MESH,NONE,NONE,NONE,
obj:2423,an ivory chair,item,unspecified,./dat/objects.srv,P2,TODO,,,,SHARED_CANDIDATE:obj:2422,NONE,NONE,NONE,
obj:2424,an ivory chair,item,unspecified,./dat/objects.srv,P2,TODO,,,,SHARED_CANDIDATE:obj:2422,NONE,NONE,NONE,
obj:2426,a small trunk,item,unspecified,./dat/objects.srv,P2,TODO,,,,MESH,NONE,NONE,NONE,
obj:2453,a standing mirror,item,unspecified,./dat/objects.srv,P2,TODO,,,,MESH,NONE,NONE,NONE,
obj:2511,a grass mat,item,unspecified,./dat/objects.srv,P2,TODO,,,,MESH,NONE,NONE,NONE,
obj:2512,a grass mat,item,unspecified,./dat/objects.srv,P2,TODO,,,,SHARED_CANDIDATE:obj:2511,NONE,NONE,NONE,
obj:2513,a grass mat,item,unspecified,./dat/objects.srv,P2,TODO,,,,SHARED_CANDIDATE:obj:2511,NONE,NONE,NONE,
obj:2514,a grass mat,item,unspecified,./dat/objects.srv,P2,TODO,,,,SHARED_CANDIDATE:obj:2511,NONE,NONE,NONE,
obj:2515,a straw mat,item,unspecified,./dat/objects.srv,P2,TODO,,,,MESH,NONE,NONE,NONE,
obj:2516,a straw mat,item,unspecified,./dat/objects.srv,P2,TODO,,,,SHARED_CANDIDATE:obj:2515,NONE,NONE,NONE,
obj:2517,a straw mat,item,unspecified,./dat/objects.srv,P2,TODO,,,,SHARED_CANDIDATE:obj:2515,NONE,NONE,NONE,
obj:2518,a straw mat,item,unspecified,./dat/objects.srv,P2,TODO,,,,SHARED_CANDIDATE:obj:2515,NONE,NONE,NONE,
obj:2596,a painting,item,unspecified,./dat/objects.srv,P2,TODO,,,,MESH,NONE,NONE,NONE,
obj:2600,a tapestry,item,unspecified,./dat/objects.srv,P2,TODO,,,,SHARED_CANDIDATE:obj:2599,NONE,NONE,NONE,
obj:2601,a painting,item,unspecified,./dat/objects.srv,P2,TODO,,,,SHARED_CANDIDATE:obj:2596,NONE,NONE,NONE,
obj:2603,a wall mirror,item,unspecified,./dat/objects.srv,P2,TODO,,,,MESH,NONE,NONE,NONE,
obj:2604,a wall mirror,item,unspecified,./dat/objects.srv,P2,TODO,,,,SHARED_CANDIDATE:obj:2603,NONE,NONE,NONE,
obj:2606,an emblem,item,unspecified,./dat/objects.srv,P2,TODO,,,,MESH,NONE,NONE,NONE,
obj:2607,an emblem,item,unspecified,./dat/objects.srv,P2,TODO,,,,SHARED_CANDIDATE:obj:2606,NONE,NONE,NONE,
obj:2609,an emblem,item,unspecified,./dat/objects.srv,P2,TODO,,,,SHARED_CANDIDATE:obj:2606,NONE,NONE,NONE,
obj:2610,an emblem,item,unspecified,./dat/objects.srv,P2,TODO,,,,SHARED_CANDIDATE:obj:2606,NONE,NONE,NONE,
obj:2611,an emblem,item,unspecified,./dat/objects.srv,P2,TODO,,,,SHARED_CANDIDATE:obj:2606,NONE,NONE,NONE,
obj:2612,a painting,item,unspecified,./dat/objects.srv,P2,TODO,,,,SHARED_CANDIDATE:obj:2596,NONE,NONE,NONE,
obj:2613,a painting,item,unspecified,./dat/objects.srv,P2,TODO,,,,SHARED_CANDIDATE:obj:2596,NONE,NONE,NONE,
obj:2614,a painting,item,unspecified,./dat/objects.srv,P2,TODO,,,,SHARED_CANDIDATE:obj:2596,NONE,NONE,NONE,
obj:2615,a painting,item,unspecified,./dat/objects.srv,P2,TODO,,,,SHARED_CANDIDATE:obj:2596,NONE,NONE,NONE,
obj:2620,a painting,item,unspecified,./dat/objects.srv,P2,TODO,,,,SHARED_CANDIDATE:obj:2596,NONE,NONE,NONE,
obj:2621,a painting,item,unspecified,./dat/objects.srv,P2,TODO,,,,SHARED_CANDIDATE:obj:2596,NONE,NONE,NONE,
obj:2622,a painting,item,unspecified,./dat/objects.srv,P2,TODO,,,,SHARED_CANDIDATE:obj:2596,NONE,NONE,NONE,
obj:2623,a painting,item,unspecified,./dat/objects.srv,P2,TODO,,,,SHARED_CANDIDATE:obj:2596,NONE,NONE,NONE,
obj:2624,a painting,item,unspecified,./dat/objects.srv,P2,TODO,,,,SHARED_CANDIDATE:obj:2596,NONE,NONE,NONE,
obj:2625,a painting,item,unspecified,./dat/objects.srv,P2,TODO,,,,SHARED_CANDIDATE:obj:2596,NONE,NONE,NONE,
obj:2626,a painting,item,unspecified,./dat/objects.srv,P2,TODO,,,,SHARED_CANDIDATE:obj:2596,NONE,NONE,NONE,
obj:2627,a painting,item,unspecified,./dat/objects.srv,P2,TODO,,,,SHARED_CANDIDATE:obj:2596,NONE,NONE,NONE,
obj:2630,a wall mirror,item,unspecified,./dat/objects.srv,P2,TODO,,,,SHARED_CANDIDATE:obj:2603,NONE,NONE,NONE,
obj:2645,a green tapestry,item,unspecified,./dat/objects.srv,P2,TODO,,,,MESH,NONE,NONE,NONE,
obj:2649,a yellow tapestry,item,unspecified,./dat/objects.srv,P2,TODO,,,,SHARED_CANDIDATE:obj:2648,NONE,NONE,NONE,
obj:2651,an orange tapestry,item,unspecified,./dat/objects.srv,P2,TODO,,,,MESH,NONE,NONE,NONE,
obj:2652,an orange tapestry,item,unspecified,./dat/objects.srv,P2,TODO,,,,SHARED_CANDIDATE:obj:2651,NONE,NONE,NONE,
obj:2654,a red tapestry,item,unspecified,./dat/objects.srv,P2,TODO,,,,MESH,NONE,NONE,NONE,
obj:2655,a red tapestry,item,unspecified,./dat/objects.srv,P2,TODO,,,,SHARED_CANDIDATE:obj:2654,NONE,NONE,NONE,
obj:2658,a blue tapestry,item,unspecified,./dat/objects.srv,P2,TODO,,,,SHARED_CANDIDATE:obj:2657,NONE,NONE,NONE,
obj:2669,a demon trophy,item,unspecified,./dat/objects.srv,P2,TODO,,,,MESH,NONE,NONE,NONE,
obj:2671,a wolf trophy,item,unspecified,./dat/objects.srv,P2,TODO,,,,MESH,NONE,NONE,NONE,
obj:2673,an orc trophy,item,unspecified,./dat/objects.srv,P2,TODO,,,,MESH,NONE,NONE,NONE,
obj:2674,an orc trophy,item,unspecified,./dat/objects.srv,P2,TODO,,,,SHARED_CANDIDATE:obj:2673,NONE,NONE,NONE,
obj:2675,a behemoth trophy,item,unspecified,./dat/objects.srv,P2,TODO,,,,MESH,NONE,NONE,NONE,
obj:2676,a behemoth trophy,item,unspecified,./dat/objects.srv,P2,TODO,,,,SHARED_CANDIDATE:obj:2675,NONE,NONE,NONE,
obj:2678,a deer trophy,item,unspecified,./dat/objects.srv,P2,TODO,,,,SHARED_CANDIDATE:obj:2677,NONE,NONE,NONE,
obj:2680,a cyclops trophy,item,unspecified,./dat/objects.srv,P2,TODO,,,,SHARED_CANDIDATE:obj:2679,NONE,NONE,NONE,
obj:2681,a dragon lord trophy,item,unspecified,./dat/objects.srv,P2,TODO,,,,MESH,NONE,NONE,NONE,
obj:2683,a lion trophy,item,unspecified,./dat/objects.srv,P2,TODO,,,,MESH,NONE,NONE,NONE,
obj:2684,a lion trophy,item,unspecified,./dat/objects.srv,P2,TODO,,,,SHARED_CANDIDATE:obj:2683,NONE,NONE,NONE,
obj:2685,a minotaur trophy,item,unspecified,./dat/objects.srv,P2,TODO,,,,MESH,NONE,NONE,NONE,
obj:2687,a feather decoration,item,unspecified,./dat/objects.srv,P2,TODO,,,,MESH,NONE,NONE,NONE,
obj:2689,a dried fur,item,unspecified,./dat/objects.srv,P2,TODO,,,,MESH,NONE,NONE,NONE,
obj:2696,a bloodspot,item,unspecified,./dat/objects.srv,P2,TODO,,,,MESH,NONE,NONE,NONE,
obj:2697,a bloodspot,item,unspecified,./dat/objects.srv,P2,TODO,,,,SHARED_CANDIDATE:obj:2696,NONE,NONE,NONE,
obj:2698,a bloodspot,item,unspecified,./dat/objects.srv,P2,TODO,,,,SHARED_CANDIDATE:obj:2696,NONE,NONE,NONE,
obj:2744,some pieces of wood,item,unspecified,./dat/objects.srv,P2,TODO,,,,MESH,NONE,NONE,NONE,
obj:2852,a red tome,item,portable,./dat/objects.srv,P2,TODO,,,,MESH,NONE,NONE,NONE,
obj:2878,a broken flask,item,portable,./dat/objects.srv,P2,TODO,,,,MESH,NONE,NONE,NONE,
obj:2892,a broken bottle,item,portable,./dat/objects.srv,P2,TODO,,,,MESH,NONE,NONE,NONE,
obj:2905,a plate,item,portable,./dat/objects.srv,P2,TODO,,,,MESH,NONE,NONE,NONE,
obj:2975,a birdcage,item,unspecified,./dat/objects.srv,P2,TODO,,,,MESH,NONE,NONE,NONE,
obj:2979,a globe,item,unspecified,./dat/objects.srv,P2,TODO,,,,MESH,NONE,NONE,NONE,
obj:2980,a water pipe,item,portable,./dat/objects.srv,P2,TODO,,,,MESH,NONE,NONE,NONE,
obj:2981,god flowers,item,portable,./dat/objects.srv,P2,TODO,,,,MESH,NONE,NONE,NONE,
obj:2984,a honey flower,item,portable,./dat/objects.srv,P2,TODO,,,,MESH,NONE,NONE,NONE,
obj:2985,a potted flower,item,portable,./dat/objects.srv,P2,TODO,,,,MESH,NONE,NONE,NONE,
obj:2987,a potted flower,item,portable,./dat/objects.srv,P2,TODO,,,,SHARED_CANDIDATE:obj:2985,NONE,NONE,NONE,
obj:2988,exotic flowers,item,portable,./dat/objects.srv,P2,TODO,,,,MESH,NONE,NONE,NONE,
obj:2990,a football,item,unspecified,./dat/objects.srv,P2,TODO,,,,MESH,NONE,NONE,NONE,
obj:2991,a doll,item,portable,./dat/objects.srv,P2,TODO,,,,MESH,NONE,NONE,NONE,
obj:2993,a teddy bear,item,portable,./dat/objects.srv,P2,TODO,,,,MESH,NONE,NONE,NONE,
obj:2994,a model ship,item,portable,./dat/objects.srv,P2,TODO,,,,MESH,NONE,NONE,NONE,
obj:3002,a voodoo doll,item,portable,./dat/objects.srv,P2,TODO,,,,MESH,NONE,NONE,NONE,
obj:3005,an elven brooch,item,portable,./dat/objects.srv,P2,TODO,,,,MESH,NONE,NONE,NONE,
obj:3010,an emerald bangle,item,portable,./dat/objects.srv,P2,TODO,,,,MESH,NONE,NONE,NONE,
obj:3017,a silver brooch,item,portable,./dat/objects.srv,P2,TODO,,,,MESH,NONE,NONE,NONE,
obj:3020,some golden fruits,item,portable,./dat/objects.srv,P2,TODO,,,,MESH,NONE,NONE,NONE,
obj:3023,a holy scarab,item,portable,./dat/objects.srv,P2,TODO,,,,MESH,NONE,NONE,NONE,
obj:3036,a violet gem,item,portable,./dat/objects.srv,P2,TODO,,,,MESH,NONE,NONE,NONE,
obj:3037,a yellow gem,item,portable,./dat/objects.srv,P2,TODO,,,,MESH,NONE,NONE,NONE,
obj:3039,a red gem,item,portable,./dat/objects.srv,P2,TODO,,,,MESH,NONE,NONE,NONE,
obj:3041,a blue gem,item,portable,./dat/objects.srv,P2,TODO,,,,MESH,NONE,NONE,NONE,
obj:3064,the orb of nature,item,unspecified,./dat/objects.srv,P2,TODO,,,,MESH,NONE,NONE,NONE,
obj:3068,a crystal wand,item,portable,./dat/objects.srv,P2,TODO,,,,MESH,NONE,NONE,NONE,
obj:3076,a crystal ball,item,portable,./dat/objects.srv,P2,TODO,,,,MESH,NONE,NONE,NONE,
obj:3104,a banana skin,item,portable,./dat/objects.srv,P2,TODO,,,,MESH,NONE,NONE,NONE,
obj:3107,some wood,item,portable,./dat/objects.srv,P2,TODO,,,,MESH,NONE,NONE,NONE,
obj:3109,rubbish,item,portable,./dat/objects.srv,P2,TODO,,,,SHARED_CANDIDATE:obj:3108,NONE,NONE,NONE,
obj:3110,a piece of iron,item,portable,./dat/objects.srv,P2,TODO,,,,MESH,NONE,NONE,NONE,
obj:3113,broken pottery,item,portable,./dat/objects.srv,P2,TODO,,,,MESH,NONE,NONE,NONE,
obj:3115,a bone,item,portable,./dat/objects.srv,P2,TODO,,,,MESH,NONE,NONE,NONE,
obj:3117,broken brown glass,item,portable,./dat/objects.srv,P2,TODO,,,,MESH,NONE,NONE,NONE,
obj:3118,broken green glass,item,portable,./dat/objects.srv,P2,TODO,,,,MESH,NONE,NONE,NONE,
obj:3121,a torn book,item,portable,./dat/objects.srv,P2,TODO,,,,MESH,NONE,NONE,NONE,
obj:3122,a dirty cape,item,portable,./dat/objects.srv,P2,TODO,,,,MESH,NONE,NONE,NONE,
obj:3123,worn leather boots,item,portable,./dat/objects.srv,P2,TODO,,,,MESH,NONE,NONE,NONE,
obj:3124,a burnt scroll,item,portable,./dat/objects.srv,P2,TODO,,,,MESH,NONE,NONE,NONE,
obj:3125,remains of a fish,item,portable,./dat/objects.srv,P2,TODO,,,,MESH,NONE,NONE,NONE,
obj:3126,rubbish,item,portable,./dat/objects.srv,P2,TODO,,,,SHARED_CANDIDATE:obj:3108,NONE,NONE,NONE,
obj:3127,rubbish,item,portable,./dat/objects.srv,P2,TODO,,,,SHARED_CANDIDATE:obj:3108,NONE,NONE,NONE,
obj:3128,rubbish,item,portable,./dat/objects.srv,P2,TODO,,,,SHARED_CANDIDATE:obj:3108,NONE,NONE,NONE,
obj:3129,some leaves,item,portable,./dat/objects.srv,P2,TODO,,,,MESH,NONE,NONE,NONE,
obj:3130,twigs,item,portable,./dat/objects.srv,P2,TODO,,,,MESH,NONE,NONE,NONE,
obj:3131,burnt down firewood,item,portable,./dat/objects.srv,P2,TODO,,,,MESH,NONE,NONE,NONE,
obj:3132,an animal skull,item,unspecified,./dat/objects.srv,P2,TODO,,,,MESH,NONE,NONE,NONE,
obj:3133,humanoid remains,item,unspecified,./dat/objects.srv,P2,TODO,,,,MESH,NONE,NONE,NONE,
obj:3140,wooden trash,item,portable,./dat/objects.srv,P2,TODO,,,,SHARED_CANDIDATE:obj:3135,NONE,NONE,NONE,
obj:3147,a blank rune,item,portable,./dat/objects.srv,P2,TODO,,,,MESH,NONE,NONE,NONE,
obj:3204,your own dead body,item,unspecified,./dat/objects.srv,P2,TODO,,,,MESH,NONE,NONE,NONE,
obj:3234,a cookbook,item,portable,./dat/objects.srv,P2,TODO,,,,MESH,NONE,NONE,NONE,
obj:3247,a djinn's lamp,item,portable,./dat/objects.srv,P2,TODO,,,,MESH,NONE,NONE,NONE,
obj:3248,a portable hole,item,unspecified,./dat/objects.srv,P2,TODO,,,,MESH,NONE,NONE,NONE,
obj:3251,a blood orb,item,portable,./dat/objects.srv,P2,TODO,,,,MESH,NONE,NONE,NONE,
obj:3252,the horn of sundering,item,portable,./dat/objects.srv,P2,TODO,,,,MESH,NONE,NONE,NONE,
obj:3253,a backpack of holding,item,portable,./dat/objects.srv,P2,TODO,,,,MESH,NONE,NONE,NONE,
obj:3254,a roc feather,item,portable,./dat/objects.srv,P2,TODO,,,,MESH,NONE,NONE,NONE,
obj:3464,a baking tray,item,portable,./dat/objects.srv,P2,TODO,,,,MESH,NONE,NONE,NONE,
obj:3467,a fork,item,portable,./dat/objects.srv,P2,TODO,,,,MESH,NONE,NONE,NONE,
obj:3468,a spoon,item,portable,./dat/objects.srv,P2,TODO,,,,MESH,NONE,NONE,NONE,
obj:3470,a wooden spoon,item,portable,./dat/objects.srv,P2,TODO,,,,MESH,NONE,NONE,NONE,
obj:3472,an oven spatula,item,portable,./dat/objects.srv,P2,TODO,,,,MESH,NONE,NONE,NONE,
obj:3473,a rolling pin,item,portable,./dat/objects.srv,P2,TODO,,,,MESH,NONE,NONE,NONE,
obj:3485,a telescope,item,unspecified,./dat/objects.srv,P2,TODO,,,,SHARED_CANDIDATE:obj:3484,NONE,NONE,NONE,
obj:3509,an inkwell,item,portable,./dat/objects.srv,P2,TODO,,,,MESH,NONE,NONE,NONE,
obj:3535,a white pawn,item,portable,./dat/objects.srv,P2,TODO,,,,MESH,NONE,NONE,NONE,
obj:3536,a white castle,item,portable,./dat/objects.srv,P2,TODO,,,,MESH,NONE,NONE,NONE,
obj:3537,a white knight,item,portable,./dat/objects.srv,P2,TODO,,,,MESH,NONE,NONE,NONE,
obj:3538,a white bishop,item,portable,./dat/objects.srv,P2,TODO,,,,MESH,NONE,NONE,NONE,
obj:3539,the white queen,item,portable,./dat/objects.srv,P2,TODO,,,,MESH,NONE,NONE,NONE,
obj:3540,the white king,item,portable,./dat/objects.srv,P2,TODO,,,,MESH,NONE,NONE,NONE,
obj:3541,a black pawn,item,portable,./dat/objects.srv,P2,TODO,,,,MESH,NONE,NONE,NONE,
obj:3542,a black castle,item,portable,./dat/objects.srv,P2,TODO,,,,MESH,NONE,NONE,NONE,
obj:3543,a black knight,item,portable,./dat/objects.srv,P2,TODO,,,,MESH,NONE,NONE,NONE,
obj:3544,a black bishop,item,portable,./dat/objects.srv,P2,TODO,,,,MESH,NONE,NONE,NONE,
obj:3545,the black queen,item,portable,./dat/objects.srv,P2,TODO,,,,MESH,NONE,NONE,NONE,
obj:3546,the black king,item,portable,./dat/objects.srv,P2,TODO,,,,MESH,NONE,NONE,NONE,
obj:3658,a red rose,item,portable,./dat/objects.srv,P2,TODO,,,,MESH,NONE,NONE,NONE,
obj:3659,a blue rose,item,portable,./dat/objects.srv,P2,TODO,,,,MESH,NONE,NONE,NONE,
obj:3660,a yellow rose,item,portable,./dat/objects.srv,P2,TODO,,,,MESH,NONE,NONE,NONE,
obj:3661,a grave flower,item,portable,./dat/objects.srv,P2,TODO,,,,MESH,NONE,NONE,NONE,
obj:3662,a love flower,item,unspecified,./dat/objects.srv,P2,TODO,,,,MESH,NONE,NONE,NONE,
obj:3663,a royal blossom,item,unspecified,./dat/objects.srv,P2,TODO,,,,MESH,NONE,NONE,NONE,
obj:3664,a royal blossom,item,unspecified,./dat/objects.srv,P2,TODO,,,,SHARED_CANDIDATE:obj:3663,NONE,NONE,NONE,
obj:3665,a royal blossom,item,unspecified,./dat/objects.srv,P2,TODO,,,,SHARED_CANDIDATE:obj:3663,NONE,NONE,NONE,
obj:3666,some sunflowers,item,unspecified,./dat/objects.srv,P2,TODO,,,,MESH,NONE,NONE,NONE,
obj:3667,a sunflower,item,unspecified,./dat/objects.srv,P2,TODO,,,,MESH,NONE,NONE,NONE,
obj:3668,a tulip,item,portable,./dat/objects.srv,P2,TODO,,,,MESH,NONE,NONE,NONE,
obj:3673,an orange star,item,portable,./dat/objects.srv,P2,TODO,,,,MESH,NONE,NONE,NONE,
obj:3674,a goat grass,item,portable,./dat/objects.srv,P2,TODO,,,,MESH,NONE,NONE,NONE,
obj:3675,an orchid,item,unspecified,./dat/objects.srv,P2,TODO,,,,MESH,NONE,NONE,NONE,
obj:3959,a giant tree root,item,unspecified,./dat/objects.srv,P2,TODO,,,,MESH,NONE,NONE,NONE,
obj:3960,a giant tree root,item,unspecified,./dat/objects.srv,P2,TODO,,,,SHARED_CANDIDATE:obj:3959,NONE,NONE,NONE,
obj:3961,a giant tree root,item,unspecified,./dat/objects.srv,P2,TODO,,,,SHARED_CANDIDATE:obj:3959,NONE,NONE,NONE,
obj:3962,a giant tree root,item,unspecified,./dat/objects.srv,P2,TODO,,,,SHARED_CANDIDATE:obj:3959,NONE,NONE,NONE,
obj:3965,a giant tree root,item,unspecified,./dat/objects.srv,P2,TODO,,,,SHARED_CANDIDATE:obj:3959,NONE,NONE,NONE,
obj:3966,a giant tree root,item,unspecified,./dat/objects.srv,P2,TODO,,,,SHARED_CANDIDATE:obj:3959,NONE,NONE,NONE,
obj:3967,a giant tree root,item,unspecified,./dat/objects.srv,P2,TODO,,,,SHARED_CANDIDATE:obj:3959,NONE,NONE,NONE,
obj:3968,a giant tree root,item,unspecified,./dat/objects.srv,P2,TODO,,,,SHARED_CANDIDATE:obj:3959,NONE,NONE,NONE,
obj:3969,a giant tree root,item,unspecified,./dat/objects.srv,P2,TODO,,,,SHARED_CANDIDATE:obj:3959,NONE,NONE,NONE,
obj:3970,a giant tree root,item,unspecified,./dat/objects.srv,P2,TODO,,,,SHARED_CANDIDATE:obj:3959,NONE,NONE,NONE,
obj:3971,a giant tree root,item,unspecified,./dat/objects.srv,P2,TODO,,,,SHARED_CANDIDATE:obj:3959,NONE,NONE,NONE,
obj:3972,a giant tree root,item,unspecified,./dat/objects.srv,P2,TODO,,,,SHARED_CANDIDATE:obj:3959,NONE,NONE,NONE,
obj:3973,a giant tree root,item,unspecified,./dat/objects.srv,P2,TODO,,,,SHARED_CANDIDATE:obj:3959,NONE,NONE,NONE,
obj:3974,a giant tree root,item,unspecified,./dat/objects.srv,P2,TODO,,,,SHARED_CANDIDATE:obj:3959,NONE,NONE,NONE,
obj:4259,a dead snake,item,portable,./dat/objects.srv,P2,TODO,,,,MESH,NONE,NONE,NONE,
obj:4260,a dead snake,item,portable,./dat/objects.srv,P2,TODO,,,,SHARED_CANDIDATE:obj:4259,NONE,NONE,NONE,
obj:4261,a dead snake,item,portable,./dat/objects.srv,P2,TODO,,,,SHARED_CANDIDATE:obj:4259,NONE,NONE,NONE,
obj:4263,a dead orc,item,portable,./dat/objects.srv,P2,TODO,,,,MESH,NONE,NONE,NONE,
obj:4264,a dead spider,item,portable,./dat/objects.srv,P2,TODO,,,,MESH,NONE,NONE,NONE,
obj:4265,a dead spider,item,portable,./dat/objects.srv,P2,TODO,,,,SHARED_CANDIDATE:obj:4264,NONE,NONE,NONE,
obj:4267,a dead rotworm,item,unspecified,./dat/objects.srv,P2,TODO,,,,MESH,NONE,NONE,NONE,
obj:4271,a pile of bones,item,portable,./dat/objects.srv,P2,TODO,,,,SHARED_CANDIDATE:obj:4254,NONE,NONE,NONE,
obj:4275,a dead minotaur,item,portable,./dat/objects.srv,P2,TODO,,,,MESH,NONE,NONE,NONE,
obj:4276,a pile of bones,item,portable,./dat/objects.srv,P2,TODO,,,,SHARED_CANDIDATE:obj:4254,NONE,NONE,NONE,
obj:4280,a pile of bones,item,portable,./dat/objects.srv,P2,TODO,,,,SHARED_CANDIDATE:obj:4254,NONE,NONE,NONE,
obj:4283,a dead dog,item,portable,./dat/objects.srv,P2,TODO,,,,MESH,NONE,NONE,NONE,
obj:4284,a pile of bones,item,portable,./dat/objects.srv,P2,TODO,,,,SHARED_CANDIDATE:obj:4254,NONE,NONE,NONE,
obj:4289,a pile of bones,item,unspecified,./dat/objects.srv,P2,TODO,,,,SHARED_CANDIDATE:obj:4254,NONE,NONE,NONE,
obj:4292,a dead bear,item,unspecified,./dat/objects.srv,P2,TODO,,,,MESH,NONE,NONE,NONE,
obj:4293,a dead bear,item,unspecified,./dat/objects.srv,P2,TODO,,,,SHARED_CANDIDATE:obj:4292,NONE,NONE,NONE,
obj:4294,a pile of bones,item,unspecified,./dat/objects.srv,P2,TODO,,,,SHARED_CANDIDATE:obj:4254,NONE,NONE,NONE,
obj:4296,a slain ghoul,item,portable,./dat/objects.srv,P2,TODO,,,,MESH,NONE,NONE,NONE,
obj:4297,a slain ghoul,item,portable,./dat/objects.srv,P2,TODO,,,,SHARED_CANDIDATE:obj:4296,NONE,NONE,NONE,
obj:4298,a pile of bones,item,portable,./dat/objects.srv,P2,TODO,,,,SHARED_CANDIDATE:obj:4254,NONE,NONE,NONE,
obj:4299,a dead cyclops,item,unspecified,./dat/objects.srv,P2,TODO,,,,MESH,NONE,NONE,NONE,
obj:4300,a pile of bones,item,unspecified,./dat/objects.srv,P2,TODO,,,,SHARED_CANDIDATE:obj:4254,NONE,NONE,NONE,
obj:4303,a dead rabbit,item,portable,./dat/objects.srv,P2,TODO,,,,SHARED_CANDIDATE:obj:4302,NONE,NONE,NONE,
obj:4306,a pile of bones,item,unspecified,./dat/objects.srv,P2,TODO,,,,SHARED_CANDIDATE:obj:4254,NONE,NONE,NONE,
obj:4307,a pile of bones,item,unspecified,./dat/objects.srv,P2,TODO,,,,SHARED_CANDIDATE:obj:4254,NONE,NONE,NONE,
obj:4308,a pile of bones,item,unspecified,./dat/objects.srv,P2,TODO,,,,SHARED_CANDIDATE:obj:4254,NONE,NONE,NONE,
obj:4309,a pile of bones,item,unspecified,./dat/objects.srv,P2,TODO,,,,SHARED_CANDIDATE:obj:4254,NONE,NONE,NONE,
obj:4313,a corpse,item,portable,./dat/objects.srv,P2,TODO,,,,MESH,NONE,NONE,NONE,
obj:4314,a corpse,item,portable,./dat/objects.srv,P2,TODO,,,,SHARED_CANDIDATE:obj:4313,NONE,NONE,NONE,
obj:4315,a skeleton,item,portable,./dat/objects.srv,P2,TODO,,,,MESH,NONE,NONE,NONE,
obj:4316,a skeleton,item,portable,./dat/objects.srv,P2,TODO,,,,SHARED_CANDIDATE:obj:4315,NONE,NONE,NONE,
obj:4317,some bones,item,portable,./dat/objects.srv,P2,TODO,,,,MESH,NONE,NONE,NONE,
obj:477,a pedestal,item,unspecified,./dat/objects.srv,P2,TODO,,,,MESH,NONE,NONE,NONE,
obj:4857,a red carpet,item,unspecified,./dat/objects.srv,P2,TODO,,,,SHARED_CANDIDATE:obj:4854,NONE,NONE,NONE,
obj:4858,a red carpet,item,unspecified,./dat/objects.srv,P2,TODO,,,,SHARED_CANDIDATE:obj:4854,NONE,NONE,NONE,
obj:4859,a red carpet,item,unspecified,./dat/objects.srv,P2,TODO,,,,SHARED_CANDIDATE:obj:4854,NONE,NONE,NONE,
obj:4860,a red carpet,item,unspecified,./dat/objects.srv,P2,TODO,,,,SHARED_CANDIDATE:obj:4854,NONE,NONE,NONE,
obj:4861,a red carpet,item,unspecified,./dat/objects.srv,P2,TODO,,,,SHARED_CANDIDATE:obj:4854,NONE,NONE,NONE,
obj:4862,a red carpet,item,unspecified,./dat/objects.srv,P2,TODO,,,,SHARED_CANDIDATE:obj:4854,NONE,NONE,NONE,
obj:4979,a hawser,item,unspecified,./dat/objects.srv,P2,TODO,,,,MESH,NONE,NONE,NONE,
obj:4980,a hawser,item,unspecified,./dat/objects.srv,P2,TODO,,,,SHARED_CANDIDATE:obj:4979,NONE,NONE,NONE,
obj:4981,a hawser,item,unspecified,./dat/objects.srv,P2,TODO,,,,SHARED_CANDIDATE:obj:4979,NONE,NONE,NONE,
obj:4984,a hawser,item,unspecified,./dat/objects.srv,P2,TODO,,,,SHARED_CANDIDATE:obj:4979,NONE,NONE,NONE,
obj:4985,a hawser,item,unspecified,./dat/objects.srv,P2,TODO,,,,SHARED_CANDIDATE:obj:4979,NONE,NONE,NONE,
obj:4986,a hawser,item,unspecified,./dat/objects.srv,P2,TODO,,,,SHARED_CANDIDATE:obj:4979,NONE,NONE,NONE,
obj:4998,a hawser,item,unspecified,./dat/objects.srv,P2,TODO,,,,SHARED_CANDIDATE:obj:4979,NONE,NONE,NONE,
obj:5000,a hawser,item,unspecified,./dat/objects.srv,P2,TODO,,,,SHARED_CANDIDATE:obj:4979,NONE,NONE,NONE,
obj:5015,a skull,item,unspecified,./dat/objects.srv,P2,TODO,,,,SHARED_CANDIDATE:obj:3114,NONE,NONE,NONE,
obj:5016,a skull,item,unspecified,./dat/objects.srv,P2,TODO,,,,SHARED_CANDIDATE:obj:3114,NONE,NONE,NONE,
obj:5017,some skulls,item,unspecified,./dat/objects.srv,P2,TODO,,,,MESH,NONE,NONE,NONE,
obj:5018,some skulls,item,unspecified,./dat/objects.srv,P2,TODO,,,,SHARED_CANDIDATE:obj:5017,NONE,NONE,NONE,
obj:5045,a flat roof,item,unspecified,./dat/objects.srv,P2,TODO,,,,MESH,NONE,NONE,NONE,
obj:5047,a flat roof,item,unspecified,./dat/objects.srv,P2,TODO,,,,SHARED_CANDIDATE:obj:5045,NONE,NONE,NONE,
obj:5051,a flat roof,item,unspecified,./dat/objects.srv,P2,TODO,,,,SHARED_CANDIDATE:obj:5045,NONE,NONE,NONE,
obj:5057,a snake head,item,unspecified,./dat/objects.srv,P2,TODO,,,,MESH,NONE,NONE,NONE,
obj:5058,a small snake head,item,unspecified,./dat/objects.srv,P2,TODO,,,,MESH,NONE,NONE,NONE,
obj:5059,a small snake head,item,unspecified,./dat/objects.srv,P2,TODO,,,,SHARED_CANDIDATE:obj:5058,NONE,NONE,NONE,
obj:5060,a small snake head,item,unspecified,./dat/objects.srv,P2,TODO,,,,SHARED_CANDIDATE:obj:5058,NONE,NONE,NONE,
obj:571,wooden floor,item,unspecified,./dat/objects.srv,P2,TODO,,,,MESH,NONE,NONE,NONE,
obj:572,wooden floor,item,unspecified,./dat/objects.srv,P2,TODO,,,,SHARED_CANDIDATE:obj:571,NONE,NONE,NONE,
obj:573,a broken stone tile,item,unspecified,./dat/objects.srv,P2,TODO,,,,MESH,NONE,NONE,NONE,
obj:574,a broken stone tile,item,unspecified,./dat/objects.srv,P2,TODO,,,,SHARED_CANDIDATE:obj:573,NONE,NONE,NONE,
obj:575,a broken stone tile,item,unspecified,./dat/objects.srv,P2,TODO,,,,SHARED_CANDIDATE:obj:573,NONE,NONE,NONE,
obj:576,a broken stone tile,item,unspecified,./dat/objects.srv,P2,TODO,,,,SHARED_CANDIDATE:obj:573,NONE,NONE,NONE,
obj:577,a broken stone tile,item,unspecified,./dat/objects.srv,P2,TODO,,,,SHARED_CANDIDATE:obj:573,NONE,NONE,NONE,
obj:578,a broken stone tile,item,unspecified,./dat/objects.srv,P2,TODO,,,,SHARED_CANDIDATE:obj:573,NONE,NONE,NONE,
obj:579,a broken stone tile,item,unspecified,./dat/objects.srv,P2,TODO,,,,SHARED_CANDIDATE:obj:573,NONE,NONE,NONE,
obj:580,a broken stone tile,item,unspecified,./dat/objects.srv,P2,TODO,,,,SHARED_CANDIDATE:obj:573,NONE,NONE,NONE,
obj:581,a broken stone tile,item,unspecified,./dat/objects.srv,P2,TODO,,,,SHARED_CANDIDATE:obj:573,NONE,NONE,NONE,
obj:582,a broken stone tile,item,unspecified,./dat/objects.srv,P2,TODO,,,,SHARED_CANDIDATE:obj:573,NONE,NONE,NONE,
obj:583,a broken stone tile,item,unspecified,./dat/objects.srv,P2,TODO,,,,SHARED_CANDIDATE:obj:573,NONE,NONE,NONE,
obj:584,a broken stone tile,item,unspecified,./dat/objects.srv,P2,TODO,,,,SHARED_CANDIDATE:obj:573,NONE,NONE,NONE,
obj:585,a broken stone tile,item,unspecified,./dat/objects.srv,P2,TODO,,,,SHARED_CANDIDATE:obj:573,NONE,NONE,NONE,
obj:586,a broken stone tile,item,unspecified,./dat/objects.srv,P2,TODO,,,,SHARED_CANDIDATE:obj:573,NONE,NONE,NONE,
obj:587,a broken stone tile,item,unspecified,./dat/objects.srv,P2,TODO,,,,SHARED_CANDIDATE:obj:573,NONE,NONE,NONE,
obj:588,a broken stone tile,item,unspecified,./dat/objects.srv,P2,TODO,,,,SHARED_CANDIDATE:obj:573,NONE,NONE,NONE,
outfit:1,outfit 1,outfit,creature_or_npc,./mon/*.mon and ./npc/*.npc Outfit fields,P2,TODO,,,,SKELETAL_MESH,REQUIRED,REQUIRED,NONE,
outfit:10,outfit 10,outfit,creature_or_npc,./mon/*.mon and ./npc/*.npc Outfit fields,P2,TODO,,,,SKELETAL_MESH,REQUIRED,REQUIRED,NONE,
outfit:100,outfit 100,outfit,creature_or_npc,./mon/*.mon and ./npc/*.npc Outfit fields,P2,TODO,,,,SKELETAL_MESH,REQUIRED,REQUIRED,NONE,
outfit:101,outfit 101,outfit,creature_or_npc,./mon/*.mon and ./npc/*.npc Outfit fields,P2,TODO,,,,SKELETAL_MESH,REQUIRED,REQUIRED,NONE,
outfit:102,outfit 102,outfit,creature_or_npc,./mon/*.mon and ./npc/*.npc Outfit fields,P2,TODO,,,,SKELETAL_MESH,REQUIRED,REQUIRED,NONE,
outfit:103,outfit 103,outfit,creature_or_npc,./mon/*.mon and ./npc/*.npc Outfit fields,P2,TODO,,,,SKELETAL_MESH,REQUIRED,REQUIRED,NONE,
outfit:104,outfit 104,outfit,creature_or_npc,./mon/*.mon and ./npc/*.npc Outfit fields,P2,TODO,,,,SKELETAL_MESH,REQUIRED,REQUIRED,NONE,
outfit:105,outfit 105,outfit,creature_or_npc,./mon/*.mon and ./npc/*.npc Outfit fields,P2,TODO,,,,SKELETAL_MESH,REQUIRED,REQUIRED,NONE,
outfit:106,outfit 106,outfit,creature_or_npc,./mon/*.mon and ./npc/*.npc Outfit fields,P2,TODO,,,,SKELETAL_MESH,REQUIRED,REQUIRED,NONE,
outfit:107,outfit 107,outfit,creature_or_npc,./mon/*.mon and ./npc/*.npc Outfit fields,P2,TODO,,,,SKELETAL_MESH,REQUIRED,REQUIRED,NONE,
outfit:108,outfit 108,outfit,creature_or_npc,./mon/*.mon and ./npc/*.npc Outfit fields,P2,TODO,,,,SKELETAL_MESH,REQUIRED,REQUIRED,NONE,
outfit:109,outfit 109,outfit,creature_or_npc,./mon/*.mon and ./npc/*.npc Outfit fields,P2,TODO,,,,SKELETAL_MESH,REQUIRED,REQUIRED,NONE,
outfit:110,outfit 110,outfit,creature_or_npc,./mon/*.mon and ./npc/*.npc Outfit fields,P2,TODO,,,,SKELETAL_MESH,REQUIRED,REQUIRED,NONE,
outfit:111,outfit 111,outfit,creature_or_npc,./mon/*.mon and ./npc/*.npc Outfit fields,P2,TODO,,,,SKELETAL_MESH,REQUIRED,REQUIRED,NONE,
outfit:112,outfit 112,outfit,creature_or_npc,./mon/*.mon and ./npc/*.npc Outfit fields,P2,TODO,,,,SKELETAL_MESH,REQUIRED,REQUIRED,NONE,
outfit:113,outfit 113,outfit,creature_or_npc,./mon/*.mon and ./npc/*.npc Outfit fields,P2,TODO,,,,SKELETAL_MESH,REQUIRED,REQUIRED,NONE,
outfit:114,outfit 114,outfit,creature_or_npc,./mon/*.mon and ./npc/*.npc Outfit fields,P2,TODO,,,,SKELETAL_MESH,REQUIRED,REQUIRED,NONE,
outfit:115,outfit 115,outfit,creature_or_npc,./mon/*.mon and ./npc/*.npc Outfit fields,P2,TODO,,,,SKELETAL_MESH,REQUIRED,REQUIRED,NONE,
outfit:116,outfit 116,outfit,creature_or_npc,./mon/*.mon and ./npc/*.npc Outfit fields,P2,TODO,,,,SKELETAL_MESH,REQUIRED,REQUIRED,NONE,
outfit:117,outfit 117,outfit,creature_or_npc,./mon/*.mon and ./npc/*.npc Outfit fields,P2,TODO,,,,SKELETAL_MESH,REQUIRED,REQUIRED,NONE,
outfit:118,outfit 118,outfit,creature_or_npc,./mon/*.mon and ./npc/*.npc Outfit fields,P2,TODO,,,,SKELETAL_MESH,REQUIRED,REQUIRED,NONE,
outfit:119,outfit 119,outfit,creature_or_npc,./mon/*.mon and ./npc/*.npc Outfit fields,P2,TODO,,,,SKELETAL_MESH,REQUIRED,REQUIRED,NONE,
outfit:120,outfit 120,outfit,creature_or_npc,./mon/*.mon and ./npc/*.npc Outfit fields,P2,TODO,,,,SKELETAL_MESH,REQUIRED,REQUIRED,NONE,
outfit:121,outfit 121,outfit,creature_or_npc,./mon/*.mon and ./npc/*.npc Outfit fields,P2,TODO,,,,SKELETAL_MESH,REQUIRED,REQUIRED,NONE,
outfit:122,outfit 122,outfit,creature_or_npc,./mon/*.mon and ./npc/*.npc Outfit fields,P2,TODO,,,,SKELETAL_MESH,REQUIRED,REQUIRED,NONE,
outfit:123,outfit 123,outfit,creature_or_npc,./mon/*.mon and ./npc/*.npc Outfit fields,P2,TODO,,,,SKELETAL_MESH,REQUIRED,REQUIRED,NONE,
outfit:124,outfit 124,outfit,creature_or_npc,./mon/*.mon and ./npc/*.npc Outfit fields,P2,TODO,,,,SKELETAL_MESH,REQUIRED,REQUIRED,NONE,
outfit:125,outfit 125,outfit,creature_or_npc,./mon/*.mon and ./npc/*.npc Outfit fields,P2,TODO,,,,SKELETAL_MESH,REQUIRED,REQUIRED,NONE,
outfit:128,outfit 128,outfit,creature_or_npc,./mon/*.mon and ./npc/*.npc Outfit fields,P2,TODO,,,,SKELETAL_MESH,REQUIRED,REQUIRED,NONE,
outfit:129,outfit 129,outfit,creature_or_npc,./mon/*.mon and ./npc/*.npc Outfit fields,P2,TODO,,,,SKELETAL_MESH,REQUIRED,REQUIRED,NONE,
outfit:13,outfit 13,outfit,creature_or_npc,./mon/*.mon and ./npc/*.npc Outfit fields,P2,TODO,,,,SKELETAL_MESH,REQUIRED,REQUIRED,NONE,
outfit:130,outfit 130,outfit,creature_or_npc,./mon/*.mon and ./npc/*.npc Outfit fields,P2,TODO,,,,SKELETAL_MESH,REQUIRED,REQUIRED,NONE,
outfit:131,outfit 131,outfit,creature_or_npc,./mon/*.mon and ./npc/*.npc Outfit fields,P2,TODO,,,,SKELETAL_MESH,REQUIRED,REQUIRED,NONE,
outfit:132,outfit 132,outfit,creature_or_npc,./mon/*.mon and ./npc/*.npc Outfit fields,P2,TODO,,,,SKELETAL_MESH,REQUIRED,REQUIRED,NONE,
outfit:133,outfit 133,outfit,creature_or_npc,./mon/*.mon and ./npc/*.npc Outfit fields,P2,TODO,,,,SKELETAL_MESH,REQUIRED,REQUIRED,NONE,
outfit:134,outfit 134,outfit,creature_or_npc,./mon/*.mon and ./npc/*.npc Outfit fields,P2,TODO,,,,SKELETAL_MESH,REQUIRED,REQUIRED,NONE,
outfit:136,outfit 136,outfit,creature_or_npc,./mon/*.mon and ./npc/*.npc Outfit fields,P2,TODO,,,,SKELETAL_MESH,REQUIRED,REQUIRED,NONE,
outfit:137,outfit 137,outfit,creature_or_npc,./mon/*.mon and ./npc/*.npc Outfit fields,P2,TODO,,,,SKELETAL_MESH,REQUIRED,REQUIRED,NONE,
outfit:138,outfit 138,outfit,creature_or_npc,./mon/*.mon and ./npc/*.npc Outfit fields,P2,TODO,,,,SKELETAL_MESH,REQUIRED,REQUIRED,NONE,
outfit:139,outfit 139,outfit,creature_or_npc,./mon/*.mon and ./npc/*.npc Outfit fields,P2,TODO,,,,SKELETAL_MESH,REQUIRED,REQUIRED,NONE,
outfit:14,outfit 14,outfit,creature_or_npc,./mon/*.mon and ./npc/*.npc Outfit fields,P2,TODO,,,,SKELETAL_MESH,REQUIRED,REQUIRED,NONE,
outfit:140,outfit 140,outfit,creature_or_npc,./mon/*.mon and ./npc/*.npc Outfit fields,P2,TODO,,,,SKELETAL_MESH,REQUIRED,REQUIRED,NONE,
outfit:144,outfit 144,outfit,creature_or_npc,./mon/*.mon and ./npc/*.npc Outfit fields,P2,TODO,,,,SKELETAL_MESH,REQUIRED,REQUIRED,NONE,
outfit:15,outfit 15,outfit,creature_or_npc,./mon/*.mon and ./npc/*.npc Outfit fields,P2,TODO,,,,SKELETAL_MESH,REQUIRED,REQUIRED,NONE,
outfit:16,outfit 16,outfit,creature_or_npc,./mon/*.mon and ./npc/*.npc Outfit fields,P2,TODO,,,,SKELETAL_MESH,REQUIRED,REQUIRED,NONE,
outfit:160,outfit 160,outfit,creature_or_npc,./mon/*.mon and ./npc/*.npc Outfit fields,P2,TODO,,,,SKELETAL_MESH,REQUIRED,REQUIRED,NONE,
outfit:17,outfit 17,outfit,creature_or_npc,./mon/*.mon and ./npc/*.npc Outfit fields,P2,TODO,,,,SKELETAL_MESH,REQUIRED,REQUIRED,NONE,
outfit:18,outfit 18,outfit,creature_or_npc,./mon/*.mon and ./npc/*.npc Outfit fields,P2,TODO,,,,SKELETAL_MESH,REQUIRED,REQUIRED,NONE,
outfit:19,outfit 19,outfit,creature_or_npc,./mon/*.mon and ./npc/*.npc Outfit fields,P2,TODO,,,,SKELETAL_MESH,REQUIRED,REQUIRED,NONE,
outfit:2,outfit 2,outfit,creature_or_npc,./mon/*.mon and ./npc/*.npc Outfit fields,P2,TODO,,,,SKELETAL_MESH,REQUIRED,REQUIRED,NONE,
outfit:201,outfit 201,outfit,creature_or_npc,./mon/*.mon and ./npc/*.npc Outfit fields,P2,TODO,,,,SKELETAL_MESH,REQUIRED,REQUIRED,NONE,
outfit:202,outfit 202,outfit,creature_or_npc,./mon/*.mon and ./npc/*.npc Outfit fields,P2,TODO,,,,SKELETAL_MESH,REQUIRED,REQUIRED,NONE,
outfit:203,outfit 203,outfit,creature_or_npc,./mon/*.mon and ./npc/*.npc Outfit fields,P2,TODO,,,,SKELETAL_MESH,REQUIRED,REQUIRED,NONE,
outfit:204,outfit 204,outfit,creature_or_npc,./mon/*.mon and ./npc/*.npc Outfit fields,P2,TODO,,,,SKELETAL_MESH,REQUIRED,REQUIRED,NONE,
outfit:205,outfit 205,outfit,creature_or_npc,./mon/*.mon and ./npc/*.npc Outfit fields,P2,TODO,,,,SKELETAL_MESH,REQUIRED,REQUIRED,NONE,
outfit:206,outfit 206,outfit,creature_or_npc,./mon/*.mon and ./npc/*.npc Outfit fields,P2,TODO,,,,SKELETAL_MESH,REQUIRED,REQUIRED,NONE,
outfit:207,outfit 207,outfit,creature_or_npc,./mon/*.mon and ./npc/*.npc Outfit fields,P2,TODO,,,,SKELETAL_MESH,REQUIRED,REQUIRED,NONE,
outfit:208,outfit 208,outfit,creature_or_npc,./mon/*.mon and ./npc/*.npc Outfit fields,P2,TODO,,,,SKELETAL_MESH,REQUIRED,REQUIRED,NONE,
outfit:209,outfit 209,outfit,creature_or_npc,./mon/*.mon and ./npc/*.npc Outfit fields,P2,TODO,,,,SKELETAL_MESH,REQUIRED,REQUIRED,NONE,
outfit:21,outfit 21,outfit,creature_or_npc,./mon/*.mon and ./npc/*.npc Outfit fields,P2,TODO,,,,SKELETAL_MESH,REQUIRED,REQUIRED,NONE,
outfit:210,outfit 210,outfit,creature_or_npc,./mon/*.mon and ./npc/*.npc Outfit fields,P2,TODO,,,,SKELETAL_MESH,REQUIRED,REQUIRED,NONE,
outfit:211,outfit 211,outfit,creature_or_npc,./mon/*.mon and ./npc/*.npc Outfit fields,P2,TODO,,,,SKELETAL_MESH,REQUIRED,REQUIRED,NONE,
outfit:212,outfit 212,outfit,creature_or_npc,./mon/*.mon and ./npc/*.npc Outfit fields,P2,TODO,,,,SKELETAL_MESH,REQUIRED,REQUIRED,NONE,
outfit:213,outfit 213,outfit,creature_or_npc,./mon/*.mon and ./npc/*.npc Outfit fields,P2,TODO,,,,SKELETAL_MESH,REQUIRED,REQUIRED,NONE,
outfit:214,outfit 214,outfit,creature_or_npc,./mon/*.mon and ./npc/*.npc Outfit fields,P2,TODO,,,,SKELETAL_MESH,REQUIRED,REQUIRED,NONE,
outfit:215,outfit 215,outfit,creature_or_npc,./mon/*.mon and ./npc/*.npc Outfit fields,P2,TODO,,,,SKELETAL_MESH,REQUIRED,REQUIRED,NONE,
outfit:216,outfit 216,outfit,creature_or_npc,./mon/*.mon and ./npc/*.npc Outfit fields,P2,TODO,,,,SKELETAL_MESH,REQUIRED,REQUIRED,NONE,
outfit:217,outfit 217,outfit,creature_or_npc,./mon/*.mon and ./npc/*.npc Outfit fields,P2,TODO,,,,SKELETAL_MESH,REQUIRED,REQUIRED,NONE,
outfit:218,outfit 218,outfit,creature_or_npc,./mon/*.mon and ./npc/*.npc Outfit fields,P2,TODO,,,,SKELETAL_MESH,REQUIRED,REQUIRED,NONE,
outfit:219,outfit 219,outfit,creature_or_npc,./mon/*.mon and ./npc/*.npc Outfit fields,P2,TODO,,,,SKELETAL_MESH,REQUIRED,REQUIRED,NONE,
outfit:22,outfit 22,outfit,creature_or_npc,./mon/*.mon and ./npc/*.npc Outfit fields,P2,TODO,,,,SKELETAL_MESH,REQUIRED,REQUIRED,NONE,
outfit:220,outfit 220,outfit,creature_or_npc,./mon/*.mon and ./npc/*.npc Outfit fields,P2,TODO,,,,SKELETAL_MESH,REQUIRED,REQUIRED,NONE,
outfit:221,outfit 221,outfit,creature_or_npc,./mon/*.mon and ./npc/*.npc Outfit fields,P2,TODO,,,,SKELETAL_MESH,REQUIRED,REQUIRED,NONE,
outfit:225,outfit 225,outfit,creature_or_npc,./mon/*.mon and ./npc/*.npc Outfit fields,P2,TODO,,,,SKELETAL_MESH,REQUIRED,REQUIRED,NONE,
outfit:227,outfit 227,outfit,creature_or_npc,./mon/*.mon and ./npc/*.npc Outfit fields,P2,TODO,,,,SKELETAL_MESH,REQUIRED,REQUIRED,NONE,
outfit:228,outfit 228,outfit,creature_or_npc,./mon/*.mon and ./npc/*.npc Outfit fields,P2,TODO,,,,SKELETAL_MESH,REQUIRED,REQUIRED,NONE,
outfit:23,outfit 23,outfit,creature_or_npc,./mon/*.mon and ./npc/*.npc Outfit fields,P2,TODO,,,,SKELETAL_MESH,REQUIRED,REQUIRED,NONE,
outfit:24,outfit 24,outfit,creature_or_npc,./mon/*.mon and ./npc/*.npc Outfit fields,P2,TODO,,,,SKELETAL_MESH,REQUIRED,REQUIRED,NONE,
outfit:25,outfit 25,outfit,creature_or_npc,./mon/*.mon and ./npc/*.npc Outfit fields,P2,TODO,,,,SKELETAL_MESH,REQUIRED,REQUIRED,NONE,
outfit:26,outfit 26,outfit,creature_or_npc,./mon/*.mon and ./npc/*.npc Outfit fields,P2,TODO,,,,SKELETAL_MESH,REQUIRED,REQUIRED,NONE,
outfit:27,outfit 27,outfit,creature_or_npc,./mon/*.mon and ./npc/*.npc Outfit fields,P2,TODO,,,,SKELETAL_MESH,REQUIRED,REQUIRED,NONE,
outfit:28,outfit 28,outfit,creature_or_npc,./mon/*.mon and ./npc/*.npc Outfit fields,P2,TODO,,,,SKELETAL_MESH,REQUIRED,REQUIRED,NONE,
outfit:29,outfit 29,outfit,creature_or_npc,./mon/*.mon and ./npc/*.npc Outfit fields,P2,TODO,,,,SKELETAL_MESH,REQUIRED,REQUIRED,NONE,
outfit:3,outfit 3,outfit,creature_or_npc,./mon/*.mon and ./npc/*.npc Outfit fields,P2,TODO,,,,SKELETAL_MESH,REQUIRED,REQUIRED,NONE,
outfit:30,outfit 30,outfit,creature_or_npc,./mon/*.mon and ./npc/*.npc Outfit fields,P2,TODO,,,,SKELETAL_MESH,REQUIRED,REQUIRED,NONE,
outfit:31,outfit 31,outfit,creature_or_npc,./mon/*.mon and ./npc/*.npc Outfit fields,P2,TODO,,,,SKELETAL_MESH,REQUIRED,REQUIRED,NONE,
outfit:32,outfit 32,outfit,creature_or_npc,./mon/*.mon and ./npc/*.npc Outfit fields,P2,TODO,,,,SKELETAL_MESH,REQUIRED,REQUIRED,NONE,
outfit:33,outfit 33,outfit,creature_or_npc,./mon/*.mon and ./npc/*.npc Outfit fields,P2,TODO,,,,SKELETAL_MESH,REQUIRED,REQUIRED,NONE,
outfit:34,outfit 34,outfit,creature_or_npc,./mon/*.mon and ./npc/*.npc Outfit fields,P2,TODO,,,,SKELETAL_MESH,REQUIRED,REQUIRED,NONE,
outfit:35,outfit 35,outfit,creature_or_npc,./mon/*.mon and ./npc/*.npc Outfit fields,P2,TODO,,,,SKELETAL_MESH,REQUIRED,REQUIRED,NONE,
outfit:36,outfit 36,outfit,creature_or_npc,./mon/*.mon and ./npc/*.npc Outfit fields,P2,TODO,,,,SKELETAL_MESH,REQUIRED,REQUIRED,NONE,
outfit:37,outfit 37,outfit,creature_or_npc,./mon/*.mon and ./npc/*.npc Outfit fields,P2,TODO,,,,SKELETAL_MESH,REQUIRED,REQUIRED,NONE,
outfit:38,outfit 38,outfit,creature_or_npc,./mon/*.mon and ./npc/*.npc Outfit fields,P2,TODO,,,,SKELETAL_MESH,REQUIRED,REQUIRED,NONE,
outfit:39,outfit 39,outfit,creature_or_npc,./mon/*.mon and ./npc/*.npc Outfit fields,P2,TODO,,,,SKELETAL_MESH,REQUIRED,REQUIRED,NONE,
outfit:4,outfit 4,outfit,creature_or_npc,./mon/*.mon and ./npc/*.npc Outfit fields,P2,TODO,,,,SKELETAL_MESH,REQUIRED,REQUIRED,NONE,
outfit:40,outfit 40,outfit,creature_or_npc,./mon/*.mon and ./npc/*.npc Outfit fields,P2,TODO,,,,SKELETAL_MESH,REQUIRED,REQUIRED,NONE,
outfit:41,outfit 41,outfit,creature_or_npc,./mon/*.mon and ./npc/*.npc Outfit fields,P2,TODO,,,,SKELETAL_MESH,REQUIRED,REQUIRED,NONE,
outfit:42,outfit 42,outfit,creature_or_npc,./mon/*.mon and ./npc/*.npc Outfit fields,P2,TODO,,,,SKELETAL_MESH,REQUIRED,REQUIRED,NONE,
outfit:43,outfit 43,outfit,creature_or_npc,./mon/*.mon and ./npc/*.npc Outfit fields,P2,TODO,,,,SKELETAL_MESH,REQUIRED,REQUIRED,NONE,
outfit:44,outfit 44,outfit,creature_or_npc,./mon/*.mon and ./npc/*.npc Outfit fields,P2,TODO,,,,SKELETAL_MESH,REQUIRED,REQUIRED,NONE,
outfit:45,outfit 45,outfit,creature_or_npc,./mon/*.mon and ./npc/*.npc Outfit fields,P2,TODO,,,,SKELETAL_MESH,REQUIRED,REQUIRED,NONE,
outfit:48,outfit 48,outfit,creature_or_npc,./mon/*.mon and ./npc/*.npc Outfit fields,P2,TODO,,,,SKELETAL_MESH,REQUIRED,REQUIRED,NONE,
outfit:49,outfit 49,outfit,creature_or_npc,./mon/*.mon and ./npc/*.npc Outfit fields,P2,TODO,,,,SKELETAL_MESH,REQUIRED,REQUIRED,NONE,
outfit:5,outfit 5,outfit,creature_or_npc,./mon/*.mon and ./npc/*.npc Outfit fields,P2,TODO,,,,SKELETAL_MESH,REQUIRED,REQUIRED,NONE,
outfit:50,outfit 50,outfit,creature_or_npc,./mon/*.mon and ./npc/*.npc Outfit fields,P2,TODO,,,,SKELETAL_MESH,REQUIRED,REQUIRED,NONE,
outfit:51,outfit 51,outfit,creature_or_npc,./mon/*.mon and ./npc/*.npc Outfit fields,P2,TODO,,,,SKELETAL_MESH,REQUIRED,REQUIRED,NONE,
outfit:52,outfit 52,outfit,creature_or_npc,./mon/*.mon and ./npc/*.npc Outfit fields,P2,TODO,,,,SKELETAL_MESH,REQUIRED,REQUIRED,NONE,
outfit:53,outfit 53,outfit,creature_or_npc,./mon/*.mon and ./npc/*.npc Outfit fields,P2,TODO,,,,SKELETAL_MESH,REQUIRED,REQUIRED,NONE,
outfit:54,outfit 54,outfit,creature_or_npc,./mon/*.mon and ./npc/*.npc Outfit fields,P2,TODO,,,,SKELETAL_MESH,REQUIRED,REQUIRED,NONE,
outfit:55,outfit 55,outfit,creature_or_npc,./mon/*.mon and ./npc/*.npc Outfit fields,P2,TODO,,,,SKELETAL_MESH,REQUIRED,REQUIRED,NONE,
outfit:56,outfit 56,outfit,creature_or_npc,./mon/*.mon and ./npc/*.npc Outfit fields,P2,TODO,,,,SKELETAL_MESH,REQUIRED,REQUIRED,NONE,
outfit:57,outfit 57,outfit,creature_or_npc,./mon/*.mon and ./npc/*.npc Outfit fields,P2,TODO,,,,SKELETAL_MESH,REQUIRED,REQUIRED,NONE,
outfit:58,outfit 58,outfit,creature_or_npc,./mon/*.mon and ./npc/*.npc Outfit fields,P2,TODO,,,,SKELETAL_MESH,REQUIRED,REQUIRED,NONE,
outfit:59,outfit 59,outfit,creature_or_npc,./mon/*.mon and ./npc/*.npc Outfit fields,P2,TODO,,,,SKELETAL_MESH,REQUIRED,REQUIRED,NONE,
outfit:6,outfit 6,outfit,creature_or_npc,./mon/*.mon and ./npc/*.npc Outfit fields,P2,TODO,,,,SKELETAL_MESH,REQUIRED,REQUIRED,NONE,
outfit:60,outfit 60,outfit,creature_or_npc,./mon/*.mon and ./npc/*.npc Outfit fields,P2,TODO,,,,SKELETAL_MESH,REQUIRED,REQUIRED,NONE,
outfit:61,outfit 61,outfit,creature_or_npc,./mon/*.mon and ./npc/*.npc Outfit fields,P2,TODO,,,,SKELETAL_MESH,REQUIRED,REQUIRED,NONE,
outfit:62,outfit 62,outfit,creature_or_npc,./mon/*.mon and ./npc/*.npc Outfit fields,P2,TODO,,,,SKELETAL_MESH,REQUIRED,REQUIRED,NONE,
outfit:63,outfit 63,outfit,creature_or_npc,./mon/*.mon and ./npc/*.npc Outfit fields,P2,TODO,,,,SKELETAL_MESH,REQUIRED,REQUIRED,NONE,
outfit:64,outfit 64,outfit,creature_or_npc,./mon/*.mon and ./npc/*.npc Outfit fields,P2,TODO,,,,SKELETAL_MESH,REQUIRED,REQUIRED,NONE,
outfit:65,outfit 65,outfit,creature_or_npc,./mon/*.mon and ./npc/*.npc Outfit fields,P2,TODO,,,,SKELETAL_MESH,REQUIRED,REQUIRED,NONE,
outfit:66,outfit 66,outfit,creature_or_npc,./mon/*.mon and ./npc/*.npc Outfit fields,P2,TODO,,,,SKELETAL_MESH,REQUIRED,REQUIRED,NONE,
outfit:67,outfit 67,outfit,creature_or_npc,./mon/*.mon and ./npc/*.npc Outfit fields,P2,TODO,,,,SKELETAL_MESH,REQUIRED,REQUIRED,NONE,
outfit:68,outfit 68,outfit,creature_or_npc,./mon/*.mon and ./npc/*.npc Outfit fields,P2,TODO,,,,SKELETAL_MESH,REQUIRED,REQUIRED,NONE,
outfit:69,outfit 69,outfit,creature_or_npc,./mon/*.mon and ./npc/*.npc Outfit fields,P2,TODO,,,,SKELETAL_MESH,REQUIRED,REQUIRED,NONE,
outfit:7,outfit 7,outfit,creature_or_npc,./mon/*.mon and ./npc/*.npc Outfit fields,P2,TODO,,,,SKELETAL_MESH,REQUIRED,REQUIRED,NONE,
outfit:70,outfit 70,outfit,creature_or_npc,./mon/*.mon and ./npc/*.npc Outfit fields,P2,TODO,,,,SKELETAL_MESH,REQUIRED,REQUIRED,NONE,
outfit:71,outfit 71,outfit,creature_or_npc,./mon/*.mon and ./npc/*.npc Outfit fields,P2,TODO,,,,SKELETAL_MESH,REQUIRED,REQUIRED,NONE,
outfit:73,outfit 73,outfit,creature_or_npc,./mon/*.mon and ./npc/*.npc Outfit fields,P2,TODO,,,,SKELETAL_MESH,REQUIRED,REQUIRED,NONE,
outfit:74,outfit 74,outfit,creature_or_npc,./mon/*.mon and ./npc/*.npc Outfit fields,P2,TODO,,,,SKELETAL_MESH,REQUIRED,REQUIRED,NONE,
outfit:75,outfit 75,outfit,creature_or_npc,./mon/*.mon and ./npc/*.npc Outfit fields,P2,TODO,,,,SKELETAL_MESH,REQUIRED,REQUIRED,NONE,
outfit:76,outfit 76,outfit,creature_or_npc,./mon/*.mon and ./npc/*.npc Outfit fields,P2,TODO,,,,SKELETAL_MESH,REQUIRED,REQUIRED,NONE,
outfit:78,outfit 78,outfit,creature_or_npc,./mon/*.mon and ./npc/*.npc Outfit fields,P2,TODO,,,,SKELETAL_MESH,REQUIRED,REQUIRED,NONE,
outfit:79,outfit 79,outfit,creature_or_npc,./mon/*.mon and ./npc/*.npc Outfit fields,P2,TODO,,,,SKELETAL_MESH,REQUIRED,REQUIRED,NONE,
outfit:8,outfit 8,outfit,creature_or_npc,./mon/*.mon and ./npc/*.npc Outfit fields,P2,TODO,,,,SKELETAL_MESH,REQUIRED,REQUIRED,NONE,
outfit:80,outfit 80,outfit,creature_or_npc,./mon/*.mon and ./npc/*.npc Outfit fields,P2,TODO,,,,SKELETAL_MESH,REQUIRED,REQUIRED,NONE,
outfit:81,outfit 81,outfit,creature_or_npc,./mon/*.mon and ./npc/*.npc Outfit fields,P2,TODO,,,,SKELETAL_MESH,REQUIRED,REQUIRED,NONE,
outfit:82,outfit 82,outfit,creature_or_npc,./mon/*.mon and ./npc/*.npc Outfit fields,P2,TODO,,,,SKELETAL_MESH,REQUIRED,REQUIRED,NONE,
outfit:83,outfit 83,outfit,creature_or_npc,./mon/*.mon and ./npc/*.npc Outfit fields,P2,TODO,,,,SKELETAL_MESH,REQUIRED,REQUIRED,NONE,
outfit:84,outfit 84,outfit,creature_or_npc,./mon/*.mon and ./npc/*.npc Outfit fields,P2,TODO,,,,SKELETAL_MESH,REQUIRED,REQUIRED,NONE,
outfit:85,outfit 85,outfit,creature_or_npc,./mon/*.mon and ./npc/*.npc Outfit fields,P2,TODO,,,,SKELETAL_MESH,REQUIRED,REQUIRED,NONE,
outfit:86,outfit 86,outfit,creature_or_npc,./mon/*.mon and ./npc/*.npc Outfit fields,P2,TODO,,,,SKELETAL_MESH,REQUIRED,REQUIRED,NONE,
outfit:87,outfit 87,outfit,creature_or_npc,./mon/*.mon and ./npc/*.npc Outfit fields,P2,TODO,,,,SKELETAL_MESH,REQUIRED,REQUIRED,NONE,
outfit:88,outfit 88,outfit,creature_or_npc,./mon/*.mon and ./npc/*.npc Outfit fields,P2,TODO,,,,SKELETAL_MESH,REQUIRED,REQUIRED,NONE,
outfit:89,outfit 89,outfit,creature_or_npc,./mon/*.mon and ./npc/*.npc Outfit fields,P2,TODO,,,,SKELETAL_MESH,REQUIRED,REQUIRED,NONE,
outfit:9,outfit 9,outfit,creature_or_npc,./mon/*.mon and ./npc/*.npc Outfit fields,P2,TODO,,,,SKELETAL_MESH,REQUIRED,REQUIRED,NONE,
outfit:90,outfit 90,outfit,creature_or_npc,./mon/*.mon and ./npc/*.npc Outfit fields,P2,TODO,,,,SKELETAL_MESH,REQUIRED,REQUIRED,NONE,
outfit:91,outfit 91,outfit,creature_or_npc,./mon/*.mon and ./npc/*.npc Outfit fields,P2,TODO,,,,SKELETAL_MESH,REQUIRED,REQUIRED,NONE,
outfit:92,outfit 92,outfit,creature_or_npc,./mon/*.mon and ./npc/*.npc Outfit fields,P2,TODO,,,,SKELETAL_MESH,REQUIRED,REQUIRED,NONE,
outfit:94,outfit 94,outfit,creature_or_npc,./mon/*.mon and ./npc/*.npc Outfit fields,P2,TODO,,,,SKELETAL_MESH,REQUIRED,REQUIRED,NONE,
outfit:95,outfit 95,outfit,creature_or_npc,./mon/*.mon and ./npc/*.npc Outfit fields,P2,TODO,,,,SKELETAL_MESH,REQUIRED,REQUIRED,NONE,
outfit:99,outfit 99,outfit,creature_or_npc,./mon/*.mon and ./npc/*.npc Outfit fields,P2,TODO,,,,SKELETAL_MESH,REQUIRED,REQUIRED,NONE,
msl:AmmoMissile:14,AmmoMissile 14,projectile,AmmoMissile,./dat/objects.srv attributes,P2,TODO,,,,VFX,NONE,NONE,REQUIRED,
msl:AmmoMissile:2,AmmoMissile 2,projectile,AmmoMissile,./dat/objects.srv attributes,P2,TODO,,,,VFX,NONE,NONE,REQUIRED,
msl:AmmoMissile:3,AmmoMissile 3,projectile,AmmoMissile,./dat/objects.srv attributes,P2,TODO,,,,VFX,NONE,NONE,REQUIRED,
msl:AmmoMissile:6,AmmoMissile 6,projectile,AmmoMissile,./dat/objects.srv attributes,P2,TODO,,,,VFX,NONE,NONE,REQUIRED,
msl:AmmoMissile:7,AmmoMissile 7,projectile,AmmoMissile,./dat/objects.srv attributes,P2,TODO,,,,VFX,NONE,NONE,REQUIRED,
msl:ThrowMissile:1,ThrowMissile 1,projectile,ThrowMissile,./dat/objects.srv attributes,P2,TODO,,,,VFX,NONE,NONE,REQUIRED,
msl:ThrowMissile:10,ThrowMissile 10,projectile,ThrowMissile,./dat/objects.srv attributes,P2,TODO,,,,VFX,NONE,NONE,REQUIRED,
msl:ThrowMissile:13,ThrowMissile 13,projectile,ThrowMissile,./dat/objects.srv attributes,P2,TODO,,,,VFX,NONE,NONE,REQUIRED,
msl:ThrowMissile:8,ThrowMissile 8,projectile,ThrowMissile,./dat/objects.srv attributes,P2,TODO,,,,VFX,NONE,NONE,REQUIRED,
msl:ThrowMissile:9,ThrowMissile 9,projectile,ThrowMissile,./dat/objects.srv attributes,P2,TODO,,,,VFX,NONE,NONE,REQUIRED,
msl:WandMissile:15,WandMissile 15,projectile,WandMissile,./dat/objects.srv attributes,P2,TODO,,,,VFX,NONE,NONE,REQUIRED,
msl:WandMissile:4,WandMissile 4,projectile,WandMissile,./dat/objects.srv attributes,P2,TODO,,,,VFX,NONE,NONE,REQUIRED,
msl:WandMissile:5,WandMissile 5,projectile,WandMissile,./dat/objects.srv attributes,P2,TODO,,,,VFX,NONE,NONE,REQUIRED,
obj:1980,a grave stone,readable,text,./dat/objects.srv,P2,TODO,,,,MESH,NONE,NONE,NONE,
obj:1981,a grave stone,readable,text,./dat/objects.srv,P2,TODO,,,,SHARED_CANDIDATE:obj:1980,NONE,NONE,NONE,
obj:1982,a grave stone,readable,text,./dat/objects.srv,P2,TODO,,,,SHARED_CANDIDATE:obj:1980,NONE,NONE,NONE,
obj:2015,a sign,readable,text,./dat/objects.srv,P2,TODO,,,,SHARED_CANDIDATE:obj:2012,NONE,NONE,NONE,
obj:2027,a hero statue,readable,text,./dat/objects.srv,P2,TODO,,,,MESH,NONE,NONE,NONE,
obj:2028,a monument,readable,text,./dat/objects.srv,P2,TODO,,,,MESH,NONE,NONE,NONE,
obj:2031,an angel statue,readable,text,./dat/objects.srv,P2,TODO,,,,MESH,NONE,NONE,NONE,
obj:2032,a dwarven statue,readable,text,./dat/objects.srv,P2,TODO,,,,MESH,NONE,NONE,NONE,
obj:2033,a watchdog statue,readable,text,./dat/objects.srv,P2,TODO,,,,MESH,NONE,NONE,NONE,
obj:2034,a sandstone statue,readable,text,./dat/objects.srv,P2,TODO,,,,MESH,NONE,NONE,NONE,
obj:2035,a gargoyle statue,readable,text,./dat/objects.srv,P2,TODO,,,,MESH,NONE,NONE,NONE,
obj:2036,a gargoyle statue,readable,text,./dat/objects.srv,P2,TODO,,,,SHARED_CANDIDATE:obj:2035,NONE,NONE,NONE,
obj:2037,a gargoyle statue,readable,text,./dat/objects.srv,P2,TODO,,,,SHARED_CANDIDATE:obj:2035,NONE,NONE,NONE,
obj:2038,a gargoyle statue,readable,text,./dat/objects.srv,P2,TODO,,,,SHARED_CANDIDATE:obj:2035,NONE,NONE,NONE,
obj:2050,a cobra statue,readable,text,./dat/objects.srv,P2,TODO,,,,MESH,NONE,NONE,NONE,
obj:2051,a cobra statue,readable,text,./dat/objects.srv,P2,TODO,,,,SHARED_CANDIDATE:obj:2050,NONE,NONE,NONE,
obj:2053,a cobra statue,readable,text,./dat/objects.srv,P2,TODO,,,,SHARED_CANDIDATE:obj:2050,NONE,NONE,NONE,
obj:2054,a cobra statue,readable,text,./dat/objects.srv,P2,TODO,,,,SHARED_CANDIDATE:obj:2050,NONE,NONE,NONE,
obj:2066,a broken lizard statue,readable,text,./dat/objects.srv,P2,TODO,,,,MESH,NONE,NONE,NONE,
obj:2067,a broken lizard statue,readable,text,./dat/objects.srv,P2,TODO,,,,SHARED_CANDIDATE:obj:2066,NONE,NONE,NONE,
obj:2068,a broken lizard statue,readable,text,./dat/objects.srv,P2,TODO,,,,SHARED_CANDIDATE:obj:2066,NONE,NONE,NONE,
obj:2069,a broken lizard statue,readable,text,./dat/objects.srv,P2,TODO,,,,SHARED_CANDIDATE:obj:2066,NONE,NONE,NONE,
obj:2070,a lizard statue,readable,text,./dat/objects.srv,P2,TODO,,,,MESH,NONE,NONE,NONE,
obj:2071,a lizard statue,readable,text,./dat/objects.srv,P2,TODO,,,,SHARED_CANDIDATE:obj:2070,NONE,NONE,NONE,
obj:2072,a lizard statue,readable,text,./dat/objects.srv,P2,TODO,,,,SHARED_CANDIDATE:obj:2070,NONE,NONE,NONE,
obj:2073,a lizard statue,readable,text,./dat/objects.srv,P2,TODO,,,,SHARED_CANDIDATE:obj:2070,NONE,NONE,NONE,
obj:2080,a giant lizard head,readable,text,./dat/objects.srv,P2,TODO,,,,MESH,NONE,NONE,NONE,
obj:2081,a giant lizard head,readable,text,./dat/objects.srv,P2,TODO,,,,SHARED_CANDIDATE:obj:2080,NONE,NONE,NONE,
obj:2082,a giant lizard head,readable,text,./dat/objects.srv,P2,TODO,,,,SHARED_CANDIDATE:obj:2080,NONE,NONE,NONE,
obj:2083,a giant lizard head,readable,text,./dat/objects.srv,P2,TODO,,,,SHARED_CANDIDATE:obj:2080,NONE,NONE,NONE,
obj:2084,a giant lizard head,readable,text,./dat/objects.srv,P2,TODO,,,,SHARED_CANDIDATE:obj:2080,NONE,NONE,NONE,
obj:2085,a giant lizard head,readable,text,./dat/objects.srv,P2,TODO,,,,SHARED_CANDIDATE:obj:2080,NONE,NONE,NONE,
obj:2086,a giant lizard head,readable,text,./dat/objects.srv,P2,TODO,,,,SHARED_CANDIDATE:obj:2080,NONE,NONE,NONE,
obj:2087,a giant lizard head,readable,text,./dat/objects.srv,P2,TODO,,,,SHARED_CANDIDATE:obj:2080,NONE,NONE,NONE,
obj:2088,a giant lizard claw,readable,text,./dat/objects.srv,P2,TODO,,,,MESH,NONE,NONE,NONE,
obj:2089,a giant lizard claw,readable,text,./dat/objects.srv,P2,TODO,,,,SHARED_CANDIDATE:obj:2088,NONE,NONE,NONE,
obj:2090,a giant lizard claw,readable,text,./dat/objects.srv,P2,TODO,,,,SHARED_CANDIDATE:obj:2088,NONE,NONE,NONE,
obj:2091,a giant lizard claw,readable,text,./dat/objects.srv,P2,TODO,,,,SHARED_CANDIDATE:obj:2088,NONE,NONE,NONE,
obj:2104,a huntress statue,readable,text,./dat/objects.srv,P2,TODO,,,,MESH,NONE,NONE,NONE,
obj:2105,a huntress statue,readable,text,./dat/objects.srv,P2,TODO,,,,SHARED_CANDIDATE:obj:2104,NONE,NONE,NONE,
obj:2106,a huntress statue,readable,text,./dat/objects.srv,P2,TODO,,,,SHARED_CANDIDATE:obj:2104,NONE,NONE,NONE,
obj:2107,a huntress statue,readable,text,./dat/objects.srv,P2,TODO,,,,SHARED_CANDIDATE:obj:2104,NONE,NONE,NONE,
obj:2568,a cobra statue,readable,text,./dat/objects.srv,P2,TODO,,,,MESH,NONE,NONE,NONE,
obj:2597,a blackboard,readable,text,./dat/objects.srv,P2,TODO,,,,MESH,NONE,NONE,NONE,
obj:2598,a blackboard,readable,text,./dat/objects.srv,P2,TODO,,,,SHARED_CANDIDATE:obj:2597,NONE,NONE,NONE,
obj:2602,a blackboard,readable,text,./dat/objects.srv,P2,TODO,,,,SHARED_CANDIDATE:obj:2597,NONE,NONE,NONE,
obj:2605,a blackboard,readable,text,./dat/objects.srv,P2,TODO,,,,SHARED_CANDIDATE:obj:2597,NONE,NONE,NONE,
obj:2771,a sundial,readable,information,./dat/objects.srv,P2,TODO,,,,MESH,NONE,NONE,NONE,
obj:2814,a parchment,readable,text,./dat/objects.srv,P2,TODO,,,,MESH,NONE,NONE,NONE,
obj:2815,a scroll,readable,text,./dat/objects.srv,P2,TODO,,,,MESH,NONE,NONE,NONE,
obj:2816,a book,readable,text,./dat/objects.srv,P2,TODO,,,,MESH,NONE,NONE,NONE,
obj:2818,a document,readable,text,./dat/objects.srv,P2,TODO,,,,MESH,NONE,NONE,NONE,
obj:2819,a parchment,readable,text,./dat/objects.srv,P2,TODO,,,,SHARED_CANDIDATE:obj:2814,NONE,NONE,NONE,
obj:2820,a paper,readable,text,./dat/objects.srv,P2,TODO,,,,MESH,NONE,NONE,NONE,
obj:2821,a book,readable,text,./dat/objects.srv,P2,TODO,,,,SHARED_CANDIDATE:obj:2816,NONE,NONE,NONE,
obj:2822,a map,readable,text,./dat/objects.srv,P2,TODO,,,,MESH,NONE,NONE,NONE,
obj:2823,a map,readable,text,./dat/objects.srv,P2,TODO,,,,SHARED_CANDIDATE:obj:2822,NONE,NONE,NONE,
obj:2824,a book,readable,text,./dat/objects.srv,P2,TODO,,,,SHARED_CANDIDATE:obj:2816,NONE,NONE,NONE,
obj:2825,a book,readable,text,./dat/objects.srv,P2,TODO,,,,SHARED_CANDIDATE:obj:2816,NONE,NONE,NONE,
obj:2826,a book,readable,text,./dat/objects.srv,P2,TODO,,,,SHARED_CANDIDATE:obj:2816,NONE,NONE,NONE,
obj:2827,a book,readable,text,./dat/objects.srv,P2,TODO,,,,SHARED_CANDIDATE:obj:2816,NONE,NONE,NONE,
obj:2828,a book,readable,text,./dat/objects.srv,P2,TODO,,,,SHARED_CANDIDATE:obj:2816,NONE,NONE,NONE,
obj:2829,a book,readable,text,./dat/objects.srv,P2,TODO,,,,SHARED_CANDIDATE:obj:2816,NONE,NONE,NONE,
obj:2830,a book,readable,text,./dat/objects.srv,P2,TODO,,,,SHARED_CANDIDATE:obj:2816,NONE,NONE,NONE,
obj:2832,a book,readable,text,./dat/objects.srv,P2,TODO,,,,SHARED_CANDIDATE:obj:2816,NONE,NONE,NONE,
obj:2838,a book,readable,text,./dat/objects.srv,P2,TODO,,,,SHARED_CANDIDATE:obj:2816,NONE,NONE,NONE,
obj:2839,a book,readable,text,./dat/objects.srv,P2,TODO,,,,SHARED_CANDIDATE:obj:2816,NONE,NONE,NONE,
obj:2906,a watch,readable,information,./dat/objects.srv,P2,TODO,,,,MESH,NONE,NONE,NONE,
obj:3059,a spellbook,readable,text,./dat/objects.srv,P2,TODO,,,,MESH,NONE,NONE,NONE,
obj:3101,a spellbook,readable,text,./dat/objects.srv,P2,TODO,,,,SHARED_CANDIDATE:obj:3059,NONE,NONE,NONE,
obj:3505,a letter,readable,text,./dat/objects.srv,P2,TODO,,,,MESH,NONE,NONE,NONE,
obj:3507,a label,readable,text,./dat/objects.srv,P2,TODO,,,,MESH,NONE,NONE,NONE,
obj:1079,an ant-hill,structure,obstacle,./dat/objects.srv,P2,TODO,,,,MESH,NONE,NONE,NONE,
obj:1129,a stone,structure,obstacle,./dat/objects.srv,P2,TODO,,,,MESH,NONE,NONE,NONE,
obj:1142,a stone,structure,obstacle,./dat/objects.srv,P2,TODO,,,,SHARED_CANDIDATE:obj:1129,NONE,NONE,NONE,
obj:1143,a stone,structure,obstacle,./dat/objects.srv,P2,TODO,,,,SHARED_CANDIDATE:obj:1129,NONE,NONE,NONE,
obj:1144,a stone,structure,obstacle,./dat/objects.srv,P2,TODO,,,,SHARED_CANDIDATE:obj:1129,NONE,NONE,NONE,
obj:1147,a stone,structure,obstacle,./dat/objects.srv,P2,TODO,,,,SHARED_CANDIDATE:obj:1129,NONE,NONE,NONE,
obj:1148,a stone,structure,obstacle,./dat/objects.srv,P2,TODO,,,,SHARED_CANDIDATE:obj:1129,NONE,NONE,NONE,
obj:1149,a stone,structure,obstacle,./dat/objects.srv,P2,TODO,,,,SHARED_CANDIDATE:obj:1129,NONE,NONE,NONE,
obj:1150,a stone,structure,obstacle,./dat/objects.srv,P2,TODO,,,,SHARED_CANDIDATE:obj:1129,NONE,NONE,NONE,
obj:1167,a tiled roof,structure,obstacle,./dat/objects.srv,P2,TODO,,,,SHARED_CANDIDATE:obj:1157,NONE,NONE,NONE,
obj:1170,a tiled roof,structure,obstacle,./dat/objects.srv,P2,TODO,,,,SHARED_CANDIDATE:obj:1157,NONE,NONE,NONE,
obj:1172,a tiled roof,structure,obstacle,./dat/objects.srv,P2,TODO,,,,SHARED_CANDIDATE:obj:1157,NONE,NONE,NONE,
obj:1173,a tiled roof,structure,obstacle,./dat/objects.srv,P2,TODO,,,,SHARED_CANDIDATE:obj:1157,NONE,NONE,NONE,
obj:1174,a tiled roof,structure,obstacle,./dat/objects.srv,P2,TODO,,,,SHARED_CANDIDATE:obj:1157,NONE,NONE,NONE,
obj:1175,a tiled roof,structure,obstacle,./dat/objects.srv,P2,TODO,,,,SHARED_CANDIDATE:obj:1157,NONE,NONE,NONE,
obj:1176,a tiled roof,structure,obstacle,./dat/objects.srv,P2,TODO,,,,SHARED_CANDIDATE:obj:1157,NONE,NONE,NONE,
obj:1177,a wooden roof,structure,obstacle,./dat/objects.srv,P2,TODO,,,,MESH,NONE,NONE,NONE,
obj:1181,a wooden roof,structure,obstacle,./dat/objects.srv,P2,TODO,,,,SHARED_CANDIDATE:obj:1177,NONE,NONE,NONE,
obj:1182,a wooden roof,structure,obstacle,./dat/objects.srv,P2,TODO,,,,SHARED_CANDIDATE:obj:1177,NONE,NONE,NONE,
obj:1183,a wooden roof,structure,obstacle,./dat/objects.srv,P2,TODO,,,,SHARED_CANDIDATE:obj:1177,NONE,NONE,NONE,
obj:1184,a wooden roof,structure,obstacle,./dat/objects.srv,P2,TODO,,,,SHARED_CANDIDATE:obj:1177,NONE,NONE,NONE,
obj:1185,a wooden roof,structure,obstacle,./dat/objects.srv,P2,TODO,,,,SHARED_CANDIDATE:obj:1177,NONE,NONE,NONE,
obj:1186,a wooden roof,structure,obstacle,./dat/objects.srv,P2,TODO,,,,SHARED_CANDIDATE:obj:1177,NONE,NONE,NONE,
obj:1187,a wooden roof,structure,obstacle,./dat/objects.srv,P2,TODO,,,,SHARED_CANDIDATE:obj:1177,NONE,NONE,NONE,
obj:1191,a wooden roof,structure,obstacle,./dat/objects.srv,P2,TODO,,,,SHARED_CANDIDATE:obj:1177,NONE,NONE,NONE,
obj:1192,a wooden roof,structure,obstacle,./dat/objects.srv,P2,TODO,,,,SHARED_CANDIDATE:obj:1177,NONE,NONE,NONE,
obj:1193,a wooden roof,structure,obstacle,./dat/objects.srv,P2,TODO,,,,SHARED_CANDIDATE:obj:1177,NONE,NONE,NONE,
obj:1194,a wooden roof,structure,obstacle,./dat/objects.srv,P2,TODO,,,,SHARED_CANDIDATE:obj:1177,NONE,NONE,NONE,
obj:1195,a wooden roof,structure,obstacle,./dat/objects.srv,P2,TODO,,,,SHARED_CANDIDATE:obj:1177,NONE,NONE,NONE,
obj:1196,a wooden roof,structure,obstacle,./dat/objects.srv,P2,TODO,,,,SHARED_CANDIDATE:obj:1177,NONE,NONE,NONE,
obj:1198,a dried grass roof,structure,obstacle,./dat/objects.srv,P2,TODO,,,,MESH,NONE,NONE,NONE,
obj:1199,a dried grass roof,structure,obstacle,./dat/objects.srv,P2,TODO,,,,SHARED_CANDIDATE:obj:1198,NONE,NONE,NONE,
obj:1200,a dried grass roof,structure,obstacle,./dat/objects.srv,P2,TODO,,,,SHARED_CANDIDATE:obj:1198,NONE,NONE,NONE,
obj:1201,a dried grass roof,structure,obstacle,./dat/objects.srv,P2,TODO,,,,SHARED_CANDIDATE:obj:1198,NONE,NONE,NONE,
obj:1202,a dried grass roof,structure,obstacle,./dat/objects.srv,P2,TODO,,,,SHARED_CANDIDATE:obj:1198,NONE,NONE,NONE,
obj:1203,a dried grass roof,structure,obstacle,./dat/objects.srv,P2,TODO,,,,SHARED_CANDIDATE:obj:1198,NONE,NONE,NONE,
obj:1204,a dried grass roof,structure,obstacle,./dat/objects.srv,P2,TODO,,,,SHARED_CANDIDATE:obj:1198,NONE,NONE,NONE,
obj:1205,a dried grass roof,structure,obstacle,./dat/objects.srv,P2,TODO,,,,SHARED_CANDIDATE:obj:1198,NONE,NONE,NONE,
obj:1207,a dried grass roof,structure,obstacle,./dat/objects.srv,P2,TODO,,,,SHARED_CANDIDATE:obj:1198,NONE,NONE,NONE,
obj:1209,a dried grass roof,structure,obstacle,./dat/objects.srv,P2,TODO,,,,SHARED_CANDIDATE:obj:1198,NONE,NONE,NONE,
obj:1365,an archway,structure,top_overlay,./dat/objects.srv,P2,TODO,,,,MESH,NONE,NONE,NONE,
obj:1366,an archway,structure,top_overlay,./dat/objects.srv,P2,TODO,,,,SHARED_CANDIDATE:obj:1365,NONE,NONE,NONE,
obj:1369,an archway,structure,top_overlay,./dat/objects.srv,P2,TODO,,,,SHARED_CANDIDATE:obj:1365,NONE,NONE,NONE,
obj:1370,an archway,structure,top_overlay,./dat/objects.srv,P2,TODO,,,,SHARED_CANDIDATE:obj:1365,NONE,NONE,NONE,
obj:1371,an archway,structure,top_overlay,./dat/objects.srv,P2,TODO,,,,SHARED_CANDIDATE:obj:1365,NONE,NONE,NONE,
obj:1372,an archway,structure,top_overlay,./dat/objects.srv,P2,TODO,,,,SHARED_CANDIDATE:obj:1365,NONE,NONE,NONE,
obj:1406,an oriental wall,structure,top_overlay,./dat/objects.srv,P2,TODO,,,,SHARED_CANDIDATE:obj:1403,NONE,NONE,NONE,
obj:1407,an oriental wall,structure,top_overlay,./dat/objects.srv,P2,TODO,,,,SHARED_CANDIDATE:obj:1403,NONE,NONE,NONE,
obj:1528,an archway,structure,top_overlay,./dat/objects.srv,P2,TODO,,,,SHARED_CANDIDATE:obj:1365,NONE,NONE,NONE,
obj:1529,an archway,structure,top_overlay,./dat/objects.srv,P2,TODO,,,,SHARED_CANDIDATE:obj:1365,NONE,NONE,NONE,
obj:1530,an archway,structure,top_overlay,./dat/objects.srv,P2,TODO,,,,SHARED_CANDIDATE:obj:1365,NONE,NONE,NONE,
obj:1531,an archway,structure,top_overlay,./dat/objects.srv,P2,TODO,,,,SHARED_CANDIDATE:obj:1365,NONE,NONE,NONE,
obj:1532,an archway,structure,top_overlay,./dat/objects.srv,P2,TODO,,,,SHARED_CANDIDATE:obj:1365,NONE,NONE,NONE,
obj:1533,an archway,structure,top_overlay,./dat/objects.srv,P2,TODO,,,,SHARED_CANDIDATE:obj:1365,NONE,NONE,NONE,
obj:1557,an archway,structure,top_overlay,./dat/objects.srv,P2,TODO,,,,SHARED_CANDIDATE:obj:1365,NONE,NONE,NONE,
obj:1561,an archway,structure,top_overlay,./dat/objects.srv,P2,TODO,,,,SHARED_CANDIDATE:obj:1365,NONE,NONE,NONE,
obj:1565,an archway,structure,top_overlay,./dat/objects.srv,P2,TODO,,,,SHARED_CANDIDATE:obj:1365,NONE,NONE,NONE,
obj:1566,an archway,structure,top_overlay,./dat/objects.srv,P2,TODO,,,,SHARED_CANDIDATE:obj:1365,NONE,NONE,NONE,
obj:1567,an archway,structure,top_overlay,./dat/objects.srv,P2,TODO,,,,SHARED_CANDIDATE:obj:1365,NONE,NONE,NONE,
obj:1568,an archway,structure,top_overlay,./dat/objects.srv,P2,TODO,,,,SHARED_CANDIDATE:obj:1365,NONE,NONE,NONE,
obj:1593,a grass archway,structure,top_overlay,./dat/objects.srv,P2,TODO,,,,MESH,NONE,NONE,NONE,
obj:1594,a grass archway,structure,top_overlay,./dat/objects.srv,P2,TODO,,,,SHARED_CANDIDATE:obj:1593,NONE,NONE,NONE,
obj:1612,a palisade,structure,obstacle,./dat/objects.srv,P2,TODO,,,,MESH,NONE,NONE,NONE,
obj:1614,a palisade,structure,obstacle,./dat/objects.srv,P2,TODO,,,,SHARED_CANDIDATE:obj:1612,NONE,NONE,NONE,
obj:1615,a palisade,structure,obstacle,./dat/objects.srv,P2,TODO,,,,SHARED_CANDIDATE:obj:1612,NONE,NONE,NONE,
obj:1624,an archway,structure,top_overlay,./dat/objects.srv,P2,TODO,,,,SHARED_CANDIDATE:obj:1365,NONE,NONE,NONE,
obj:1625,an archway,structure,top_overlay,./dat/objects.srv,P2,TODO,,,,SHARED_CANDIDATE:obj:1365,NONE,NONE,NONE,
obj:1626,an archway,structure,top_overlay,./dat/objects.srv,P2,TODO,,,,SHARED_CANDIDATE:obj:1365,NONE,NONE,NONE,
obj:1627,an archway,structure,top_overlay,./dat/objects.srv,P2,TODO,,,,SHARED_CANDIDATE:obj:1365,NONE,NONE,NONE,
obj:1638,a closed door,structure,door,./dat/objects.srv,P2,TODO,,,,SHARED_CANDIDATE:obj:1628,NONE,NONE,NONE,
obj:1640,a closed door,structure,door,./dat/objects.srv,P2,TODO,,,,SHARED_CANDIDATE:obj:1628,NONE,NONE,NONE,
obj:1650,a closed door,structure,door,./dat/objects.srv,P2,TODO,,,,SHARED_CANDIDATE:obj:1628,NONE,NONE,NONE,
obj:1651,a closed door,structure,door,./dat/objects.srv,P2,TODO,,,,SHARED_CANDIDATE:obj:1628,NONE,NONE,NONE,
obj:1652,an open door,structure,door,./dat/objects.srv,P2,TODO,,,,SHARED_CANDIDATE:obj:1630,NONE,NONE,NONE,
obj:1653,a closed door,structure,door,./dat/objects.srv,P2,TODO,,,,SHARED_CANDIDATE:obj:1628,NONE,NONE,NONE,
obj:1654,a closed door,structure,door,./dat/objects.srv,P2,TODO,,,,SHARED_CANDIDATE:obj:1628,NONE,NONE,NONE,
obj:1655,an open door,structure,door,./dat/objects.srv,P2,TODO,,,,SHARED_CANDIDATE:obj:1630,NONE,NONE,NONE,
obj:1656,a closed door,structure,door,./dat/objects.srv,P2,TODO,,,,SHARED_CANDIDATE:obj:1628,NONE,NONE,NONE,
obj:1658,a closed door,structure,door,./dat/objects.srv,P2,TODO,,,,SHARED_CANDIDATE:obj:1628,NONE,NONE,NONE,
obj:1668,a closed door,structure,door,./dat/objects.srv,P2,TODO,,,,SHARED_CANDIDATE:obj:1628,NONE,NONE,NONE,
obj:1669,a closed door,structure,door,./dat/objects.srv,P2,TODO,,,,SHARED_CANDIDATE:obj:1628,NONE,NONE,NONE,
obj:1671,a closed door,structure,door,./dat/objects.srv,P2,TODO,,,,SHARED_CANDIDATE:obj:1628,NONE,NONE,NONE,
obj:1672,a closed door,structure,door,./dat/objects.srv,P2,TODO,,,,SHARED_CANDIDATE:obj:1628,NONE,NONE,NONE,
obj:1682,a closed door,structure,door,./dat/objects.srv,P2,TODO,,,,SHARED_CANDIDATE:obj:1628,NONE,NONE,NONE,
obj:1683,a closed door,structure,door,./dat/objects.srv,P2,TODO,,,,SHARED_CANDIDATE:obj:1628,NONE,NONE,NONE,
obj:1685,a closed door,structure,door,./dat/objects.srv,P2,TODO,,,,SHARED_CANDIDATE:obj:1628,NONE,NONE,NONE,
obj:1691,a closed door,structure,door,./dat/objects.srv,P2,TODO,,,,SHARED_CANDIDATE:obj:1628,NONE,NONE,NONE,
obj:1692,a closed door,structure,door,./dat/objects.srv,P2,TODO,,,,SHARED_CANDIDATE:obj:1628,NONE,NONE,NONE,
obj:1694,a closed door,structure,door,./dat/objects.srv,P2,TODO,,,,SHARED_CANDIDATE:obj:1628,NONE,NONE,NONE,
obj:1749,a sail,structure,obstacle,./dat/objects.srv,P2,TODO,,,,MESH,NONE,NONE,NONE,
obj:1766,a small sail,structure,obstacle,./dat/objects.srv,P2,TODO,,,,SHARED_CANDIDATE:obj:1765,NONE,NONE,NONE,
obj:1769,a mast,structure,obstacle,./dat/objects.srv,P2,TODO,,,,MESH,NONE,NONE,NONE,
obj:1770,a mast,structure,obstacle,./dat/objects.srv,P2,TODO,,,,SHARED_CANDIDATE:obj:1769,NONE,NONE,NONE,
obj:2002,a campfire,structure,obstacle,./dat/objects.srv,P2,TODO,,,,MESH,NONE,NONE,NONE,
obj:2160,a wooden railing,structure,obstacle,./dat/objects.srv,P2,TODO,,,,SHARED_CANDIDATE:obj:2154,NONE,NONE,NONE,
obj:2161,a wooden railing,structure,obstacle,./dat/objects.srv,P2,TODO,,,,SHARED_CANDIDATE:obj:2154,NONE,NONE,NONE,
obj:2165,a stone railing,structure,obstacle,./dat/objects.srv,P2,TODO,,,,SHARED_CANDIDATE:obj:2162,NONE,NONE,NONE,
obj:2167,a stone railing,structure,obstacle,./dat/objects.srv,P2,TODO,,,,SHARED_CANDIDATE:obj:2162,NONE,NONE,NONE,
obj:2169,a stone railing,structure,obstacle,./dat/objects.srv,P2,TODO,,,,SHARED_CANDIDATE:obj:2162,NONE,NONE,NONE,
obj:2175,a fence,structure,obstacle,./dat/objects.srv,P2,TODO,,,,SHARED_CANDIDATE:obj:2171,NONE,NONE,NONE,
obj:2176,a fence,structure,obstacle,./dat/objects.srv,P2,TODO,,,,SHARED_CANDIDATE:obj:2171,NONE,NONE,NONE,
obj:2181,a fence,structure,obstacle,./dat/objects.srv,P2,TODO,,,,SHARED_CANDIDATE:obj:2171,NONE,NONE,NONE,
obj:2182,a fence,structure,obstacle,./dat/objects.srv,P2,TODO,,,,SHARED_CANDIDATE:obj:2171,NONE,NONE,NONE,
obj:2183,a fence,structure,obstacle,./dat/objects.srv,P2,TODO,,,,SHARED_CANDIDATE:obj:2171,NONE,NONE,NONE,
obj:2185,bars,structure,obstacle,./dat/objects.srv,P2,TODO,,,,SHARED_CANDIDATE:obj:2184,NONE,NONE,NONE,
obj:2201,a sandstone railing,structure,obstacle,./dat/objects.srv,P2,TODO,,,,MESH,NONE,NONE,NONE,
obj:2202,a sandstone railing,structure,obstacle,./dat/objects.srv,P2,TODO,,,,SHARED_CANDIDATE:obj:2201,NONE,NONE,NONE,
obj:2203,a sandstone railing,structure,obstacle,./dat/objects.srv,P2,TODO,,,,SHARED_CANDIDATE:obj:2201,NONE,NONE,NONE,
obj:2204,a stone railing,structure,obstacle,./dat/objects.srv,P2,TODO,,,,SHARED_CANDIDATE:obj:2162,NONE,NONE,NONE,
obj:2205,a stone railing,structure,obstacle,./dat/objects.srv,P2,TODO,,,,SHARED_CANDIDATE:obj:2162,NONE,NONE,NONE,
obj:2207,a stone railing,structure,obstacle,./dat/objects.srv,P2,TODO,,,,SHARED_CANDIDATE:obj:2162,NONE,NONE,NONE,
obj:2208,a stone railing,structure,obstacle,./dat/objects.srv,P2,TODO,,,,SHARED_CANDIDATE:obj:2162,NONE,NONE,NONE,
obj:2209,a sandstone railing,structure,obstacle,./dat/objects.srv,P2,TODO,,,,SHARED_CANDIDATE:obj:2201,NONE,NONE,NONE,
obj:2210,a sandstone railing,structure,obstacle,./dat/objects.srv,P2,TODO,,,,SHARED_CANDIDATE:obj:2201,NONE,NONE,NONE,
obj:2211,a sandstone railing,structure,obstacle,./dat/objects.srv,P2,TODO,,,,SHARED_CANDIDATE:obj:2201,NONE,NONE,NONE,
obj:2212,a stone railing,structure,obstacle,./dat/objects.srv,P2,TODO,,,,SHARED_CANDIDATE:obj:2162,NONE,NONE,NONE,
obj:2213,a stone railing,structure,obstacle,./dat/objects.srv,P2,TODO,,,,SHARED_CANDIDATE:obj:2162,NONE,NONE,NONE,
obj:2214,a stone railing,structure,obstacle,./dat/objects.srv,P2,TODO,,,,SHARED_CANDIDATE:obj:2162,NONE,NONE,NONE,
obj:2215,a stone railing,structure,obstacle,./dat/objects.srv,P2,TODO,,,,SHARED_CANDIDATE:obj:2162,NONE,NONE,NONE,
obj:2216,a stone railing,structure,obstacle,./dat/objects.srv,P2,TODO,,,,SHARED_CANDIDATE:obj:2162,NONE,NONE,NONE,
obj:2222,a sandstone railing,structure,obstacle,./dat/objects.srv,P2,TODO,,,,SHARED_CANDIDATE:obj:2201,NONE,NONE,NONE,
obj:2223,a sandstone railing,structure,obstacle,./dat/objects.srv,P2,TODO,,,,SHARED_CANDIDATE:obj:2201,NONE,NONE,NONE,
obj:2224,a sandstone railing,structure,obstacle,./dat/objects.srv,P2,TODO,,,,SHARED_CANDIDATE:obj:2201,NONE,NONE,NONE,
obj:2225,a stone railing,structure,obstacle,./dat/objects.srv,P2,TODO,,,,SHARED_CANDIDATE:obj:2162,NONE,NONE,NONE,
obj:2227,a stone railing,structure,obstacle,./dat/objects.srv,P2,TODO,,,,SHARED_CANDIDATE:obj:2162,NONE,NONE,NONE,
obj:2228,a stone railing,structure,obstacle,./dat/objects.srv,P2,TODO,,,,SHARED_CANDIDATE:obj:2162,NONE,NONE,NONE,
obj:2229,a stone railing,structure,obstacle,./dat/objects.srv,P2,TODO,,,,SHARED_CANDIDATE:obj:2162,NONE,NONE,NONE,
obj:2230,a sandstone railing,structure,obstacle,./dat/objects.srv,P2,TODO,,,,SHARED_CANDIDATE:obj:2201,NONE,NONE,NONE,
obj:2231,a sandstone railing,structure,obstacle,./dat/objects.srv,P2,TODO,,,,SHARED_CANDIDATE:obj:2201,NONE,NONE,NONE,
obj:2232,a stone railing,structure,obstacle,./dat/objects.srv,P2,TODO,,,,SHARED_CANDIDATE:obj:2162,NONE,NONE,NONE,
obj:2233,a stone railing,structure,obstacle,./dat/objects.srv,P2,TODO,,,,SHARED_CANDIDATE:obj:2162,NONE,NONE,NONE,
obj:2255,a short pillar,structure,obstacle,./dat/objects.srv,P2,TODO,,,,MESH,NONE,NONE,NONE,
obj:2256,a short pillar,structure,obstacle,./dat/objects.srv,P2,TODO,,,,SHARED_CANDIDATE:obj:2255,NONE,NONE,NONE,
obj:2257,a short pillar,structure,obstacle,./dat/objects.srv,P2,TODO,,,,SHARED_CANDIDATE:obj:2255,NONE,NONE,NONE,
obj:2258,a short pillar,structure,obstacle,./dat/objects.srv,P2,TODO,,,,SHARED_CANDIDATE:obj:2255,NONE,NONE,NONE,
obj:2265,a rope railing,structure,obstacle,./dat/objects.srv,P2,TODO,,,,MESH,NONE,NONE,NONE,
obj:2266,a rope railing,structure,obstacle,./dat/objects.srv,P2,TODO,,,,SHARED_CANDIDATE:obj:2265,NONE,NONE,NONE,
obj:2269,a rope railing,structure,obstacle,./dat/objects.srv,P2,TODO,,,,SHARED_CANDIDATE:obj:2265,NONE,NONE,NONE,
obj:2270,a rope railing,structure,obstacle,./dat/objects.srv,P2,TODO,,,,SHARED_CANDIDATE:obj:2265,NONE,NONE,NONE,
obj:2271,a rope railing,structure,obstacle,./dat/objects.srv,P2,TODO,,,,SHARED_CANDIDATE:obj:2265,NONE,NONE,NONE,
obj:2272,a rope railing,structure,obstacle,./dat/objects.srv,P2,TODO,,,,SHARED_CANDIDATE:obj:2265,NONE,NONE,NONE,
obj:2277,a rope railing,structure,obstacle,./dat/objects.srv,P2,TODO,,,,SHARED_CANDIDATE:obj:2265,NONE,NONE,NONE,
obj:2278,a rope railing,structure,obstacle,./dat/objects.srv,P2,TODO,,,,SHARED_CANDIDATE:obj:2265,NONE,NONE,NONE,
obj:2279,a rope railing,structure,obstacle,./dat/objects.srv,P2,TODO,,,,SHARED_CANDIDATE:obj:2265,NONE,NONE,NONE,
obj:2280,a rope railing,structure,obstacle,./dat/objects.srv,P2,TODO,,,,SHARED_CANDIDATE:obj:2265,NONE,NONE,NONE,
obj:2281,a rope railing,structure,obstacle,./dat/objects.srv,P2,TODO,,,,SHARED_CANDIDATE:obj:2265,NONE,NONE,NONE,
obj:2282,a rope railing,structure,obstacle,./dat/objects.srv,P2,TODO,,,,SHARED_CANDIDATE:obj:2265,NONE,NONE,NONE,
obj:2283,a rope railing,structure,obstacle,./dat/objects.srv,P2,TODO,,,,SHARED_CANDIDATE:obj:2265,NONE,NONE,NONE,
obj:2284,a rope railing,structure,obstacle,./dat/objects.srv,P2,TODO,,,,SHARED_CANDIDATE:obj:2265,NONE,NONE,NONE,
obj:2285,a rope railing,structure,obstacle,./dat/objects.srv,P2,TODO,,,,SHARED_CANDIDATE:obj:2265,NONE,NONE,NONE,
obj:2286,a rope railing,structure,obstacle,./dat/objects.srv,P2,TODO,,,,SHARED_CANDIDATE:obj:2265,NONE,NONE,NONE,
obj:2287,a rope railing,structure,obstacle,./dat/objects.srv,P2,TODO,,,,SHARED_CANDIDATE:obj:2265,NONE,NONE,NONE,
obj:2288,a rope railing,structure,obstacle,./dat/objects.srv,P2,TODO,,,,SHARED_CANDIDATE:obj:2265,NONE,NONE,NONE,
obj:2291,wooden bars,structure,obstacle,./dat/objects.srv,P2,TODO,,,,MESH,NONE,NONE,NONE,
obj:2292,wooden bars,structure,obstacle,./dat/objects.srv,P2,TODO,,,,SHARED_CANDIDATE:obj:2291,NONE,NONE,NONE,
obj:2293,wooden bars,structure,obstacle,./dat/objects.srv,P2,TODO,,,,SHARED_CANDIDATE:obj:2291,NONE,NONE,NONE,
obj:2294,wooden bars,structure,obstacle,./dat/objects.srv,P2,TODO,,,,SHARED_CANDIDATE:obj:2291,NONE,NONE,NONE,
obj:2295,wooden bars,structure,obstacle,./dat/objects.srv,P2,TODO,,,,SHARED_CANDIDATE:obj:2291,NONE,NONE,NONE,
obj:2296,wooden bars,structure,obstacle,./dat/objects.srv,P2,TODO,,,,SHARED_CANDIDATE:obj:2291,NONE,NONE,NONE,
obj:2297,wooden bars,structure,obstacle,./dat/objects.srv,P2,TODO,,,,SHARED_CANDIDATE:obj:2291,NONE,NONE,NONE,
obj:2298,wooden bars,structure,obstacle,./dat/objects.srv,P2,TODO,,,,SHARED_CANDIDATE:obj:2291,NONE,NONE,NONE,
obj:2338,a passthrough,structure,door,./dat/objects.srv,P2,TODO,,,,MESH,NONE,NONE,NONE,
obj:2340,a passthrough,structure,door,./dat/objects.srv,P2,TODO,,,,SHARED_CANDIDATE:obj:2338,NONE,NONE,NONE,
obj:2462,a small bamboo shelf,structure,obstacle,./dat/objects.srv,P2,TODO,,,,SHARED_CANDIDATE:obj:2461,NONE,NONE,NONE,
obj:2496,a bed,structure,obstacle,./dat/objects.srv,P2,TODO,,,,SHARED_CANDIDATE:obj:2488,NONE,NONE,NONE,
obj:2500,a cot,structure,obstacle,./dat/objects.srv,P2,TODO,,,,SHARED_CANDIDATE:obj:2490,NONE,NONE,NONE,
obj:2502,a cot,structure,obstacle,./dat/objects.srv,P2,TODO,,,,SHARED_CANDIDATE:obj:2490,NONE,NONE,NONE,
obj:2504,a hammock,structure,obstacle,./dat/objects.srv,P2,TODO,,,,MESH,NONE,NONE,NONE,
obj:2506,a hammock,structure,obstacle,./dat/objects.srv,P2,TODO,,,,SHARED_CANDIDATE:obj:2504,NONE,NONE,NONE,
obj:2738,tanned brown bear fur,structure,obstacle,./dat/objects.srv,P2,TODO,,,,MESH,NONE,NONE,NONE,
obj:2739,tanned brown bear fur,structure,obstacle,./dat/objects.srv,P2,TODO,,,,SHARED_CANDIDATE:obj:2738,NONE,NONE,NONE,
obj:2742,a pile of chopped wood,structure,obstacle,./dat/objects.srv,P2,TODO,,,,MESH,NONE,NONE,NONE,
obj:3458,an anvil,structure,obstacle,./dat/objects.srv,P2,TODO,,,,MESH,NONE,NONE,NONE,
obj:3488,a ships telescope,structure,obstacle,./dat/objects.srv,P2,TODO,,,,MESH,NONE,NONE,NONE,
obj:3490,a ships telescope,structure,obstacle,./dat/objects.srv,P2,TODO,,,,SHARED_CANDIDATE:obj:3488,NONE,NONE,NONE,
obj:3493,a crane,structure,obstacle,./dat/objects.srv,P2,TODO,,,,MESH,NONE,NONE,NONE,
obj:3494,a crane,structure,obstacle,./dat/objects.srv,P2,TODO,,,,SHARED_CANDIDATE:obj:3493,NONE,NONE,NONE,
obj:3495,a crane,structure,obstacle,./dat/objects.srv,P2,TODO,,,,SHARED_CANDIDATE:obj:3493,NONE,NONE,NONE,
obj:3669,a water lily,structure,obstacle,./dat/objects.srv,P2,TODO,,,,MESH,NONE,NONE,NONE,
obj:3670,a water lily,structure,obstacle,./dat/objects.srv,P2,TODO,,,,SHARED_CANDIDATE:obj:3669,NONE,NONE,NONE,
obj:3671,a water lily,structure,obstacle,./dat/objects.srv,P2,TODO,,,,SHARED_CANDIDATE:obj:3669,NONE,NONE,NONE,
obj:3672,a water lily,structure,obstacle,./dat/objects.srv,P2,TODO,,,,SHARED_CANDIDATE:obj:3669,NONE,NONE,NONE,
obj:3676,a rosebush,structure,obstacle,./dat/objects.srv,P2,TODO,,,,MESH,NONE,NONE,NONE,
obj:3677,a rosebush,structure,obstacle,./dat/objects.srv,P2,TODO,,,,SHARED_CANDIDATE:obj:3676,NONE,NONE,NONE,
obj:3678,a rosebush,structure,obstacle,./dat/objects.srv,P2,TODO,,,,SHARED_CANDIDATE:obj:3676,NONE,NONE,NONE,
obj:3679,a rosebush,structure,obstacle,./dat/objects.srv,P2,TODO,,,,SHARED_CANDIDATE:obj:3676,NONE,NONE,NONE,
obj:3680,a rosebush,structure,obstacle,./dat/objects.srv,P2,TODO,,,,SHARED_CANDIDATE:obj:3676,NONE,NONE,NONE,
obj:3711,a thorn bush,structure,obstacle,./dat/objects.srv,P2,TODO,,,,MESH,NONE,NONE,NONE,
obj:3712,a thorn bush,structure,obstacle,./dat/objects.srv,P2,TODO,,,,SHARED_CANDIDATE:obj:3711,NONE,NONE,NONE,
obj:3765,a bamboo plant,structure,obstacle,./dat/objects.srv,P2,TODO,,,,MESH,NONE,NONE,NONE,
obj:3770,a bamboo plant,structure,obstacle,./dat/objects.srv,P2,TODO,,,,SHARED_CANDIDATE:obj:3765,NONE,NONE,NONE,
obj:3777,a giant tree,structure,obstacle,./dat/objects.srv,P2,TODO,,,,MESH,NONE,NONE,NONE,
obj:3783,a giant tree,structure,obstacle,./dat/objects.srv,P2,TODO,,,,SHARED_CANDIDATE:obj:3777,NONE,NONE,NONE,
obj:3804,jungle vines,structure,obstacle,./dat/objects.srv,P2,TODO,,,,MESH,NONE,NONE,NONE,
obj:3805,jungle vines,structure,obstacle,./dat/objects.srv,P2,TODO,,,,SHARED_CANDIDATE:obj:3804,NONE,NONE,NONE,
obj:3806,jungle vines,structure,obstacle,./dat/objects.srv,P2,TODO,,,,SHARED_CANDIDATE:obj:3804,NONE,NONE,NONE,
obj:3807,jungle vines,structure,obstacle,./dat/objects.srv,P2,TODO,,,,SHARED_CANDIDATE:obj:3804,NONE,NONE,NONE,
obj:3808,jungle vines,structure,obstacle,./dat/objects.srv,P2,TODO,,,,SHARED_CANDIDATE:obj:3804,NONE,NONE,NONE,
obj:3809,a liana,structure,obstacle,./dat/objects.srv,P2,TODO,,,,MESH,NONE,NONE,NONE,
obj:3810,a liana,structure,obstacle,./dat/objects.srv,P2,TODO,,,,SHARED_CANDIDATE:obj:3809,NONE,NONE,NONE,
obj:3811,a liana,structure,obstacle,./dat/objects.srv,P2,TODO,,,,SHARED_CANDIDATE:obj:3809,NONE,NONE,NONE,
obj:3812,a liana,structure,obstacle,./dat/objects.srv,P2,TODO,,,,SHARED_CANDIDATE:obj:3809,NONE,NONE,NONE,
obj:3813,a liana,structure,obstacle,./dat/objects.srv,P2,TODO,,,,SHARED_CANDIDATE:obj:3809,NONE,NONE,NONE,
obj:3814,a liana,structure,obstacle,./dat/objects.srv,P2,TODO,,,,SHARED_CANDIDATE:obj:3809,NONE,NONE,NONE,
obj:3815,a liana,structure,obstacle,./dat/objects.srv,P2,TODO,,,,SHARED_CANDIDATE:obj:3809,NONE,NONE,NONE,
obj:3816,a liana,structure,obstacle,./dat/objects.srv,P2,TODO,,,,SHARED_CANDIDATE:obj:3809,NONE,NONE,NONE,
obj:3817,a liana,structure,obstacle,./dat/objects.srv,P2,TODO,,,,SHARED_CANDIDATE:obj:3809,NONE,NONE,NONE,
obj:3818,a liana,structure,obstacle,./dat/objects.srv,P2,TODO,,,,SHARED_CANDIDATE:obj:3809,NONE,NONE,NONE,
obj:3819,a liana,structure,obstacle,./dat/objects.srv,P2,TODO,,,,SHARED_CANDIDATE:obj:3809,NONE,NONE,NONE,
obj:3820,a liana,structure,obstacle,./dat/objects.srv,P2,TODO,,,,SHARED_CANDIDATE:obj:3809,NONE,NONE,NONE,
obj:3821,a liana,structure,obstacle,./dat/objects.srv,P2,TODO,,,,SHARED_CANDIDATE:obj:3809,NONE,NONE,NONE,
obj:3825,a liana,structure,obstacle,./dat/objects.srv,P2,TODO,,,,SHARED_CANDIDATE:obj:3809,NONE,NONE,NONE,
obj:3829,a liana,structure,obstacle,./dat/objects.srv,P2,TODO,,,,SHARED_CANDIDATE:obj:3809,NONE,NONE,NONE,
obj:3830,a liana,structure,obstacle,./dat/objects.srv,P2,TODO,,,,SHARED_CANDIDATE:obj:3809,NONE,NONE,NONE,
obj:3831,a liana,structure,obstacle,./dat/objects.srv,P2,TODO,,,,SHARED_CANDIDATE:obj:3809,NONE,NONE,NONE,
obj:3833,a liana,structure,obstacle,./dat/objects.srv,P2,TODO,,,,SHARED_CANDIDATE:obj:3809,NONE,NONE,NONE,
obj:3834,a liana,structure,obstacle,./dat/objects.srv,P2,TODO,,,,SHARED_CANDIDATE:obj:3809,NONE,NONE,NONE,
obj:3835,a liana,structure,obstacle,./dat/objects.srv,P2,TODO,,,,SHARED_CANDIDATE:obj:3809,NONE,NONE,NONE,
obj:3836,a liana,structure,obstacle,./dat/objects.srv,P2,TODO,,,,SHARED_CANDIDATE:obj:3809,NONE,NONE,NONE,
obj:3837,a liana,structure,obstacle,./dat/objects.srv,P2,TODO,,,,SHARED_CANDIDATE:obj:3809,NONE,NONE,NONE,
obj:3839,a liana,structure,obstacle,./dat/objects.srv,P2,TODO,,,,SHARED_CANDIDATE:obj:3809,NONE,NONE,NONE,
obj:3840,a liana,structure,obstacle,./dat/objects.srv,P2,TODO,,,,SHARED_CANDIDATE:obj:3809,NONE,NONE,NONE,
obj:3841,a liana,structure,obstacle,./dat/objects.srv,P2,TODO,,,,SHARED_CANDIDATE:obj:3809,NONE,NONE,NONE,
obj:3842,a liana,structure,obstacle,./dat/objects.srv,P2,TODO,,,,SHARED_CANDIDATE:obj:3809,NONE,NONE,NONE,
obj:3843,a liana,structure,obstacle,./dat/objects.srv,P2,TODO,,,,SHARED_CANDIDATE:obj:3809,NONE,NONE,NONE,
obj:3844,a liana,structure,obstacle,./dat/objects.srv,P2,TODO,,,,SHARED_CANDIDATE:obj:3809,NONE,NONE,NONE,
obj:3849,a giant tree,structure,obstacle,./dat/objects.srv,P2,TODO,,,,SHARED_CANDIDATE:obj:3777,NONE,NONE,NONE,
obj:3850,a giant tree,structure,obstacle,./dat/objects.srv,P2,TODO,,,,SHARED_CANDIDATE:obj:3777,NONE,NONE,NONE,
obj:3851,a giant tree,structure,obstacle,./dat/objects.srv,P2,TODO,,,,SHARED_CANDIDATE:obj:3777,NONE,NONE,NONE,
obj:3852,a giant tree,structure,obstacle,./dat/objects.srv,P2,TODO,,,,SHARED_CANDIDATE:obj:3777,NONE,NONE,NONE,
obj:3853,a giant tree,structure,obstacle,./dat/objects.srv,P2,TODO,,,,SHARED_CANDIDATE:obj:3777,NONE,NONE,NONE,
obj:3854,a giant tree,structure,obstacle,./dat/objects.srv,P2,TODO,,,,SHARED_CANDIDATE:obj:3777,NONE,NONE,NONE,
obj:3855,a giant tree,structure,obstacle,./dat/objects.srv,P2,TODO,,,,SHARED_CANDIDATE:obj:3777,NONE,NONE,NONE,
obj:3856,a giant tree,structure,obstacle,./dat/objects.srv,P2,TODO,,,,SHARED_CANDIDATE:obj:3777,NONE,NONE,NONE,
obj:3857,a giant tree,structure,obstacle,./dat/objects.srv,P2,TODO,,,,SHARED_CANDIDATE:obj:3777,NONE,NONE,NONE,
obj:3858,a giant tree,structure,obstacle,./dat/objects.srv,P2,TODO,,,,SHARED_CANDIDATE:obj:3777,NONE,NONE,NONE,
obj:3859,a giant tree,structure,obstacle,./dat/objects.srv,P2,TODO,,,,SHARED_CANDIDATE:obj:3777,NONE,NONE,NONE,
obj:3860,a giant tree,structure,obstacle,./dat/objects.srv,P2,TODO,,,,SHARED_CANDIDATE:obj:3777,NONE,NONE,NONE,
obj:3861,a giant tree,structure,obstacle,./dat/objects.srv,P2,TODO,,,,SHARED_CANDIDATE:obj:3777,NONE,NONE,NONE,
obj:3862,a giant tree,structure,obstacle,./dat/objects.srv,P2,TODO,,,,SHARED_CANDIDATE:obj:3777,NONE,NONE,NONE,
obj:3863,a giant tree,structure,obstacle,./dat/objects.srv,P2,TODO,,,,SHARED_CANDIDATE:obj:3777,NONE,NONE,NONE,
obj:3864,a giant tree,structure,obstacle,./dat/objects.srv,P2,TODO,,,,SHARED_CANDIDATE:obj:3777,NONE,NONE,NONE,
obj:3865,a giant tree,structure,obstacle,./dat/objects.srv,P2,TODO,,,,SHARED_CANDIDATE:obj:3777,NONE,NONE,NONE,
obj:3866,a giant tree,structure,obstacle,./dat/objects.srv,P2,TODO,,,,SHARED_CANDIDATE:obj:3777,NONE,NONE,NONE,
obj:3867,a giant tree,structure,obstacle,./dat/objects.srv,P2,TODO,,,,SHARED_CANDIDATE:obj:3777,NONE,NONE,NONE,
obj:3868,a giant tree,structure,obstacle,./dat/objects.srv,P2,TODO,,,,SHARED_CANDIDATE:obj:3777,NONE,NONE,NONE,
obj:3869,a giant tree,structure,obstacle,./dat/objects.srv,P2,TODO,,,,SHARED_CANDIDATE:obj:3777,NONE,NONE,NONE,
obj:3963,a giant tree root,structure,obstacle,./dat/objects.srv,P2,TODO,,,,MESH,NONE,NONE,NONE,
obj:3964,a giant tree root,structure,obstacle,./dat/objects.srv,P2,TODO,,,,SHARED_CANDIDATE:obj:3963,NONE,NONE,NONE,
obj:4304,a pile of bones,structure,obstacle,./dat/objects.srv,P2,TODO,,,,MESH,NONE,NONE,NONE,
obj:4305,a pile of bones,structure,obstacle,./dat/objects.srv,P2,TODO,,,,SHARED_CANDIDATE:obj:4304,NONE,NONE,NONE,
obj:4925,a ship railing,structure,obstacle,./dat/objects.srv,P2,TODO,,,,MESH,NONE,NONE,NONE,
obj:4926,a ship railing,structure,obstacle,./dat/objects.srv,P2,TODO,,,,SHARED_CANDIDATE:obj:4925,NONE,NONE,NONE,
obj:4936,a ship railing,structure,obstacle,./dat/objects.srv,P2,TODO,,,,SHARED_CANDIDATE:obj:4925,NONE,NONE,NONE,
obj:4937,a ship railing,structure,obstacle,./dat/objects.srv,P2,TODO,,,,SHARED_CANDIDATE:obj:4925,NONE,NONE,NONE,
obj:4943,a mast,structure,obstacle,./dat/objects.srv,P2,TODO,,,,SHARED_CANDIDATE:obj:1769,NONE,NONE,NONE,
obj:4944,a mast,structure,obstacle,./dat/objects.srv,P2,TODO,,,,SHARED_CANDIDATE:obj:1769,NONE,NONE,NONE,
obj:4945,a mast,structure,obstacle,./dat/objects.srv,P2,TODO,,,,SHARED_CANDIDATE:obj:1769,NONE,NONE,NONE,
obj:4946,a mast,structure,obstacle,./dat/objects.srv,P2,TODO,,,,SHARED_CANDIDATE:obj:1769,NONE,NONE,NONE,
obj:4972,a bollard,structure,obstacle,./dat/objects.srv,P2,TODO,,,,MESH,NONE,NONE,NONE,
obj:4973,an anchor,structure,obstacle,./dat/objects.srv,P2,TODO,,,,MESH,NONE,NONE,NONE,
obj:4976,an anchor,structure,obstacle,./dat/objects.srv,P2,TODO,,,,SHARED_CANDIDATE:obj:4973,NONE,NONE,NONE,
obj:4977,a hawser,structure,obstacle,./dat/objects.srv,P2,TODO,,,,MESH,NONE,NONE,NONE,
obj:4978,a hawser,structure,obstacle,./dat/objects.srv,P2,TODO,,,,SHARED_CANDIDATE:obj:4977,NONE,NONE,NONE,
obj:4982,a hawser,structure,obstacle,./dat/objects.srv,P2,TODO,,,,SHARED_CANDIDATE:obj:4977,NONE,NONE,NONE,
obj:4983,a hawser,structure,obstacle,./dat/objects.srv,P2,TODO,,,,SHARED_CANDIDATE:obj:4977,NONE,NONE,NONE,
obj:4987,a cleat,structure,obstacle,./dat/objects.srv,P2,TODO,,,,MESH,NONE,NONE,NONE,
obj:4988,a hawser,structure,obstacle,./dat/objects.srv,P2,TODO,,,,SHARED_CANDIDATE:obj:4977,NONE,NONE,NONE,
obj:4995,a canopic jar,structure,obstacle,./dat/objects.srv,P2,TODO,,,,MESH,NONE,NONE,NONE,
obj:4997,a hawser,structure,obstacle,./dat/objects.srv,P2,TODO,,,,SHARED_CANDIDATE:obj:4977,NONE,NONE,NONE,
obj:4999,a hawser,structure,obstacle,./dat/objects.srv,P2,TODO,,,,SHARED_CANDIDATE:obj:4977,NONE,NONE,NONE,
obj:5006,a closed door,structure,door,./dat/objects.srv,P2,TODO,,,,SHARED_CANDIDATE:obj:1628,NONE,NONE,NONE,
obj:5007,a closed door,structure,door,./dat/objects.srv,P2,TODO,,,,SHARED_CANDIDATE:obj:1628,NONE,NONE,NONE,
obj:5082,a closed door,structure,door,./dat/objects.srv,P2,TODO,,,,SHARED_CANDIDATE:obj:1628,NONE,NONE,NONE,
obj:5084,a closed door,structure,door,./dat/objects.srv,P2,TODO,,,,SHARED_CANDIDATE:obj:1628,NONE,NONE,NONE,
obj:589,wooden floor,structure,obstacle,./dat/objects.srv,P2,TODO,,,,SHARED_CANDIDATE:obj:439,NONE,NONE,NONE,
obj:590,wooden floor,structure,obstacle,./dat/objects.srv,P2,TODO,,,,SHARED_CANDIDATE:obj:439,NONE,NONE,NONE,
obj:591,wooden floor,structure,obstacle,./dat/objects.srv,P2,TODO,,,,SHARED_CANDIDATE:obj:439,NONE,NONE,NONE,
obj:592,wooden floor,structure,obstacle,./dat/objects.srv,P2,TODO,,,,SHARED_CANDIDATE:obj:439,NONE,NONE,NONE,
obj:100,void,terrain,ground,./dat/objects.srv,P2,TODO,,,,MESH,NONE,NONE,NONE,
obj:1019,jungle grass,terrain,ground,./dat/objects.srv,P2,TODO,,,,MESH,NONE,NONE,NONE,
obj:1020,earth,terrain,ground,./dat/objects.srv,P2,TODO,,,,SHARED_CANDIDATE:obj:101,NONE,NONE,NONE,
obj:1021,earth,terrain,ground,./dat/objects.srv,P2,TODO,,,,SHARED_CANDIDATE:obj:101,NONE,NONE,NONE,
obj:1054,jungle grass,terrain,border,./dat/objects.srv,P2,TODO,,,,SHARED_CANDIDATE:obj:1019,NONE,NONE,NONE,
obj:1055,jungle grass,terrain,border,./dat/objects.srv,P2,TODO,,,,SHARED_CANDIDATE:obj:1019,NONE,NONE,NONE,
obj:1056,jungle grass,terrain,border,./dat/objects.srv,P2,TODO,,,,SHARED_CANDIDATE:obj:1019,NONE,NONE,NONE,
obj:1057,jungle grass,terrain,border,./dat/objects.srv,P2,TODO,,,,SHARED_CANDIDATE:obj:1019,NONE,NONE,NONE,
obj:1058,jungle grass,terrain,border,./dat/objects.srv,P2,TODO,,,,SHARED_CANDIDATE:obj:1019,NONE,NONE,NONE,
obj:1059,jungle grass,terrain,border,./dat/objects.srv,P2,TODO,,,,SHARED_CANDIDATE:obj:1019,NONE,NONE,NONE,
obj:106,grass,terrain,ground,./dat/objects.srv,P2,TODO,,,,SHARED_CANDIDATE:obj:102,NONE,NONE,NONE,
obj:1060,jungle grass,terrain,border,./dat/objects.srv,P2,TODO,,,,SHARED_CANDIDATE:obj:1019,NONE,NONE,NONE,
obj:1061,jungle grass,terrain,border,./dat/objects.srv,P2,TODO,,,,SHARED_CANDIDATE:obj:1019,NONE,NONE,NONE,
obj:1062,jungle grass,terrain,border,./dat/objects.srv,P2,TODO,,,,SHARED_CANDIDATE:obj:1019,NONE,NONE,NONE,
obj:1063,jungle grass,terrain,border,./dat/objects.srv,P2,TODO,,,,SHARED_CANDIDATE:obj:1019,NONE,NONE,NONE,
obj:1064,jungle grass,terrain,border,./dat/objects.srv,P2,TODO,,,,SHARED_CANDIDATE:obj:1019,NONE,NONE,NONE,
obj:1065,jungle grass,terrain,border,./dat/objects.srv,P2,TODO,,,,SHARED_CANDIDATE:obj:1019,NONE,NONE,NONE,
obj:1068,an ant trail,terrain,border,./dat/objects.srv,P2,TODO,,,,MESH,NONE,NONE,NONE,
obj:1069,an ant trail,terrain,border,./dat/objects.srv,P2,TODO,,,,SHARED_CANDIDATE:obj:1068,NONE,NONE,NONE,
obj:1070,an ant trail,terrain,border,./dat/objects.srv,P2,TODO,,,,SHARED_CANDIDATE:obj:1068,NONE,NONE,NONE,
obj:1071,an ant trail,terrain,border,./dat/objects.srv,P2,TODO,,,,SHARED_CANDIDATE:obj:1068,NONE,NONE,NONE,
obj:1072,an ant trail,terrain,border,./dat/objects.srv,P2,TODO,,,,SHARED_CANDIDATE:obj:1068,NONE,NONE,NONE,
obj:1073,an ant trail,terrain,border,./dat/objects.srv,P2,TODO,,,,SHARED_CANDIDATE:obj:1068,NONE,NONE,NONE,
obj:1074,an ant trail,terrain,border,./dat/objects.srv,P2,TODO,,,,SHARED_CANDIDATE:obj:1068,NONE,NONE,NONE,
obj:1075,an ant trail,terrain,border,./dat/objects.srv,P2,TODO,,,,SHARED_CANDIDATE:obj:1068,NONE,NONE,NONE,
obj:1076,an ant trail,terrain,border,./dat/objects.srv,P2,TODO,,,,SHARED_CANDIDATE:obj:1068,NONE,NONE,NONE,
obj:1077,an ant trail,terrain,border,./dat/objects.srv,P2,TODO,,,,SHARED_CANDIDATE:obj:1068,NONE,NONE,NONE,
obj:1078,an ant trail,terrain,border,./dat/objects.srv,P2,TODO,,,,SHARED_CANDIDATE:obj:1068,NONE,NONE,NONE,
obj:108,flowers,terrain,ground,./dat/objects.srv,P2,TODO,,,,MESH,NONE,NONE,NONE,
obj:109,flowers,terrain,ground,./dat/objects.srv,P2,TODO,,,,SHARED_CANDIDATE:obj:108,NONE,NONE,NONE,
obj:1128,a mountain,terrain,ground,./dat/objects.srv,P2,TODO,,,,SHARED_CANDIDATE:obj:1127,NONE,NONE,NONE,
obj:1156,stairs,terrain,ground,./dat/objects.srv,P2,TODO,,,,SHARED_CANDIDATE:obj:413,NONE,NONE,NONE,
obj:1168,a tiled roof,terrain,ground,./dat/objects.srv,P2,TODO,,,,SHARED_CANDIDATE:obj:1158,NONE,NONE,NONE,
obj:1169,a tiled roof,terrain,ground,./dat/objects.srv,P2,TODO,,,,SHARED_CANDIDATE:obj:1158,NONE,NONE,NONE,
obj:1171,a tiled roof,terrain,ground,./dat/objects.srv,P2,TODO,,,,SHARED_CANDIDATE:obj:1158,NONE,NONE,NONE,
obj:1178,a wooden roof,terrain,ground,./dat/objects.srv,P2,TODO,,,,MESH,NONE,NONE,NONE,
obj:1179,a wooden roof,terrain,ground,./dat/objects.srv,P2,TODO,,,,SHARED_CANDIDATE:obj:1178,NONE,NONE,NONE,
obj:1180,a wooden roof,terrain,ground,./dat/objects.srv,P2,TODO,,,,SHARED_CANDIDATE:obj:1178,NONE,NONE,NONE,
obj:1188,a wooden roof,terrain,ground,./dat/objects.srv,P2,TODO,,,,SHARED_CANDIDATE:obj:1178,NONE,NONE,NONE,
obj:1189,a wooden roof,terrain,ground,./dat/objects.srv,P2,TODO,,,,SHARED_CANDIDATE:obj:1178,NONE,NONE,NONE,
obj:1190,a wooden roof,terrain,ground,./dat/objects.srv,P2,TODO,,,,SHARED_CANDIDATE:obj:1178,NONE,NONE,NONE,
obj:1197,a dried grass roof,terrain,ground,./dat/objects.srv,P2,TODO,,,,MESH,NONE,NONE,NONE,
obj:1210,a chess board,terrain,ground,./dat/objects.srv,P2,TODO,,,,MESH,NONE,NONE,NONE,
obj:1211,a chess board,terrain,ground,./dat/objects.srv,P2,TODO,,,,SHARED_CANDIDATE:obj:1210,NONE,NONE,NONE,
obj:1212,a mill board,terrain,ground,./dat/objects.srv,P2,TODO,,,,MESH,NONE,NONE,NONE,
obj:1213,a mill board,terrain,ground,./dat/objects.srv,P2,TODO,,,,SHARED_CANDIDATE:obj:1212,NONE,NONE,NONE,
obj:1214,a mill board,terrain,ground,./dat/objects.srv,P2,TODO,,,,SHARED_CANDIDATE:obj:1212,NONE,NONE,NONE,
obj:1215,a mill board,terrain,ground,./dat/objects.srv,P2,TODO,,,,SHARED_CANDIDATE:obj:1212,NONE,NONE,NONE,
obj:1216,a mill board,terrain,ground,./dat/objects.srv,P2,TODO,,,,SHARED_CANDIDATE:obj:1212,NONE,NONE,NONE,
obj:1217,a mill board,terrain,ground,./dat/objects.srv,P2,TODO,,,,SHARED_CANDIDATE:obj:1212,NONE,NONE,NONE,
obj:1218,a mill board,terrain,ground,./dat/objects.srv,P2,TODO,,,,SHARED_CANDIDATE:obj:1212,NONE,NONE,NONE,
obj:1219,a mill board,terrain,ground,./dat/objects.srv,P2,TODO,,,,SHARED_CANDIDATE:obj:1212,NONE,NONE,NONE,
obj:1220,a mill board,terrain,ground,./dat/objects.srv,P2,TODO,,,,SHARED_CANDIDATE:obj:1212,NONE,NONE,NONE,
obj:1221,a mill board,terrain,ground,./dat/objects.srv,P2,TODO,,,,SHARED_CANDIDATE:obj:1212,NONE,NONE,NONE,
obj:1222,a mill board,terrain,ground,./dat/objects.srv,P2,TODO,,,,SHARED_CANDIDATE:obj:1212,NONE,NONE,NONE,
obj:1223,a mill board,terrain,ground,./dat/objects.srv,P2,TODO,,,,SHARED_CANDIDATE:obj:1212,NONE,NONE,NONE,
obj:1224,a mill board,terrain,ground,./dat/objects.srv,P2,TODO,,,,SHARED_CANDIDATE:obj:1212,NONE,NONE,NONE,
obj:1225,a mill board,terrain,ground,./dat/objects.srv,P2,TODO,,,,SHARED_CANDIDATE:obj:1212,NONE,NONE,NONE,
obj:1226,a mill board,terrain,ground,./dat/objects.srv,P2,TODO,,,,SHARED_CANDIDATE:obj:1212,NONE,NONE,NONE,
obj:1227,a mill board,terrain,ground,./dat/objects.srv,P2,TODO,,,,SHARED_CANDIDATE:obj:1212,NONE,NONE,NONE,
obj:1228,a mill board,terrain,ground,./dat/objects.srv,P2,TODO,,,,SHARED_CANDIDATE:obj:1212,NONE,NONE,NONE,
obj:1229,a mill board,terrain,ground,./dat/objects.srv,P2,TODO,,,,SHARED_CANDIDATE:obj:1212,NONE,NONE,NONE,
obj:1230,a mill board,terrain,ground,./dat/objects.srv,P2,TODO,,,,SHARED_CANDIDATE:obj:1212,NONE,NONE,NONE,
obj:1231,a mill board,terrain,ground,./dat/objects.srv,P2,TODO,,,,SHARED_CANDIDATE:obj:1212,NONE,NONE,NONE,
obj:1232,a mill board,terrain,ground,./dat/objects.srv,P2,TODO,,,,SHARED_CANDIDATE:obj:1212,NONE,NONE,NONE,
obj:1233,a mill board,terrain,ground,./dat/objects.srv,P2,TODO,,,,SHARED_CANDIDATE:obj:1212,NONE,NONE,NONE,
obj:1234,a mill board,terrain,ground,./dat/objects.srv,P2,TODO,,,,SHARED_CANDIDATE:obj:1212,NONE,NONE,NONE,
obj:1235,a mill board,terrain,ground,./dat/objects.srv,P2,TODO,,,,SHARED_CANDIDATE:obj:1212,NONE,NONE,NONE,
obj:1236,a mill board,terrain,ground,./dat/objects.srv,P2,TODO,,,,SHARED_CANDIDATE:obj:1212,NONE,NONE,NONE,
obj:1237,a mill board,terrain,ground,./dat/objects.srv,P2,TODO,,,,SHARED_CANDIDATE:obj:1212,NONE,NONE,NONE,
obj:1238,a mill board,terrain,ground,./dat/objects.srv,P2,TODO,,,,SHARED_CANDIDATE:obj:1212,NONE,NONE,NONE,
obj:1239,a mill board,terrain,ground,./dat/objects.srv,P2,TODO,,,,SHARED_CANDIDATE:obj:1212,NONE,NONE,NONE,
obj:1240,a mill board,terrain,ground,./dat/objects.srv,P2,TODO,,,,SHARED_CANDIDATE:obj:1212,NONE,NONE,NONE,
obj:1241,a mill board,terrain,ground,./dat/objects.srv,P2,TODO,,,,SHARED_CANDIDATE:obj:1212,NONE,NONE,NONE,
obj:1242,a mill board,terrain,ground,./dat/objects.srv,P2,TODO,,,,SHARED_CANDIDATE:obj:1212,NONE,NONE,NONE,
obj:1243,a mill board,terrain,ground,./dat/objects.srv,P2,TODO,,,,SHARED_CANDIDATE:obj:1212,NONE,NONE,NONE,
obj:1244,a mill board,terrain,ground,./dat/objects.srv,P2,TODO,,,,SHARED_CANDIDATE:obj:1212,NONE,NONE,NONE,
obj:1245,a mill board,terrain,ground,./dat/objects.srv,P2,TODO,,,,SHARED_CANDIDATE:obj:1212,NONE,NONE,NONE,
obj:1246,a mill board,terrain,ground,./dat/objects.srv,P2,TODO,,,,SHARED_CANDIDATE:obj:1212,NONE,NONE,NONE,
obj:1247,a mill board,terrain,ground,./dat/objects.srv,P2,TODO,,,,SHARED_CANDIDATE:obj:1212,NONE,NONE,NONE,
obj:1248,a mill board,terrain,ground,./dat/objects.srv,P2,TODO,,,,SHARED_CANDIDATE:obj:1212,NONE,NONE,NONE,
obj:1249,a mill board,terrain,ground,./dat/objects.srv,P2,TODO,,,,SHARED_CANDIDATE:obj:1212,NONE,NONE,NONE,
obj:1250,a mill board,terrain,ground,./dat/objects.srv,P2,TODO,,,,SHARED_CANDIDATE:obj:1212,NONE,NONE,NONE,
obj:1251,a mill board,terrain,ground,./dat/objects.srv,P2,TODO,,,,SHARED_CANDIDATE:obj:1212,NONE,NONE,NONE,
obj:1252,a mill board,terrain,ground,./dat/objects.srv,P2,TODO,,,,SHARED_CANDIDATE:obj:1212,NONE,NONE,NONE,
obj:1253,a mill board,terrain,ground,./dat/objects.srv,P2,TODO,,,,SHARED_CANDIDATE:obj:1212,NONE,NONE,NONE,
obj:1254,a mill board,terrain,ground,./dat/objects.srv,P2,TODO,,,,SHARED_CANDIDATE:obj:1212,NONE,NONE,NONE,
obj:1255,a mill board,terrain,ground,./dat/objects.srv,P2,TODO,,,,SHARED_CANDIDATE:obj:1212,NONE,NONE,NONE,
obj:1256,a mill board,terrain,ground,./dat/objects.srv,P2,TODO,,,,SHARED_CANDIDATE:obj:1212,NONE,NONE,NONE,
obj:1257,a mill board,terrain,ground,./dat/objects.srv,P2,TODO,,,,SHARED_CANDIDATE:obj:1212,NONE,NONE,NONE,
obj:1258,a mill board,terrain,ground,./dat/objects.srv,P2,TODO,,,,SHARED_CANDIDATE:obj:1212,NONE,NONE,NONE,
obj:1259,a mill board,terrain,ground,./dat/objects.srv,P2,TODO,,,,SHARED_CANDIDATE:obj:1212,NONE,NONE,NONE,
obj:1260,a mill board,terrain,ground,./dat/objects.srv,P2,TODO,,,,SHARED_CANDIDATE:obj:1212,NONE,NONE,NONE,
obj:1261,a tic-tac-toe board,terrain,ground,./dat/objects.srv,P2,TODO,,,,MESH,NONE,NONE,NONE,
obj:1262,a tic-tac-toe board,terrain,ground,./dat/objects.srv,P2,TODO,,,,SHARED_CANDIDATE:obj:1261,NONE,NONE,NONE,
obj:1263,a tic-tac-toe board,terrain,ground,./dat/objects.srv,P2,TODO,,,,SHARED_CANDIDATE:obj:1261,NONE,NONE,NONE,
obj:1264,a tic-tac-toe board,terrain,ground,./dat/objects.srv,P2,TODO,,,,SHARED_CANDIDATE:obj:1261,NONE,NONE,NONE,
obj:1265,a tic-tac-toe board,terrain,ground,./dat/objects.srv,P2,TODO,,,,SHARED_CANDIDATE:obj:1261,NONE,NONE,NONE,
obj:1266,a tic-tac-toe board,terrain,ground,./dat/objects.srv,P2,TODO,,,,SHARED_CANDIDATE:obj:1261,NONE,NONE,NONE,
obj:1267,a tic-tac-toe board,terrain,ground,./dat/objects.srv,P2,TODO,,,,SHARED_CANDIDATE:obj:1261,NONE,NONE,NONE,
obj:1268,a tic-tac-toe board,terrain,ground,./dat/objects.srv,P2,TODO,,,,SHARED_CANDIDATE:obj:1261,NONE,NONE,NONE,
obj:1269,a tic-tac-toe board,terrain,ground,./dat/objects.srv,P2,TODO,,,,SHARED_CANDIDATE:obj:1261,NONE,NONE,NONE,
obj:1316,sandstone,terrain,ground,./dat/objects.srv,P2,TODO,,,,MESH,NONE,NONE,NONE,
obj:1317,sandstone,terrain,border,./dat/objects.srv,P2,TODO,,,,SHARED_CANDIDATE:obj:1316,NONE,NONE,NONE,
obj:1318,sandstone,terrain,border,./dat/objects.srv,P2,TODO,,,,SHARED_CANDIDATE:obj:1316,NONE,NONE,NONE,
obj:1319,sandstone,terrain,border,./dat/objects.srv,P2,TODO,,,,SHARED_CANDIDATE:obj:1316,NONE,NONE,NONE,
obj:1320,sandstone,terrain,border,./dat/objects.srv,P2,TODO,,,,SHARED_CANDIDATE:obj:1316,NONE,NONE,NONE,
obj:1321,sandstone,terrain,border,./dat/objects.srv,P2,TODO,,,,SHARED_CANDIDATE:obj:1316,NONE,NONE,NONE,
obj:1322,sandstone,terrain,border,./dat/objects.srv,P2,TODO,,,,SHARED_CANDIDATE:obj:1316,NONE,NONE,NONE,
obj:1323,sandstone,terrain,border,./dat/objects.srv,P2,TODO,,,,SHARED_CANDIDATE:obj:1316,NONE,NONE,NONE,
obj:1324,sandstone,terrain,border,./dat/objects.srv,P2,TODO,,,,SHARED_CANDIDATE:obj:1316,NONE,NONE,NONE,
obj:1325,sandstone,terrain,border,./dat/objects.srv,P2,TODO,,,,SHARED_CANDIDATE:obj:1316,NONE,NONE,NONE,
obj:1326,sandstone,terrain,border,./dat/objects.srv,P2,TODO,,,,SHARED_CANDIDATE:obj:1316,NONE,NONE,NONE,
obj:1327,sandstone,terrain,border,./dat/objects.srv,P2,TODO,,,,SHARED_CANDIDATE:obj:1316,NONE,NONE,NONE,
obj:1328,sandstone,terrain,border,./dat/objects.srv,P2,TODO,,,,SHARED_CANDIDATE:obj:1316,NONE,NONE,NONE,
obj:1718,a waterfall,terrain,border,./dat/objects.srv,P2,TODO,,,,MESH,NONE,NONE,NONE,
obj:1720,a waterfall,terrain,border,./dat/objects.srv,P2,TODO,,,,SHARED_CANDIDATE:obj:1718,NONE,NONE,NONE,
obj:194,dirt,terrain,ground,./dat/objects.srv,P2,TODO,,,,SHARED_CANDIDATE:obj:103,NONE,NONE,NONE,
obj:2144,lava,terrain,ground,./dat/objects.srv,P2,TODO,,,,SHARED_CANDIDATE:obj:647,NONE,NONE,NONE,
obj:2253,a rope bridge,terrain,ground,./dat/objects.srv,P2,TODO,,,,MESH,NONE,NONE,NONE,
obj:2254,a rope bridge,terrain,ground,./dat/objects.srv,P2,TODO,,,,SHARED_CANDIDATE:obj:2253,NONE,NONE,NONE,
obj:2259,a rope bridge,terrain,ground,./dat/objects.srv,P2,TODO,,,,SHARED_CANDIDATE:obj:2253,NONE,NONE,NONE,
obj:2260,a rope bridge,terrain,ground,./dat/objects.srv,P2,TODO,,,,SHARED_CANDIDATE:obj:2253,NONE,NONE,NONE,
obj:2261,a rope bridge,terrain,ground,./dat/objects.srv,P2,TODO,,,,SHARED_CANDIDATE:obj:2253,NONE,NONE,NONE,
obj:2262,a rope bridge,terrain,ground,./dat/objects.srv,P2,TODO,,,,SHARED_CANDIDATE:obj:2253,NONE,NONE,NONE,
obj:231,sand,terrain,ground,./dat/objects.srv,P2,TODO,,,,SHARED_CANDIDATE:obj:104,NONE,NONE,NONE,
obj:2581,an oriental carpet,terrain,border,./dat/objects.srv,P2,TODO,,,,MESH,NONE,NONE,NONE,
obj:2582,an oriental carpet,terrain,border,./dat/objects.srv,P2,TODO,,,,SHARED_CANDIDATE:obj:2581,NONE,NONE,NONE,
obj:2583,an oriental carpet,terrain,border,./dat/objects.srv,P2,TODO,,,,SHARED_CANDIDATE:obj:2581,NONE,NONE,NONE,
obj:2584,an oriental carpet,terrain,border,./dat/objects.srv,P2,TODO,,,,SHARED_CANDIDATE:obj:2581,NONE,NONE,NONE,
obj:2585,an oriental carpet,terrain,border,./dat/objects.srv,P2,TODO,,,,SHARED_CANDIDATE:obj:2581,NONE,NONE,NONE,
obj:2586,an oriental carpet,terrain,border,./dat/objects.srv,P2,TODO,,,,SHARED_CANDIDATE:obj:2581,NONE,NONE,NONE,
obj:2587,a brown bear fur,terrain,border,./dat/objects.srv,P2,TODO,,,,MESH,NONE,NONE,NONE,
obj:2588,a brown bear fur,terrain,border,./dat/objects.srv,P2,TODO,,,,SHARED_CANDIDATE:obj:2587,NONE,NONE,NONE,
obj:2589,a brown bear fur,terrain,border,./dat/objects.srv,P2,TODO,,,,SHARED_CANDIDATE:obj:2587,NONE,NONE,NONE,
obj:2590,a brown bear fur,terrain,border,./dat/objects.srv,P2,TODO,,,,SHARED_CANDIDATE:obj:2587,NONE,NONE,NONE,
obj:2595,a badger fur,terrain,border,./dat/objects.srv,P2,TODO,,,,MESH,NONE,NONE,NONE,
obj:280,dirt floor,terrain,ground,./dat/objects.srv,P2,TODO,,,,MESH,NONE,NONE,NONE,
obj:370,a trapdoor,terrain,ground,./dat/objects.srv,P2,TODO,,,,SHARED_CANDIDATE:obj:369,NONE,NONE,NONE,
obj:371,dirt floor,terrain,ground,./dat/objects.srv,P2,TODO,,,,MESH,NONE,NONE,NONE,
obj:415,sandstone floor,terrain,ground,./dat/objects.srv,P2,TODO,,,,MESH,NONE,NONE,NONE,
obj:416,stone floor,terrain,ground,./dat/objects.srv,P2,TODO,,,,MESH,NONE,NONE,NONE,
obj:417,tiled floor,terrain,ground,./dat/objects.srv,P2,TODO,,,,MESH,NONE,NONE,NONE,
obj:418,stone floor,terrain,ground,./dat/objects.srv,P2,TODO,,,,SHARED_CANDIDATE:obj:416,NONE,NONE,NONE,
obj:419,a stone tile,terrain,ground,./dat/objects.srv,P2,TODO,,,,MESH,NONE,NONE,NONE,
obj:420,a stone tile,terrain,ground,./dat/objects.srv,P2,TODO,,,,SHARED_CANDIDATE:obj:419,NONE,NONE,NONE,
obj:422,a sandstone tile,terrain,ground,./dat/objects.srv,P2,TODO,,,,MESH,NONE,NONE,NONE,
obj:423,tiled floor,terrain,ground,./dat/objects.srv,P2,TODO,,,,SHARED_CANDIDATE:obj:417,NONE,NONE,NONE,
obj:424,sandstone floor,terrain,ground,./dat/objects.srv,P2,TODO,,,,SHARED_CANDIDATE:obj:415,NONE,NONE,NONE,
obj:425,sandstone floor,terrain,ground,./dat/objects.srv,P2,TODO,,,,SHARED_CANDIDATE:obj:415,NONE,NONE,NONE,
obj:426,sandstone floor,terrain,ground,./dat/objects.srv,P2,TODO,,,,MESH,NONE,NONE,NONE,
obj:427,sandstone floor,terrain,ground,./dat/objects.srv,P2,TODO,,,,MESH,NONE,NONE,NONE,
obj:430,a stone tile,terrain,ground,./dat/objects.srv,P2,TODO,,,,SHARED_CANDIDATE:obj:419,NONE,NONE,NONE,
obj:431,a stone tile,terrain,ground,./dat/objects.srv,P2,TODO,,,,SHARED_CANDIDATE:obj:419,NONE,NONE,NONE,
obj:433,a trapdoor,terrain,ground,./dat/objects.srv,P2,TODO,,,,SHARED_CANDIDATE:obj:369,NONE,NONE,NONE,
obj:4393,a drawbridge,terrain,ground,./dat/objects.srv,P2,TODO,,,,MESH,NONE,NONE,NONE,
obj:4411,a mountain,terrain,ground,./dat/objects.srv,P2,TODO,,,,SHARED_CANDIDATE:obj:1127,NONE,NONE,NONE,
obj:4412,a mountain,terrain,ground,./dat/objects.srv,P2,TODO,,,,SHARED_CANDIDATE:obj:1127,NONE,NONE,NONE,
obj:4413,a mountain,terrain,ground,./dat/objects.srv,P2,TODO,,,,SHARED_CANDIDATE:obj:1127,NONE,NONE,NONE,
obj:4414,a mountain,terrain,ground,./dat/objects.srv,P2,TODO,,,,SHARED_CANDIDATE:obj:1127,NONE,NONE,NONE,
obj:4415,a mountain,terrain,ground,./dat/objects.srv,P2,TODO,,,,SHARED_CANDIDATE:obj:1127,NONE,NONE,NONE,
obj:4416,a mountain,terrain,ground,./dat/objects.srv,P2,TODO,,,,SHARED_CANDIDATE:obj:1127,NONE,NONE,NONE,
obj:4417,a mountain,terrain,ground,./dat/objects.srv,P2,TODO,,,,SHARED_CANDIDATE:obj:1127,NONE,NONE,NONE,
obj:4419,a mountain,terrain,ground,./dat/objects.srv,P2,TODO,,,,SHARED_CANDIDATE:obj:1127,NONE,NONE,NONE,
obj:4420,a mountain,terrain,ground,./dat/objects.srv,P2,TODO,,,,SHARED_CANDIDATE:obj:1127,NONE,NONE,NONE,
obj:4421,a mountain,terrain,ground,./dat/objects.srv,P2,TODO,,,,SHARED_CANDIDATE:obj:1127,NONE,NONE,NONE,
obj:4422,a mountain,terrain,ground,./dat/objects.srv,P2,TODO,,,,SHARED_CANDIDATE:obj:1127,NONE,NONE,NONE,
obj:4423,a mountain,terrain,ground,./dat/objects.srv,P2,TODO,,,,SHARED_CANDIDATE:obj:1127,NONE,NONE,NONE,
obj:4424,a mountain,terrain,ground,./dat/objects.srv,P2,TODO,,,,SHARED_CANDIDATE:obj:1127,NONE,NONE,NONE,
obj:4425,a mountain,terrain,ground,./dat/objects.srv,P2,TODO,,,,SHARED_CANDIDATE:obj:1127,NONE,NONE,NONE,
obj:4426,a mountain,terrain,ground,./dat/objects.srv,P2,TODO,,,,SHARED_CANDIDATE:obj:1127,NONE,NONE,NONE,
obj:4449,rocks,terrain,border,./dat/objects.srv,P2,TODO,,,,SHARED_CANDIDATE:obj:1100,NONE,NONE,NONE,
obj:4503,rock soil,terrain,border,./dat/objects.srv,P2,TODO,,,,SHARED_CANDIDATE:obj:107,NONE,NONE,NONE,
obj:4504,rock soil,terrain,border,./dat/objects.srv,P2,TODO,,,,SHARED_CANDIDATE:obj:107,NONE,NONE,NONE,
obj:4506,rock soil,terrain,border,./dat/objects.srv,P2,TODO,,,,SHARED_CANDIDATE:obj:107,NONE,NONE,NONE,
obj:4508,rock soil,terrain,border,./dat/objects.srv,P2,TODO,,,,SHARED_CANDIDATE:obj:107,NONE,NONE,NONE,
obj:4509,rock soil,terrain,border,./dat/objects.srv,P2,TODO,,,,SHARED_CANDIDATE:obj:107,NONE,NONE,NONE,
obj:4512,rock soil,terrain,border,./dat/objects.srv,P2,TODO,,,,SHARED_CANDIDATE:obj:107,NONE,NONE,NONE,
obj:4513,rock soil,terrain,border,./dat/objects.srv,P2,TODO,,,,SHARED_CANDIDATE:obj:107,NONE,NONE,NONE,
obj:454,wooden floor,terrain,ground,./dat/objects.srv,P2,TODO,,,,SHARED_CANDIDATE:obj:408,NONE,NONE,NONE,
obj:4543,gravel,terrain,border,./dat/objects.srv,P2,TODO,,,,SHARED_CANDIDATE:obj:105,NONE,NONE,NONE,
obj:4544,gravel,terrain,border,./dat/objects.srv,P2,TODO,,,,SHARED_CANDIDATE:obj:105,NONE,NONE,NONE,
obj:4545,gravel,terrain,border,./dat/objects.srv,P2,TODO,,,,SHARED_CANDIDATE:obj:105,NONE,NONE,NONE,
obj:4546,gravel,terrain,border,./dat/objects.srv,P2,TODO,,,,SHARED_CANDIDATE:obj:105,NONE,NONE,NONE,
obj:4547,gravel,terrain,border,./dat/objects.srv,P2,TODO,,,,SHARED_CANDIDATE:obj:105,NONE,NONE,NONE,
obj:4548,gravel,terrain,border,./dat/objects.srv,P2,TODO,,,,SHARED_CANDIDATE:obj:105,NONE,NONE,NONE,
obj:4549,gravel,terrain,border,./dat/objects.srv,P2,TODO,,,,SHARED_CANDIDATE:obj:105,NONE,NONE,NONE,
obj:455,wooden floor,terrain,ground,./dat/objects.srv,P2,TODO,,,,SHARED_CANDIDATE:obj:408,NONE,NONE,NONE,
obj:4550,gravel,terrain,border,./dat/objects.srv,P2,TODO,,,,SHARED_CANDIDATE:obj:105,NONE,NONE,NONE,
obj:4551,gravel,terrain,border,./dat/objects.srv,P2,TODO,,,,SHARED_CANDIDATE:obj:105,NONE,NONE,NONE,
obj:4552,gravel,terrain,border,./dat/objects.srv,P2,TODO,,,,SHARED_CANDIDATE:obj:105,NONE,NONE,NONE,
obj:4553,gravel,terrain,border,./dat/objects.srv,P2,TODO,,,,SHARED_CANDIDATE:obj:105,NONE,NONE,NONE,
obj:4554,gravel,terrain,border,./dat/objects.srv,P2,TODO,,,,SHARED_CANDIDATE:obj:105,NONE,NONE,NONE,
obj:456,wooden floor,terrain,ground,./dat/objects.srv,P2,TODO,,,,SHARED_CANDIDATE:obj:408,NONE,NONE,NONE,
obj:457,wooden floor,terrain,ground,./dat/objects.srv,P2,TODO,,,,SHARED_CANDIDATE:obj:408,NONE,NONE,NONE,
obj:458,wooden floor,terrain,ground,./dat/objects.srv,P2,TODO,,,,SHARED_CANDIDATE:obj:408,NONE,NONE,NONE,
obj:4585,sand,terrain,border,./dat/objects.srv,P2,TODO,,,,SHARED_CANDIDATE:obj:104,NONE,NONE,NONE,
obj:4586,sand,terrain,border,./dat/objects.srv,P2,TODO,,,,SHARED_CANDIDATE:obj:104,NONE,NONE,NONE,
obj:4587,sand,terrain,border,./dat/objects.srv,P2,TODO,,,,SHARED_CANDIDATE:obj:104,NONE,NONE,NONE,
obj:4588,sand,terrain,border,./dat/objects.srv,P2,TODO,,,,SHARED_CANDIDATE:obj:104,NONE,NONE,NONE,
obj:4589,sand,terrain,border,./dat/objects.srv,P2,TODO,,,,SHARED_CANDIDATE:obj:104,NONE,NONE,NONE,
obj:459,wooden floor,terrain,ground,./dat/objects.srv,P2,TODO,,,,SHARED_CANDIDATE:obj:408,NONE,NONE,NONE,
obj:4590,sand,terrain,border,./dat/objects.srv,P2,TODO,,,,SHARED_CANDIDATE:obj:104,NONE,NONE,NONE,
obj:4591,sand,terrain,border,./dat/objects.srv,P2,TODO,,,,SHARED_CANDIDATE:obj:104,NONE,NONE,NONE,
obj:4592,sand,terrain,border,./dat/objects.srv,P2,TODO,,,,SHARED_CANDIDATE:obj:104,NONE,NONE,NONE,
obj:4593,sand,terrain,border,./dat/objects.srv,P2,TODO,,,,SHARED_CANDIDATE:obj:104,NONE,NONE,NONE,
obj:4594,sand,terrain,border,./dat/objects.srv,P2,TODO,,,,SHARED_CANDIDATE:obj:104,NONE,NONE,NONE,
obj:4595,sand,terrain,border,./dat/objects.srv,P2,TODO,,,,SHARED_CANDIDATE:obj:104,NONE,NONE,NONE,
obj:4596,sand,terrain,border,./dat/objects.srv,P2,TODO,,,,SHARED_CANDIDATE:obj:104,NONE,NONE,NONE,
obj:460,wooden floor,terrain,ground,./dat/objects.srv,P2,TODO,,,,SHARED_CANDIDATE:obj:408,NONE,NONE,NONE,
obj:461,wooden floor,terrain,ground,./dat/objects.srv,P2,TODO,,,,SHARED_CANDIDATE:obj:408,NONE,NONE,NONE,
obj:462,wooden floor,terrain,ground,./dat/objects.srv,P2,TODO,,,,SHARED_CANDIDATE:obj:408,NONE,NONE,NONE,
obj:463,a white stone tile,terrain,ground,./dat/objects.srv,P2,TODO,,,,MESH,NONE,NONE,NONE,
obj:464,wooden floor,terrain,ground,./dat/objects.srv,P2,TODO,,,,SHARED_CANDIDATE:obj:408,NONE,NONE,NONE,
obj:4664,dirt,terrain,border,./dat/objects.srv,P2,TODO,,,,SHARED_CANDIDATE:obj:103,NONE,NONE,NONE,
obj:4666,dirt,terrain,border,./dat/objects.srv,P2,TODO,,,,SHARED_CANDIDATE:obj:103,NONE,NONE,NONE,
obj:4668,dirt,terrain,border,./dat/objects.srv,P2,TODO,,,,SHARED_CANDIDATE:obj:103,NONE,NONE,NONE,
obj:4669,dirt,terrain,border,./dat/objects.srv,P2,TODO,,,,SHARED_CANDIDATE:obj:103,NONE,NONE,NONE,
obj:4670,dirt,terrain,border,./dat/objects.srv,P2,TODO,,,,SHARED_CANDIDATE:obj:103,NONE,NONE,NONE,
obj:4671,dirt,terrain,border,./dat/objects.srv,P2,TODO,,,,SHARED_CANDIDATE:obj:103,NONE,NONE,NONE,
obj:4672,dirt,terrain,border,./dat/objects.srv,P2,TODO,,,,SHARED_CANDIDATE:obj:103,NONE,NONE,NONE,
obj:4673,dirt,terrain,border,./dat/objects.srv,P2,TODO,,,,SHARED_CANDIDATE:obj:103,NONE,NONE,NONE,
obj:4674,dirt,terrain,border,./dat/objects.srv,P2,TODO,,,,SHARED_CANDIDATE:obj:103,NONE,NONE,NONE,
obj:4675,dirt,terrain,border,./dat/objects.srv,P2,TODO,,,,SHARED_CANDIDATE:obj:103,NONE,NONE,NONE,
obj:4676,dirt,terrain,border,./dat/objects.srv,P2,TODO,,,,SHARED_CANDIDATE:obj:103,NONE,NONE,NONE,
obj:4677,dirt,terrain,border,./dat/objects.srv,P2,TODO,,,,SHARED_CANDIDATE:obj:103,NONE,NONE,NONE,
obj:4691,swamp,terrain,ground,./dat/objects.srv,P2,TODO,,,,SHARED_CANDIDATE:obj:659,NONE,NONE,NONE,
obj:4695,swamp,terrain,ground,./dat/objects.srv,P2,TODO,,,,SHARED_CANDIDATE:obj:659,NONE,NONE,NONE,
obj:470,nothing special,terrain,ground,./dat/objects.srv,P2,TODO,,,,MESH,NONE,NONE,NONE,
obj:4700,swamp,terrain,ground,./dat/objects.srv,P2,TODO,,,,SHARED_CANDIDATE:obj:659,NONE,NONE,NONE,
obj:471,stairs,terrain,ground,./dat/objects.srv,P2,TODO,,,,ALIAS_OF:obj:451,NONE,NONE,NONE,
obj:4714,swamp,terrain,border,./dat/objects.srv,P2,TODO,,,,SHARED_CANDIDATE:obj:659,NONE,NONE,NONE,
obj:4715,swamp,terrain,border,./dat/objects.srv,P2,TODO,,,,SHARED_CANDIDATE:obj:659,NONE,NONE,NONE,
obj:4716,swamp,terrain,border,./dat/objects.srv,P2,TODO,,,,SHARED_CANDIDATE:obj:659,NONE,NONE,NONE,
obj:4717,swamp,terrain,border,./dat/objects.srv,P2,TODO,,,,SHARED_CANDIDATE:obj:659,NONE,NONE,NONE,
obj:4718,swamp,terrain,border,./dat/objects.srv,P2,TODO,,,,SHARED_CANDIDATE:obj:659,NONE,NONE,NONE,
obj:4719,swamp,terrain,border,./dat/objects.srv,P2,TODO,,,,SHARED_CANDIDATE:obj:659,NONE,NONE,NONE,
obj:472,stairs,terrain,ground,./dat/objects.srv,P2,TODO,,,,ALIAS_OF:obj:451,NONE,NONE,NONE,
obj:4720,swamp,terrain,border,./dat/objects.srv,P2,TODO,,,,SHARED_CANDIDATE:obj:659,NONE,NONE,NONE,
obj:4721,swamp,terrain,border,./dat/objects.srv,P2,TODO,,,,SHARED_CANDIDATE:obj:659,NONE,NONE,NONE,
obj:4722,swamp,terrain,border,./dat/objects.srv,P2,TODO,,,,SHARED_CANDIDATE:obj:659,NONE,NONE,NONE,
obj:4726,snow,terrain,border,./dat/objects.srv,P2,TODO,,,,SHARED_CANDIDATE:obj:799,NONE,NONE,NONE,
obj:4727,snow,terrain,border,./dat/objects.srv,P2,TODO,,,,SHARED_CANDIDATE:obj:799,NONE,NONE,NONE,
obj:4728,snow,terrain,border,./dat/objects.srv,P2,TODO,,,,SHARED_CANDIDATE:obj:799,NONE,NONE,NONE,
obj:4729,snow,terrain,border,./dat/objects.srv,P2,TODO,,,,SHARED_CANDIDATE:obj:799,NONE,NONE,NONE,
obj:473,stairs,terrain,ground,./dat/objects.srv,P2,TODO,,,,ALIAS_OF:obj:451,NONE,NONE,NONE,
obj:4730,snow,terrain,border,./dat/objects.srv,P2,TODO,,,,SHARED_CANDIDATE:obj:799,NONE,NONE,NONE,
obj:4731,snow,terrain,border,./dat/objects.srv,P2,TODO,,,,SHARED_CANDIDATE:obj:799,NONE,NONE,NONE,
obj:4732,snow,terrain,border,./dat/objects.srv,P2,TODO,,,,SHARED_CANDIDATE:obj:799,NONE,NONE,NONE,
obj:4733,snow,terrain,border,./dat/objects.srv,P2,TODO,,,,SHARED_CANDIDATE:obj:799,NONE,NONE,NONE,
obj:4734,snow,terrain,border,./dat/objects.srv,P2,TODO,,,,SHARED_CANDIDATE:obj:799,NONE,NONE,NONE,
obj:4735,snow,terrain,border,./dat/objects.srv,P2,TODO,,,,SHARED_CANDIDATE:obj:799,NONE,NONE,NONE,
obj:4736,snow,terrain,border,./dat/objects.srv,P2,TODO,,,,SHARED_CANDIDATE:obj:799,NONE,NONE,NONE,
obj:4737,snow,terrain,border,./dat/objects.srv,P2,TODO,,,,SHARED_CANDIDATE:obj:799,NONE,NONE,NONE,
obj:474,stairs,terrain,ground,./dat/objects.srv,P2,TODO,,,,ALIAS_OF:obj:451,NONE,NONE,NONE,
obj:4749,sand,terrain,border,./dat/objects.srv,P2,TODO,,,,SHARED_CANDIDATE:obj:104,NONE,NONE,NONE,
obj:475,a closed trapdoor,terrain,ground,./dat/objects.srv,P2,TODO,,,,MESH,NONE,NONE,NONE,
obj:4750,sand,terrain,border,./dat/objects.srv,P2,TODO,,,,SHARED_CANDIDATE:obj:104,NONE,NONE,NONE,
obj:4751,sand,terrain,border,./dat/objects.srv,P2,TODO,,,,SHARED_CANDIDATE:obj:104,NONE,NONE,NONE,
obj:4752,sand,terrain,border,./dat/objects.srv,P2,TODO,,,,SHARED_CANDIDATE:obj:104,NONE,NONE,NONE,
obj:4753,sand,terrain,border,./dat/objects.srv,P2,TODO,,,,SHARED_CANDIDATE:obj:104,NONE,NONE,NONE,
obj:4754,sand,terrain,border,./dat/objects.srv,P2,TODO,,,,SHARED_CANDIDATE:obj:104,NONE,NONE,NONE,
obj:4755,sand,terrain,border,./dat/objects.srv,P2,TODO,,,,SHARED_CANDIDATE:obj:104,NONE,NONE,NONE,
obj:4756,sand,terrain,border,./dat/objects.srv,P2,TODO,,,,SHARED_CANDIDATE:obj:104,NONE,NONE,NONE,
obj:4757,sand,terrain,border,./dat/objects.srv,P2,TODO,,,,SHARED_CANDIDATE:obj:104,NONE,NONE,NONE,
obj:4758,sand,terrain,border,./dat/objects.srv,P2,TODO,,,,SHARED_CANDIDATE:obj:104,NONE,NONE,NONE,
obj:4759,sand,terrain,border,./dat/objects.srv,P2,TODO,,,,SHARED_CANDIDATE:obj:104,NONE,NONE,NONE,
obj:4760,sand,terrain,border,./dat/objects.srv,P2,TODO,,,,SHARED_CANDIDATE:obj:104,NONE,NONE,NONE,
obj:4761,sand,terrain,border,./dat/objects.srv,P2,TODO,,,,SHARED_CANDIDATE:obj:104,NONE,NONE,NONE,
obj:4762,sand,terrain,border,./dat/objects.srv,P2,TODO,,,,SHARED_CANDIDATE:obj:104,NONE,NONE,NONE,
obj:4763,sand,terrain,border,./dat/objects.srv,P2,TODO,,,,SHARED_CANDIDATE:obj:104,NONE,NONE,NONE,
obj:4764,sand,terrain,border,./dat/objects.srv,P2,TODO,,,,SHARED_CANDIDATE:obj:104,NONE,NONE,NONE,
obj:4765,sand,terrain,border,./dat/objects.srv,P2,TODO,,,,SHARED_CANDIDATE:obj:104,NONE,NONE,NONE,
obj:4766,sand,terrain,border,./dat/objects.srv,P2,TODO,,,,SHARED_CANDIDATE:obj:104,NONE,NONE,NONE,
obj:4767,sand,terrain,border,./dat/objects.srv,P2,TODO,,,,SHARED_CANDIDATE:obj:104,NONE,NONE,NONE,
obj:4768,sand,terrain,border,./dat/objects.srv,P2,TODO,,,,SHARED_CANDIDATE:obj:104,NONE,NONE,NONE,
obj:4769,sand,terrain,border,./dat/objects.srv,P2,TODO,,,,SHARED_CANDIDATE:obj:104,NONE,NONE,NONE,
obj:4770,sand,terrain,border,./dat/objects.srv,P2,TODO,,,,SHARED_CANDIDATE:obj:104,NONE,NONE,NONE,
obj:4771,sand,terrain,border,./dat/objects.srv,P2,TODO,,,,SHARED_CANDIDATE:obj:104,NONE,NONE,NONE,
obj:4772,sand,terrain,border,./dat/objects.srv,P2,TODO,,,,SHARED_CANDIDATE:obj:104,NONE,NONE,NONE,
obj:4773,grass,terrain,border,./dat/objects.srv,P2,TODO,,,,SHARED_CANDIDATE:obj:102,NONE,NONE,NONE,
obj:4774,grass,terrain,border,./dat/objects.srv,P2,TODO,,,,SHARED_CANDIDATE:obj:102,NONE,NONE,NONE,
obj:4775,grass,terrain,border,./dat/objects.srv,P2,TODO,,,,SHARED_CANDIDATE:obj:102,NONE,NONE,NONE,
obj:4776,grass,terrain,border,./dat/objects.srv,P2,TODO,,,,SHARED_CANDIDATE:obj:102,NONE,NONE,NONE,
obj:4777,grass,terrain,border,./dat/objects.srv,P2,TODO,,,,SHARED_CANDIDATE:obj:102,NONE,NONE,NONE,
obj:4778,grass,terrain,border,./dat/objects.srv,P2,TODO,,,,SHARED_CANDIDATE:obj:102,NONE,NONE,NONE,
obj:4779,grass,terrain,border,./dat/objects.srv,P2,TODO,,,,SHARED_CANDIDATE:obj:102,NONE,NONE,NONE,
obj:478,a sandstone wall,terrain,ground,./dat/objects.srv,P2,TODO,,,,MESH,NONE,NONE,NONE,
obj:4780,grass,terrain,border,./dat/objects.srv,P2,TODO,,,,SHARED_CANDIDATE:obj:102,NONE,NONE,NONE,
obj:4781,grass,terrain,border,./dat/objects.srv,P2,TODO,,,,SHARED_CANDIDATE:obj:102,NONE,NONE,NONE,
obj:4782,grass,terrain,border,./dat/objects.srv,P2,TODO,,,,SHARED_CANDIDATE:obj:102,NONE,NONE,NONE,
obj:4783,grass,terrain,border,./dat/objects.srv,P2,TODO,,,,SHARED_CANDIDATE:obj:102,NONE,NONE,NONE,
obj:4784,grass,terrain,border,./dat/objects.srv,P2,TODO,,,,SHARED_CANDIDATE:obj:102,NONE,NONE,NONE,
obj:4797,lava,terrain,border,./dat/objects.srv,P2,TODO,,,,SHARED_CANDIDATE:obj:647,NONE,NONE,NONE,
obj:4798,lava,terrain,border,./dat/objects.srv,P2,TODO,,,,SHARED_CANDIDATE:obj:647,NONE,NONE,NONE,
obj:4799,lava,terrain,border,./dat/objects.srv,P2,TODO,,,,SHARED_CANDIDATE:obj:647,NONE,NONE,NONE,
obj:480,a sandstone wall,terrain,ground,./dat/objects.srv,P2,TODO,,,,SHARED_CANDIDATE:obj:478,NONE,NONE,NONE,
obj:4800,lava,terrain,border,./dat/objects.srv,P2,TODO,,,,SHARED_CANDIDATE:obj:647,NONE,NONE,NONE,
obj:4801,lava,terrain,border,./dat/objects.srv,P2,TODO,,,,SHARED_CANDIDATE:obj:647,NONE,NONE,NONE,
obj:4802,lava,terrain,border,./dat/objects.srv,P2,TODO,,,,SHARED_CANDIDATE:obj:647,NONE,NONE,NONE,
obj:4803,lava,terrain,border,./dat/objects.srv,P2,TODO,,,,SHARED_CANDIDATE:obj:647,NONE,NONE,NONE,
obj:4804,lava,terrain,border,./dat/objects.srv,P2,TODO,,,,SHARED_CANDIDATE:obj:647,NONE,NONE,NONE,
obj:4805,lava,terrain,border,./dat/objects.srv,P2,TODO,,,,SHARED_CANDIDATE:obj:647,NONE,NONE,NONE,
obj:4806,lava,terrain,border,./dat/objects.srv,P2,TODO,,,,SHARED_CANDIDATE:obj:647,NONE,NONE,NONE,
obj:4807,lava,terrain,border,./dat/objects.srv,P2,TODO,,,,SHARED_CANDIDATE:obj:647,NONE,NONE,NONE,
obj:4808,lava,terrain,border,./dat/objects.srv,P2,TODO,,,,SHARED_CANDIDATE:obj:647,NONE,NONE,NONE,
obj:4809,shallow water,terrain,ground,./dat/objects.srv,P2,TODO,,,,SHARED_CANDIDATE:obj:865,NONE,NONE,NONE,
obj:4810,shallow water,terrain,ground,./dat/objects.srv,P2,TODO,,,,SHARED_CANDIDATE:obj:865,NONE,NONE,NONE,
obj:4811,shallow water,terrain,ground,./dat/objects.srv,P2,TODO,,,,SHARED_CANDIDATE:obj:865,NONE,NONE,NONE,
obj:4812,shallow water,terrain,ground,./dat/objects.srv,P2,TODO,,,,SHARED_CANDIDATE:obj:865,NONE,NONE,NONE,
obj:4813,shallow water,terrain,ground,./dat/objects.srv,P2,TODO,,,,SHARED_CANDIDATE:obj:865,NONE,NONE,NONE,
obj:4814,shallow water,terrain,ground,./dat/objects.srv,P2,TODO,,,,SHARED_CANDIDATE:obj:865,NONE,NONE,NONE,
obj:4817,shallow water,terrain,border,./dat/objects.srv,P2,TODO,,,,SHARED_CANDIDATE:obj:865,NONE,NONE,NONE,
obj:4818,shallow water,terrain,border,./dat/objects.srv,P2,TODO,,,,SHARED_CANDIDATE:obj:865,NONE,NONE,NONE,
obj:4819,shallow water,terrain,border,./dat/objects.srv,P2,TODO,,,,SHARED_CANDIDATE:obj:865,NONE,NONE,NONE,
obj:482,a trapdoor,terrain,ground,./dat/objects.srv,P2,TODO,,,,SHARED_CANDIDATE:obj:369,NONE,NONE,NONE,
obj:4820,shallow water,terrain,border,./dat/objects.srv,P2,TODO,,,,SHARED_CANDIDATE:obj:865,NONE,NONE,NONE,
obj:4824,stairs,terrain,ground,./dat/objects.srv,P2,TODO,,,,SHARED_CANDIDATE:obj:413,NONE,NONE,NONE,
obj:483,a trapdoor,terrain,ground,./dat/objects.srv,P2,TODO,,,,SHARED_CANDIDATE:obj:369,NONE,NONE,NONE,
obj:486,wooden floor,terrain,ground,./dat/objects.srv,P2,TODO,,,,SHARED_CANDIDATE:obj:408,NONE,NONE,NONE,
obj:487,wooden floor,terrain,ground,./dat/objects.srv,P2,TODO,,,,SHARED_CANDIDATE:obj:408,NONE,NONE,NONE,
obj:488,wooden floor,terrain,ground,./dat/objects.srv,P2,TODO,,,,SHARED_CANDIDATE:obj:408,NONE,NONE,NONE,
obj:489,wooden floor,terrain,ground,./dat/objects.srv,P2,TODO,,,,SHARED_CANDIDATE:obj:408,NONE,NONE,NONE,
obj:490,wooden floor,terrain,ground,./dat/objects.srv,P2,TODO,,,,SHARED_CANDIDATE:obj:408,NONE,NONE,NONE,
obj:491,wooden floor,terrain,ground,./dat/objects.srv,P2,TODO,,,,SHARED_CANDIDATE:obj:408,NONE,NONE,NONE,
obj:492,wooden floor,terrain,ground,./dat/objects.srv,P2,TODO,,,,SHARED_CANDIDATE:obj:408,NONE,NONE,NONE,
obj:493,wooden floor,terrain,ground,./dat/objects.srv,P2,TODO,,,,SHARED_CANDIDATE:obj:408,NONE,NONE,NONE,
obj:494,wooden floor,terrain,ground,./dat/objects.srv,P2,TODO,,,,SHARED_CANDIDATE:obj:408,NONE,NONE,NONE,
obj:495,wooden floor,terrain,ground,./dat/objects.srv,P2,TODO,,,,SHARED_CANDIDATE:obj:408,NONE,NONE,NONE,
obj:4953,a sail,terrain,ground,./dat/objects.srv,P2,TODO,,,,MESH,NONE,NONE,NONE,
obj:4954,a sail,terrain,ground,./dat/objects.srv,P2,TODO,,,,SHARED_CANDIDATE:obj:4953,NONE,NONE,NONE,
obj:4955,a sail,terrain,ground,./dat/objects.srv,P2,TODO,,,,SHARED_CANDIDATE:obj:4953,NONE,NONE,NONE,
obj:4956,a sail,terrain,ground,./dat/objects.srv,P2,TODO,,,,SHARED_CANDIDATE:obj:4953,NONE,NONE,NONE,
obj:4957,a sail,terrain,ground,./dat/objects.srv,P2,TODO,,,,SHARED_CANDIDATE:obj:4953,NONE,NONE,NONE,
obj:4958,a sail,terrain,ground,./dat/objects.srv,P2,TODO,,,,SHARED_CANDIDATE:obj:4953,NONE,NONE,NONE,
obj:4959,a sail,terrain,ground,./dat/objects.srv,P2,TODO,,,,SHARED_CANDIDATE:obj:4953,NONE,NONE,NONE,
obj:496,wooden floor,terrain,ground,./dat/objects.srv,P2,TODO,,,,SHARED_CANDIDATE:obj:408,NONE,NONE,NONE,
obj:4960,a sail,terrain,ground,./dat/objects.srv,P2,TODO,,,,SHARED_CANDIDATE:obj:4953,NONE,NONE,NONE,
obj:497,wooden floor,terrain,ground,./dat/objects.srv,P2,TODO,,,,SHARED_CANDIDATE:obj:408,NONE,NONE,NONE,
obj:4971,a ventilation grille,terrain,ground,./dat/objects.srv,P2,TODO,,,,MESH,NONE,NONE,NONE,
obj:498,wooden floor,terrain,ground,./dat/objects.srv,P2,TODO,,,,SHARED_CANDIDATE:obj:408,NONE,NONE,NONE,
obj:499,stone floor,terrain,ground,./dat/objects.srv,P2,TODO,,,,SHARED_CANDIDATE:obj:416,NONE,NONE,NONE,
obj:500,stone floor,terrain,ground,./dat/objects.srv,P2,TODO,,,,SHARED_CANDIDATE:obj:416,NONE,NONE,NONE,
obj:501,stone floor,terrain,ground,./dat/objects.srv,P2,TODO,,,,SHARED_CANDIDATE:obj:416,NONE,NONE,NONE,
obj:502,stone floor,terrain,ground,./dat/objects.srv,P2,TODO,,,,SHARED_CANDIDATE:obj:416,NONE,NONE,NONE,
obj:503,stone floor,terrain,ground,./dat/objects.srv,P2,TODO,,,,SHARED_CANDIDATE:obj:416,NONE,NONE,NONE,
obj:504,stone floor,terrain,ground,./dat/objects.srv,P2,TODO,,,,SHARED_CANDIDATE:obj:416,NONE,NONE,NONE,
obj:505,a large stone carving,terrain,ground,./dat/objects.srv,P2,TODO,,,,MESH,NONE,NONE,NONE,
obj:506,a large stone carving,terrain,ground,./dat/objects.srv,P2,TODO,,,,SHARED_CANDIDATE:obj:505,NONE,NONE,NONE,
obj:507,a large stone carving,terrain,ground,./dat/objects.srv,P2,TODO,,,,SHARED_CANDIDATE:obj:505,NONE,NONE,NONE,
obj:508,a large stone carving,terrain,ground,./dat/objects.srv,P2,TODO,,,,SHARED_CANDIDATE:obj:505,NONE,NONE,NONE,
obj:5081,a ladder,terrain,ground,./dat/objects.srv,P2,TODO,,,,MESH,NONE,NONE,NONE,
obj:509,a large stone carving,terrain,ground,./dat/objects.srv,P2,TODO,,,,SHARED_CANDIDATE:obj:505,NONE,NONE,NONE,
obj:510,a large stone carving,terrain,ground,./dat/objects.srv,P2,TODO,,,,SHARED_CANDIDATE:obj:505,NONE,NONE,NONE,
obj:511,a large stone carving,terrain,ground,./dat/objects.srv,P2,TODO,,,,SHARED_CANDIDATE:obj:505,NONE,NONE,NONE,
obj:512,a large stone carving,terrain,ground,./dat/objects.srv,P2,TODO,,,,SHARED_CANDIDATE:obj:505,NONE,NONE,NONE,
obj:513,a carved stone tile,terrain,ground,./dat/objects.srv,P2,TODO,,,,MESH,NONE,NONE,NONE,
obj:514,a carved stone tile,terrain,ground,./dat/objects.srv,P2,TODO,,,,SHARED_CANDIDATE:obj:513,NONE,NONE,NONE,
obj:515,a carved stone tile,terrain,ground,./dat/objects.srv,P2,TODO,,,,SHARED_CANDIDATE:obj:513,NONE,NONE,NONE,
obj:516,a carved stone tile,terrain,ground,./dat/objects.srv,P2,TODO,,,,SHARED_CANDIDATE:obj:513,NONE,NONE,NONE,
obj:517,a carved stone tile,terrain,ground,./dat/objects.srv,P2,TODO,,,,SHARED_CANDIDATE:obj:513,NONE,NONE,NONE,
obj:518,a carved stone tile,terrain,ground,./dat/objects.srv,P2,TODO,,,,SHARED_CANDIDATE:obj:513,NONE,NONE,NONE,
obj:519,a carved stone tile,terrain,ground,./dat/objects.srv,P2,TODO,,,,SHARED_CANDIDATE:obj:513,NONE,NONE,NONE,
obj:520,ornamented floor,terrain,ground,./dat/objects.srv,P2,TODO,,,,MESH,NONE,NONE,NONE,
obj:521,ornamented floor,terrain,ground,./dat/objects.srv,P2,TODO,,,,SHARED_CANDIDATE:obj:520,NONE,NONE,NONE,
obj:522,ornamented floor,terrain,ground,./dat/objects.srv,P2,TODO,,,,SHARED_CANDIDATE:obj:520,NONE,NONE,NONE,
obj:523,ornamented floor,terrain,ground,./dat/objects.srv,P2,TODO,,,,SHARED_CANDIDATE:obj:520,NONE,NONE,NONE,
obj:524,ornamented floor,terrain,ground,./dat/objects.srv,P2,TODO,,,,SHARED_CANDIDATE:obj:520,NONE,NONE,NONE,
obj:525,ornamented floor,terrain,ground,./dat/objects.srv,P2,TODO,,,,SHARED_CANDIDATE:obj:520,NONE,NONE,NONE,
obj:526,ornamented floor,terrain,ground,./dat/objects.srv,P2,TODO,,,,SHARED_CANDIDATE:obj:520,NONE,NONE,NONE,
obj:527,ornamented floor,terrain,ground,./dat/objects.srv,P2,TODO,,,,SHARED_CANDIDATE:obj:520,NONE,NONE,NONE,
obj:528,ornamented floor,terrain,ground,./dat/objects.srv,P2,TODO,,,,SHARED_CANDIDATE:obj:520,NONE,NONE,NONE,
obj:529,stone floor,terrain,ground,./dat/objects.srv,P2,TODO,,,,SHARED_CANDIDATE:obj:416,NONE,NONE,NONE,
obj:530,stone floor,terrain,ground,./dat/objects.srv,P2,TODO,,,,SHARED_CANDIDATE:obj:416,NONE,NONE,NONE,
obj:531,stone floor,terrain,ground,./dat/objects.srv,P2,TODO,,,,SHARED_CANDIDATE:obj:416,NONE,NONE,NONE,
obj:532,stone floor,terrain,ground,./dat/objects.srv,P2,TODO,,,,SHARED_CANDIDATE:obj:416,NONE,NONE,NONE,
obj:533,stone floor,terrain,ground,./dat/objects.srv,P2,TODO,,,,SHARED_CANDIDATE:obj:416,NONE,NONE,NONE,
obj:534,stone floor,terrain,ground,./dat/objects.srv,P2,TODO,,,,SHARED_CANDIDATE:obj:416,NONE,NONE,NONE,
obj:535,stone floor,terrain,border,./dat/objects.srv,P2,TODO,,,,SHARED_CANDIDATE:obj:416,NONE,NONE,NONE,
obj:536,stone floor,terrain,border,./dat/objects.srv,P2,TODO,,,,SHARED_CANDIDATE:obj:416,NONE,NONE,NONE,
obj:537,ornamented floor,terrain,ground,./dat/objects.srv,P2,TODO,,,,SHARED_CANDIDATE:obj:520,NONE,NONE,NONE,
obj:538,ornamented floor,terrain,ground,./dat/objects.srv,P2,TODO,,,,SHARED_CANDIDATE:obj:520,NONE,NONE,NONE,
obj:539,ornamented floor,terrain,ground,./dat/objects.srv,P2,TODO,,,,SHARED_CANDIDATE:obj:520,NONE,NONE,NONE,
obj:540,ornamented floor,terrain,ground,./dat/objects.srv,P2,TODO,,,,SHARED_CANDIDATE:obj:520,NONE,NONE,NONE,
obj:541,ornamented floor,terrain,ground,./dat/objects.srv,P2,TODO,,,,SHARED_CANDIDATE:obj:520,NONE,NONE,NONE,
obj:542,ornamented floor,terrain,ground,./dat/objects.srv,P2,TODO,,,,SHARED_CANDIDATE:obj:520,NONE,NONE,NONE,
obj:543,ornamented floor,terrain,ground,./dat/objects.srv,P2,TODO,,,,SHARED_CANDIDATE:obj:520,NONE,NONE,NONE,
obj:544,ornamented floor,terrain,ground,./dat/objects.srv,P2,TODO,,,,SHARED_CANDIDATE:obj:520,NONE,NONE,NONE,
obj:545,ornamented floor,terrain,ground,./dat/objects.srv,P2,TODO,,,,SHARED_CANDIDATE:obj:520,NONE,NONE,NONE,
obj:546,a snake ornament,terrain,ground,./dat/objects.srv,P2,TODO,,,,MESH,NONE,NONE,NONE,
obj:547,a snake ornament,terrain,ground,./dat/objects.srv,P2,TODO,,,,SHARED_CANDIDATE:obj:546,NONE,NONE,NONE,
obj:548,a snake ornament,terrain,ground,./dat/objects.srv,P2,TODO,,,,SHARED_CANDIDATE:obj:546,NONE,NONE,NONE,
obj:549,a snake ornament,terrain,ground,./dat/objects.srv,P2,TODO,,,,SHARED_CANDIDATE:obj:546,NONE,NONE,NONE,
obj:550,a snake ornament,terrain,ground,./dat/objects.srv,P2,TODO,,,,SHARED_CANDIDATE:obj:546,NONE,NONE,NONE,
obj:551,a snake ornament,terrain,ground,./dat/objects.srv,P2,TODO,,,,SHARED_CANDIDATE:obj:546,NONE,NONE,NONE,
obj:552,a snake ornament,terrain,ground,./dat/objects.srv,P2,TODO,,,,SHARED_CANDIDATE:obj:546,NONE,NONE,NONE,
obj:553,a snake ornament,terrain,ground,./dat/objects.srv,P2,TODO,,,,SHARED_CANDIDATE:obj:546,NONE,NONE,NONE,
obj:554,a snake ornament,terrain,ground,./dat/objects.srv,P2,TODO,,,,SHARED_CANDIDATE:obj:546,NONE,NONE,NONE,
obj:555,a snake ornament,terrain,ground,./dat/objects.srv,P2,TODO,,,,SHARED_CANDIDATE:obj:546,NONE,NONE,NONE,
obj:556,a snake ornament,terrain,ground,./dat/objects.srv,P2,TODO,,,,SHARED_CANDIDATE:obj:546,NONE,NONE,NONE,
obj:557,a snake ornament,terrain,ground,./dat/objects.srv,P2,TODO,,,,SHARED_CANDIDATE:obj:546,NONE,NONE,NONE,
obj:558,a snake ornament,terrain,ground,./dat/objects.srv,P2,TODO,,,,SHARED_CANDIDATE:obj:546,NONE,NONE,NONE,
obj:559,a snake ornament,terrain,ground,./dat/objects.srv,P2,TODO,,,,SHARED_CANDIDATE:obj:546,NONE,NONE,NONE,
obj:560,a snake ornament,terrain,ground,./dat/objects.srv,P2,TODO,,,,SHARED_CANDIDATE:obj:546,NONE,NONE,NONE,
obj:561,a snake ornament,terrain,ground,./dat/objects.srv,P2,TODO,,,,SHARED_CANDIDATE:obj:546,NONE,NONE,NONE,
obj:563,wooden floor,terrain,ground,./dat/objects.srv,P2,TODO,,,,SHARED_CANDIDATE:obj:408,NONE,NONE,NONE,
obj:565,stone floor,terrain,border,./dat/objects.srv,P2,TODO,,,,SHARED_CANDIDATE:obj:416,NONE,NONE,NONE,
obj:566,stairs,terrain,ground,./dat/objects.srv,P2,TODO,,,,SHARED_CANDIDATE:obj:413,NONE,NONE,NONE,
obj:568,stone floor,terrain,border,./dat/objects.srv,P2,TODO,,,,SHARED_CANDIDATE:obj:416,NONE,NONE,NONE,
obj:569,stone floor,terrain,border,./dat/objects.srv,P2,TODO,,,,SHARED_CANDIDATE:obj:416,NONE,NONE,NONE,
obj:570,stone floor,terrain,border,./dat/objects.srv,P2,TODO,,,,SHARED_CANDIDATE:obj:416,NONE,NONE,NONE,
obj:595,a hole,terrain,ground,./dat/objects.srv,P2,TODO,,,,SHARED_CANDIDATE:obj:385,NONE,NONE,NONE,
obj:596,a strange carving,terrain,ground,./dat/objects.srv,P2,TODO,,,,MESH,NONE,NONE,NONE,
obj:597,a strange carving,terrain,ground,./dat/objects.srv,P2,TODO,,,,SHARED_CANDIDATE:obj:596,NONE,NONE,NONE,
obj:598,a strange carving,terrain,ground,./dat/objects.srv,P2,TODO,,,,SHARED_CANDIDATE:obj:596,NONE,NONE,NONE,
obj:599,a strange carving,terrain,ground,./dat/objects.srv,P2,TODO,,,,SHARED_CANDIDATE:obj:596,NONE,NONE,NONE,
obj:600,a ramp,terrain,ground,./dat/objects.srv,P2,TODO,,,,MESH,NONE,NONE,NONE,
obj:605,a ramp,terrain,ground,./dat/objects.srv,P2,TODO,,,,SHARED_CANDIDATE:obj:600,NONE,NONE,NONE,
obj:606,a loose stone pile,terrain,ground,./dat/objects.srv,P2,TODO,,,,SHARED_CANDIDATE:obj:593,NONE,NONE,NONE,
obj:608,a loose ice pile,terrain,ground,./dat/objects.srv,P2,TODO,,,,MESH,NONE,NONE,NONE,
obj:614,sand,terrain,ground,./dat/objects.srv,P2,TODO,,,,MESH,NONE,NONE,NONE,
obj:616,sand,terrain,ground,./dat/objects.srv,P2,TODO,,,,ALIAS_OF:obj:614,NONE,NONE,NONE,
obj:727,lava,terrain,ground,./dat/objects.srv,P2,TODO,,,,SHARED_CANDIDATE:obj:647,NONE,NONE,NONE,
obj:728,lava,terrain,ground,./dat/objects.srv,P2,TODO,,,,SHARED_CANDIDATE:obj:647,NONE,NONE,NONE,
obj:729,lava,terrain,ground,./dat/objects.srv,P2,TODO,,,,SHARED_CANDIDATE:obj:647,NONE,NONE,NONE,
obj:730,lava,terrain,ground,./dat/objects.srv,P2,TODO,,,,SHARED_CANDIDATE:obj:647,NONE,NONE,NONE,
obj:799,snow,terrain,ground,./dat/objects.srv,P2,TODO,,,,MESH,NONE,NONE,NONE,
obj:800,ice,terrain,ground,./dat/objects.srv,P2,TODO,,,,MESH,NONE,NONE,NONE,
obj:837,tar,terrain,ground,./dat/objects.srv,P2,TODO,,,,MESH,NONE,NONE,NONE,
obj:838,tar,terrain,ground,./dat/objects.srv,P2,TODO,,,,SHARED_CANDIDATE:obj:837,NONE,NONE,NONE,
obj:839,tar,terrain,ground,./dat/objects.srv,P2,TODO,,,,SHARED_CANDIDATE:obj:837,NONE,NONE,NONE,
obj:840,tar,terrain,ground,./dat/objects.srv,P2,TODO,,,,SHARED_CANDIDATE:obj:837,NONE,NONE,NONE,
obj:923,sandstone floor,terrain,ground,./dat/objects.srv,P2,TODO,,,,SHARED_CANDIDATE:obj:415,NONE,NONE,NONE,
obj:924,sandstone floor,terrain,ground,./dat/objects.srv,P2,TODO,,,,SHARED_CANDIDATE:obj:415,NONE,NONE,NONE,
obj:925,sandstone floor,terrain,ground,./dat/objects.srv,P2,TODO,,,,SHARED_CANDIDATE:obj:415,NONE,NONE,NONE,
obj:926,sandstone floor,terrain,ground,./dat/objects.srv,P2,TODO,,,,SHARED_CANDIDATE:obj:415,NONE,NONE,NONE,
obj:927,sandstone floor,terrain,ground,./dat/objects.srv,P2,TODO,,,,SHARED_CANDIDATE:obj:415,NONE,NONE,NONE,
obj:928,sandstone floor,terrain,ground,./dat/objects.srv,P2,TODO,,,,SHARED_CANDIDATE:obj:415,NONE,NONE,NONE,
obj:929,sandstone floor,terrain,ground,./dat/objects.srv,P2,TODO,,,,SHARED_CANDIDATE:obj:415,NONE,NONE,NONE,
obj:930,sandstone floor,terrain,ground,./dat/objects.srv,P2,TODO,,,,SHARED_CANDIDATE:obj:415,NONE,NONE,NONE,
obj:931,sandstone floor,terrain,ground,./dat/objects.srv,P2,TODO,,,,SHARED_CANDIDATE:obj:415,NONE,NONE,NONE,
obj:932,sandstone floor,terrain,ground,./dat/objects.srv,P2,TODO,,,,SHARED_CANDIDATE:obj:415,NONE,NONE,NONE,
obj:933,sandstone floor,terrain,ground,./dat/objects.srv,P2,TODO,,,,SHARED_CANDIDATE:obj:415,NONE,NONE,NONE,
obj:934,sandstone floor,terrain,ground,./dat/objects.srv,P2,TODO,,,,SHARED_CANDIDATE:obj:415,NONE,NONE,NONE,
obj:935,sandstone floor,terrain,ground,./dat/objects.srv,P2,TODO,,,,SHARED_CANDIDATE:obj:415,NONE,NONE,NONE,
obj:936,sandstone floor,terrain,ground,./dat/objects.srv,P2,TODO,,,,SHARED_CANDIDATE:obj:415,NONE,NONE,NONE,
obj:937,a road,terrain,ground,./dat/objects.srv,P2,TODO,,,,MESH,NONE,NONE,NONE,
obj:982,dry earth,terrain,ground,./dat/objects.srv,P2,TODO,,,,MESH,NONE,NONE,NONE,
obj:421,sandy floor,traversal,rope_spot,./dat/objects.srv,P2,TODO,,,,MESH,NONE,NONE,NONE,
obj:1401,a wall fountain,usable,liquid_source,./dat/objects.srv,P2,TODO,,,,MESH,NONE,NONE,NONE,
obj:1402,a wall fountain,usable,liquid_source,./dat/objects.srv,P2,TODO,,,,SHARED_CANDIDATE:obj:1401,NONE,NONE,NONE,
obj:1922,a fountain,usable,liquid_source,./dat/objects.srv,P2,TODO,,,,MESH,NONE,NONE,NONE,
obj:1923,a fountain,usable,liquid_source,./dat/objects.srv,P2,TODO,,,,SHARED_CANDIDATE:obj:1922,NONE,NONE,NONE,
obj:1924,a fountain,usable,liquid_source,./dat/objects.srv,P2,TODO,,,,SHARED_CANDIDATE:obj:1922,NONE,NONE,NONE,
obj:1925,a fountain,usable,liquid_source,./dat/objects.srv,P2,TODO,,,,SHARED_CANDIDATE:obj:1922,NONE,NONE,NONE,
obj:1926,a water basin,usable,liquid_source,./dat/objects.srv,P2,TODO,,,,MESH,NONE,NONE,NONE,
obj:1927,a water basin,usable,liquid_source,./dat/objects.srv,P2,TODO,,,,SHARED_CANDIDATE:obj:1926,NONE,NONE,NONE,
obj:1928,a water basin,usable,liquid_source,./dat/objects.srv,P2,TODO,,,,SHARED_CANDIDATE:obj:1926,NONE,NONE,NONE,
obj:1929,a water basin,usable,liquid_source,./dat/objects.srv,P2,TODO,,,,SHARED_CANDIDATE:obj:1926,NONE,NONE,NONE,
obj:1932,an oriental well,usable,liquid_source,./dat/objects.srv,P2,TODO,,,,MESH,NONE,NONE,NONE,
obj:1933,an oriental well,usable,liquid_source,./dat/objects.srv,P2,TODO,,,,SHARED_CANDIDATE:obj:1932,NONE,NONE,NONE,
obj:1934,an oriental well,usable,liquid_source,./dat/objects.srv,P2,TODO,,,,SHARED_CANDIDATE:obj:1932,NONE,NONE,NONE,
obj:1935,an oriental well,usable,liquid_source,./dat/objects.srv,P2,TODO,,,,SHARED_CANDIDATE:obj:1932,NONE,NONE,NONE,
obj:1936,an oriental well,usable,liquid_source,./dat/objects.srv,P2,TODO,,,,SHARED_CANDIDATE:obj:1932,NONE,NONE,NONE,
obj:1937,an oriental well,usable,liquid_source,./dat/objects.srv,P2,TODO,,,,SHARED_CANDIDATE:obj:1932,NONE,NONE,NONE,
obj:1938,an oriental well,usable,liquid_source,./dat/objects.srv,P2,TODO,,,,SHARED_CANDIDATE:obj:1932,NONE,NONE,NONE,
obj:1939,an oriental well,usable,liquid_source,./dat/objects.srv,P2,TODO,,,,SHARED_CANDIDATE:obj:1932,NONE,NONE,NONE,
obj:1940,a small basin,usable,liquid_source,./dat/objects.srv,P2,TODO,,,,MESH,NONE,NONE,NONE,
obj:2098,a poison well,usable,liquid_source,./dat/objects.srv,P2,TODO,,,,MESH,NONE,NONE,NONE,
obj:2099,a poison well,usable,liquid_source,./dat/objects.srv,P2,TODO,,,,SHARED_CANDIDATE:obj:2098,NONE,NONE,NONE,
obj:2100,a poison well,usable,liquid_source,./dat/objects.srv,P2,TODO,,,,SHARED_CANDIDATE:obj:2098,NONE,NONE,NONE,
obj:2101,a poison well,usable,liquid_source,./dat/objects.srv,P2,TODO,,,,SHARED_CANDIDATE:obj:2098,NONE,NONE,NONE,
obj:2503,a hammock,usable,interactable,./dat/objects.srv,P2,TODO,,,,MESH,NONE,NONE,NONE,
obj:2505,a hammock,usable,interactable,./dat/objects.srv,P2,TODO,,,,SHARED_CANDIDATE:obj:2503,NONE,NONE,NONE,
obj:2521,a lemonade cask,usable,liquid_source,./dat/objects.srv,P2,TODO,,,,MESH,NONE,NONE,NONE,
obj:2525,a beer cask,usable,liquid_source,./dat/objects.srv,P2,TODO,,,,MESH,NONE,NONE,NONE,
obj:2527,a big wine cask,usable,liquid_source,./dat/objects.srv,P2,TODO,,,,MESH,NONE,NONE,NONE,
obj:2528,a big wine cask,usable,liquid_source,./dat/objects.srv,P2,TODO,,,,SHARED_CANDIDATE:obj:2527,NONE,NONE,NONE,
obj:2529,a big wine cask,usable,liquid_source,./dat/objects.srv,P2,TODO,,,,SHARED_CANDIDATE:obj:2527,NONE,NONE,NONE,
obj:2530,a big wine cask,usable,liquid_source,./dat/objects.srv,P2,TODO,,,,SHARED_CANDIDATE:obj:2527,NONE,NONE,NONE,
obj:2531,a big wine cask,usable,liquid_source,./dat/objects.srv,P2,TODO,,,,SHARED_CANDIDATE:obj:2527,NONE,NONE,NONE,
obj:2532,a big wine cask,usable,liquid_source,./dat/objects.srv,P2,TODO,,,,SHARED_CANDIDATE:obj:2527,NONE,NONE,NONE,
obj:2533,a big wine cask,usable,liquid_source,./dat/objects.srv,P2,TODO,,,,SHARED_CANDIDATE:obj:2527,NONE,NONE,NONE,
obj:2534,a big wine cask,usable,liquid_source,./dat/objects.srv,P2,TODO,,,,SHARED_CANDIDATE:obj:2527,NONE,NONE,NONE,
obj:2566,a lever,usable,interactable,./dat/objects.srv,P2,TODO,,,,MESH,NONE,NONE,NONE,
obj:2569,a lever,usable,interactable,./dat/objects.srv,P2,TODO,,,,ALIAS_OF:obj:2566,NONE,NONE,NONE,
obj:2616,a scarab ornament,usable,interactable,./dat/objects.srv,P2,TODO,,,,MESH,NONE,NONE,NONE,
obj:2617,a scarab ornament,usable,interactable,./dat/objects.srv,P2,TODO,,,,SHARED_CANDIDATE:obj:2616,NONE,NONE,NONE,
obj:2773,a lever,usable,interactable,./dat/objects.srv,P2,TODO,,,,SHARED_CANDIDATE:obj:2772,NONE,NONE,NONE,
obj:2785,a furniture package,usable,interactable,./dat/objects.srv,P2,TODO,,,,SHARED_CANDIDATE:obj:2775,NONE,NONE,NONE,
obj:2788,a furniture package,usable,interactable,./dat/objects.srv,P2,TODO,,,,SHARED_CANDIDATE:obj:2775,NONE,NONE,NONE,
obj:2789,a furniture package,usable,interactable,./dat/objects.srv,P2,TODO,,,,SHARED_CANDIDATE:obj:2775,NONE,NONE,NONE,
obj:2791,a furniture package,usable,interactable,./dat/objects.srv,P2,TODO,,,,SHARED_CANDIDATE:obj:2775,NONE,NONE,NONE,
obj:2792,a furniture package,usable,interactable,./dat/objects.srv,P2,TODO,,,,SHARED_CANDIDATE:obj:2775,NONE,NONE,NONE,
obj:2795,a furniture package,usable,interactable,./dat/objects.srv,P2,TODO,,,,SHARED_CANDIDATE:obj:2775,NONE,NONE,NONE,
obj:2874,a vial,usable,liquid_container,./dat/objects.srv,P2,TODO,,,,MESH,NONE,NONE,NONE,
obj:2876,a vase,usable,liquid_container,./dat/objects.srv,P2,TODO,,,,MESH,NONE,NONE,NONE,
obj:2877,a green flask,usable,liquid_container,./dat/objects.srv,P2,TODO,,,,MESH,NONE,NONE,NONE,
obj:2880,a mug,usable,liquid_container,./dat/objects.srv,P2,TODO,,,,MESH,NONE,NONE,NONE,
obj:2881,a cup,usable,liquid_container,./dat/objects.srv,P2,TODO,,,,MESH,NONE,NONE,NONE,
obj:2882,a jug,usable,liquid_container,./dat/objects.srv,P2,TODO,,,,MESH,NONE,NONE,NONE,
obj:2885,a brown flask,usable,liquid_container,./dat/objects.srv,P2,TODO,,,,MESH,NONE,NONE,NONE,
obj:2901,a waterskin,usable,liquid_container,./dat/objects.srv,P2,TODO,,,,MESH,NONE,NONE,NONE,
obj:2902,a bowl,usable,liquid_container,./dat/objects.srv,P2,TODO,,,,MESH,NONE,NONE,NONE,
obj:2903,a golden mug,usable,liquid_container,./dat/objects.srv,P2,TODO,,,,MESH,NONE,NONE,NONE,
obj:2904,a large amphora,usable,liquid_container,./dat/objects.srv,P2,TODO,,,,MESH,NONE,NONE,NONE,
obj:2948,a wooden flute,usable,interactable,./dat/objects.srv,P2,TODO,,,,MESH,NONE,NONE,NONE,
obj:2949,a lyre,usable,interactable,./dat/objects.srv,P2,TODO,,,,MESH,NONE,NONE,NONE,
obj:2950,a lute,usable,interactable,./dat/objects.srv,P2,TODO,,,,MESH,NONE,NONE,NONE,
obj:2952,a drum,usable,interactable,./dat/objects.srv,P2,TODO,,,,MESH,NONE,NONE,NONE,
obj:2953,panpipes,usable,interactable,./dat/objects.srv,P2,TODO,,,,MESH,NONE,NONE,NONE,
obj:2955,a fanfare,usable,interactable,./dat/objects.srv,P2,TODO,,,,MESH,NONE,NONE,NONE,
obj:2957,a post horn,usable,interactable,./dat/objects.srv,P2,TODO,,,,MESH,NONE,NONE,NONE,
obj:2964,a harp,usable,interactable,./dat/objects.srv,P2,TODO,,,,SHARED_CANDIDATE:obj:2963,NONE,NONE,NONE,
obj:2965,a didgeridoo,usable,interactable,./dat/objects.srv,P2,TODO,,,,MESH,NONE,NONE,NONE,
obj:2969,a silver key,usable,key,./dat/objects.srv,P2,TODO,,,,MESH,NONE,NONE,NONE,
obj:2974,a water pipe,usable,interactable,./dat/objects.srv,P2,TODO,,,,MESH,NONE,NONE,NONE,
obj:3062,a mind stone,usable,interactable,./dat/objects.srv,P2,TODO,,,,MESH,NONE,NONE,NONE,
obj:3077,an ankh,usable,interactable,./dat/objects.srv,P2,TODO,,,,MESH,NONE,NONE,NONE,
obj:3179,a spell rune,usable,rune,./dat/objects.srv,P2,TODO,,,,SHARED_CANDIDATE:obj:3148,NONE,NONE,NONE,
obj:3193,a spell rune,usable,rune,./dat/objects.srv,P2,TODO,,,,SHARED_CANDIDATE:obj:3148,NONE,NONE,NONE,
obj:3211,a witchesbroom,usable,interactable,./dat/objects.srv,P2,TODO,,,,MESH,NONE,NONE,NONE,
obj:3214,a blessed ankh,usable,interactable,./dat/objects.srv,P2,TODO,,,,MESH,NONE,NONE,NONE,
obj:3255,a drum,usable,interactable,./dat/objects.srv,P2,TODO,,,,SHARED_CANDIDATE:obj:2952,NONE,NONE,NONE,
obj:3256,a trumpet,usable,interactable,./dat/objects.srv,P2,TODO,,,,MESH,NONE,NONE,NONE,
obj:3257,a horn,usable,interactable,./dat/objects.srv,P2,TODO,,,,MESH,NONE,NONE,NONE,
obj:3258,a mandolin,usable,interactable,./dat/objects.srv,P2,TODO,,,,MESH,NONE,NONE,NONE,
obj:3259,a horn,usable,interactable,./dat/objects.srv,P2,TODO,,,,SHARED_CANDIDATE:obj:3257,NONE,NONE,NONE,
obj:3260,a lyre,usable,interactable,./dat/objects.srv,P2,TODO,,,,SHARED_CANDIDATE:obj:2949,NONE,NONE,NONE,
obj:3261,a panpipe,usable,interactable,./dat/objects.srv,P2,TODO,,,,MESH,NONE,NONE,NONE,
obj:3262,a flute,usable,interactable,./dat/objects.srv,P2,TODO,,,,MESH,NONE,NONE,NONE,
obj:3263,a gemmed lamp,usable,interactable,./dat/objects.srv,P2,TODO,,,,MESH,NONE,NONE,NONE,
obj:3451,a pitchfork,usable,interactable,./dat/objects.srv,P2,TODO,,,,MESH,NONE,NONE,NONE,
obj:3452,a rake,usable,interactable,./dat/objects.srv,P2,TODO,,,,MESH,NONE,NONE,NONE,
obj:3454,a broom,usable,interactable,./dat/objects.srv,P2,TODO,,,,MESH,NONE,NONE,NONE,
obj:3455,a hoe,usable,interactable,./dat/objects.srv,P2,TODO,,,,MESH,NONE,NONE,NONE,
obj:3456,a pick,usable,interactable,./dat/objects.srv,P2,TODO,,,,MESH,NONE,NONE,NONE,
obj:3459,a wooden hammer,usable,interactable,./dat/objects.srv,P2,TODO,,,,MESH,NONE,NONE,NONE,
obj:3460,a hammer,usable,interactable,./dat/objects.srv,P2,TODO,,,,MESH,NONE,NONE,NONE,
obj:3461,a saw,usable,interactable,./dat/objects.srv,P2,TODO,,,,MESH,NONE,NONE,NONE,
obj:3463,a mirror,usable,interactable,./dat/objects.srv,P2,TODO,,,,MESH,NONE,NONE,NONE,
obj:3469,a knife,usable,interactable,./dat/objects.srv,P2,TODO,,,,MESH,NONE,NONE,NONE,
obj:3481,a closed trap,usable,interactable,./dat/objects.srv,P2,TODO,,,,MESH,NONE,NONE,NONE,
obj:3482,a trap,usable,interactable,./dat/objects.srv,P2,TODO,,,,MESH,NONE,NONE,NONE,
obj:3592,grapes,usable,food,./dat/objects.srv,P2,TODO,,,,MESH,NONE,NONE,NONE,
obj:3593,a melon,usable,food,./dat/objects.srv,P2,TODO,,,,MESH,NONE,NONE,NONE,
obj:3607,cheese,usable,food,./dat/objects.srv,P2,TODO,,,,MESH,NONE,NONE,NONE,
obj:3696,jungle grass,usable,interactable,./dat/objects.srv,P2,TODO,,,,MESH,NONE,NONE,NONE,
obj:3702,jungle grass,usable,interactable,./dat/objects.srv,P2,TODO,,,,SHARED_CANDIDATE:obj:3696,NONE,NONE,NONE,
obj:372,muddy floor,usable,liquid_source,./dat/objects.srv,P2,TODO,,,,MESH,NONE,NONE,NONE,
obj:4249,a dead troll,usable,liquid_source,./dat/objects.srv,P2,TODO,,,,MESH,NONE,NONE,NONE,
obj:4250,a dead spider,usable,liquid_source,./dat/objects.srv,P2,TODO,,,,MESH,NONE,NONE,NONE,
obj:4251,a dead cyclops,usable,liquid_source,./dat/objects.srv,P2,TODO,,,,MESH,NONE,NONE,NONE,
obj:4262,a dead orc,usable,liquid_source,./dat/objects.srv,P2,TODO,,,,MESH,NONE,NONE,NONE,
obj:4272,a dead minotaur,usable,liquid_source,./dat/objects.srv,P2,TODO,,,,MESH,NONE,NONE,NONE,
obj:4277,a dead deer,usable,liquid_source,./dat/objects.srv,P2,TODO,,,,MESH,NONE,NONE,NONE,
obj:4281,a dead dog,usable,liquid_source,./dat/objects.srv,P2,TODO,,,,MESH,NONE,NONE,NONE,
obj:4286,a dead dragon,usable,liquid_source,./dat/objects.srv,P2,TODO,,,,MESH,NONE,NONE,NONE,
obj:4291,a dead bear,usable,liquid_source,./dat/objects.srv,P2,TODO,,,,MESH,NONE,NONE,NONE,
obj:4615,shallow water,usable,liquid_source,./dat/objects.srv,P2,TODO,,,,MESH,NONE,NONE,NONE,
obj:4616,shallow water,usable,liquid_source,./dat/objects.srv,P2,TODO,,,,MESH,NONE,NONE,NONE,
obj:4617,shallow water,usable,liquid_source,./dat/objects.srv,P2,TODO,,,,MESH,NONE,NONE,NONE,
obj:4618,shallow water,usable,liquid_source,./dat/objects.srv,P2,TODO,,,,MESH,NONE,NONE,NONE,
obj:4619,shallow water,usable,liquid_source,./dat/objects.srv,P2,TODO,,,,MESH,NONE,NONE,NONE,
obj:4620,shallow water,usable,liquid_source,./dat/objects.srv,P2,TODO,,,,MESH,NONE,NONE,NONE,
obj:4621,shallow water,usable,liquid_source,./dat/objects.srv,P2,TODO,,,,SHARED_CANDIDATE:obj:618,NONE,NONE,NONE,
obj:4622,shallow water,usable,liquid_source,./dat/objects.srv,P2,TODO,,,,SHARED_CANDIDATE:obj:618,NONE,NONE,NONE,
obj:4623,shallow water,usable,liquid_source,./dat/objects.srv,P2,TODO,,,,SHARED_CANDIDATE:obj:618,NONE,NONE,NONE,
obj:4624,shallow water,usable,liquid_source,./dat/objects.srv,P2,TODO,,,,SHARED_CANDIDATE:obj:618,NONE,NONE,NONE,
obj:4625,shallow water,usable,liquid_source,./dat/objects.srv,P2,TODO,,,,SHARED_CANDIDATE:obj:618,NONE,NONE,NONE,
obj:4626,shallow water,usable,liquid_source,./dat/objects.srv,P2,TODO,,,,SHARED_CANDIDATE:obj:618,NONE,NONE,NONE,
obj:4627,shallow water,usable,liquid_source,./dat/objects.srv,P2,TODO,,,,SHARED_CANDIDATE:obj:618,NONE,NONE,NONE,
obj:4628,shallow water,usable,liquid_source,./dat/objects.srv,P2,TODO,,,,SHARED_CANDIDATE:obj:618,NONE,NONE,NONE,
obj:4629,shallow water,usable,liquid_source,./dat/objects.srv,P2,TODO,,,,SHARED_CANDIDATE:obj:618,NONE,NONE,NONE,
obj:4630,shallow water,usable,liquid_source,./dat/objects.srv,P2,TODO,,,,SHARED_CANDIDATE:obj:618,NONE,NONE,NONE,
obj:4631,shallow water,usable,liquid_source,./dat/objects.srv,P2,TODO,,,,SHARED_CANDIDATE:obj:618,NONE,NONE,NONE,
obj:4632,shallow water,usable,liquid_source,./dat/objects.srv,P2,TODO,,,,SHARED_CANDIDATE:obj:618,NONE,NONE,NONE,
obj:4645,shallow water,usable,liquid_source,./dat/objects.srv,P2,TODO,,,,SHARED_CANDIDATE:obj:618,NONE,NONE,NONE,
obj:4646,shallow water,usable,liquid_source,./dat/objects.srv,P2,TODO,,,,SHARED_CANDIDATE:obj:618,NONE,NONE,NONE,
obj:4647,shallow water,usable,liquid_source,./dat/objects.srv,P2,TODO,,,,SHARED_CANDIDATE:obj:618,NONE,NONE,NONE,
obj:4648,shallow water,usable,liquid_source,./dat/objects.srv,P2,TODO,,,,SHARED_CANDIDATE:obj:618,NONE,NONE,NONE,
obj:4649,shallow water,usable,liquid_source,./dat/objects.srv,P2,TODO,,,,SHARED_CANDIDATE:obj:618,NONE,NONE,NONE,
obj:4650,shallow water,usable,liquid_source,./dat/objects.srv,P2,TODO,,,,SHARED_CANDIDATE:obj:618,NONE,NONE,NONE,
obj:4651,shallow water,usable,liquid_source,./dat/objects.srv,P2,TODO,,,,SHARED_CANDIDATE:obj:618,NONE,NONE,NONE,
obj:4652,shallow water,usable,liquid_source,./dat/objects.srv,P2,TODO,,,,SHARED_CANDIDATE:obj:618,NONE,NONE,NONE,
obj:4653,shallow water,usable,liquid_source,./dat/objects.srv,P2,TODO,,,,SHARED_CANDIDATE:obj:618,NONE,NONE,NONE,
obj:4654,shallow water,usable,liquid_source,./dat/objects.srv,P2,TODO,,,,SHARED_CANDIDATE:obj:618,NONE,NONE,NONE,
obj:4655,shallow water,usable,liquid_source,./dat/objects.srv,P2,TODO,,,,SHARED_CANDIDATE:obj:618,NONE,NONE,NONE,
obj:4848,a small cask,usable,liquid_source,./dat/objects.srv,P2,TODO,,,,MESH,NONE,NONE,NONE,
obj:5080,a panda teddy,usable,interactable,./dat/objects.srv,P2,TODO,,,,MESH,NONE,NONE,NONE,
obj:611,a snow heap,usable,interactable,./dat/objects.srv,P2,TODO,,,,MESH,NONE,NONE,NONE,
obj:0,,container,container,./dat/objects.srv,UNPRIORITIZED,TODO,,,,MESH,NONE,NONE,NONE,
obj:10,,container,container,./dat/objects.srv,UNPRIORITIZED,TODO,,,,MESH,NONE,NONE,NONE,
obj:2431,drawers,container,container,./dat/objects.srv,UNPRIORITIZED,TODO,,,,MESH,NONE,NONE,NONE,
obj:2441,a dresser,container,container,./dat/objects.srv,UNPRIORITIZED,TODO,,,,MESH,NONE,NONE,NONE,
obj:2443,a dresser,container,container,./dat/objects.srv,UNPRIORITIZED,TODO,,,,SHARED_CANDIDATE:obj:2441,NONE,NONE,NONE,
obj:2444,a dresser,container,container,./dat/objects.srv,UNPRIORITIZED,TODO,,,,SHARED_CANDIDATE:obj:2441,NONE,NONE,NONE,
obj:2449,a locker,container,container,./dat/objects.srv,UNPRIORITIZED,TODO,,,,MESH,NONE,NONE,NONE,
obj:2450,a locker,container,container,./dat/objects.srv,UNPRIORITIZED,TODO,,,,SHARED_CANDIDATE:obj:2449,NONE,NONE,NONE,
obj:2451,a locker,container,container,./dat/objects.srv,UNPRIORITIZED,TODO,,,,SHARED_CANDIDATE:obj:2449,NONE,NONE,NONE,
obj:2452,a locker,container,container,./dat/objects.srv,UNPRIORITIZED,TODO,,,,SHARED_CANDIDATE:obj:2449,NONE,NONE,NONE,
obj:2466,a bamboo drawer,container,container,./dat/objects.srv,UNPRIORITIZED,TODO,,,,SHARED_CANDIDATE:obj:2465,NONE,NONE,NONE,
obj:2467,a bamboo drawer,container,container,./dat/objects.srv,UNPRIORITIZED,TODO,,,,SHARED_CANDIDATE:obj:2465,NONE,NONE,NONE,
obj:2468,a bamboo drawer,container,container,./dat/objects.srv,UNPRIORITIZED,TODO,,,,SHARED_CANDIDATE:obj:2465,NONE,NONE,NONE,
obj:2479,a chest,container,chest,./dat/objects.srv,UNPRIORITIZED,TODO,,,,MESH,NONE,NONE,NONE,
obj:2481,a chest,container,container,./dat/objects.srv,UNPRIORITIZED,TODO,,,,SHARED_CANDIDATE:obj:2472,NONE,NONE,NONE,
obj:2482,a chest,container,container,./dat/objects.srv,UNPRIORITIZED,TODO,,,,SHARED_CANDIDATE:obj:2472,NONE,NONE,NONE,
obj:2543,a box,container,chest,./dat/objects.srv,UNPRIORITIZED,TODO,,,,ALIAS_OF:obj:2470,NONE,NONE,NONE,
obj:2544,a wooden coffin,container,chest,./dat/objects.srv,UNPRIORITIZED,TODO,,,,ALIAS_OF:obj:1991,NONE,NONE,NONE,
obj:2545,a wooden coffin,container,chest,./dat/objects.srv,UNPRIORITIZED,TODO,,,,ALIAS_OF:obj:1990,NONE,NONE,NONE,
obj:2546,a chest,container,chest,./dat/objects.srv,UNPRIORITIZED,TODO,,,,ALIAS_OF:obj:2479,NONE,NONE,NONE,
obj:2547,a bananapalm,container,chest,./dat/objects.srv,UNPRIORITIZED,TODO,,,,MESH,NONE,NONE,NONE,
obj:2548,a dead dragon,container,chest,./dat/objects.srv,UNPRIORITIZED,TODO,,,,MESH,NONE,NONE,NONE,
obj:2549,a honeyflower patch,container,chest,./dat/objects.srv,UNPRIORITIZED,TODO,,,,MESH,NONE,NONE,NONE,
obj:2550,a dead human,container,chest,./dat/objects.srv,UNPRIORITIZED,TODO,,,,MESH,NONE,NONE,NONE,
obj:2551,a box,container,chest,./dat/objects.srv,UNPRIORITIZED,TODO,,,,MESH,NONE,NONE,NONE,
obj:2552,a dead tree,container,chest,./dat/objects.srv,UNPRIORITIZED,TODO,,,,MESH,NONE,NONE,NONE,
obj:2553,drawers,container,chest,./dat/objects.srv,UNPRIORITIZED,TODO,,,,MESH,NONE,NONE,NONE,
obj:2554,drawers,container,chest,./dat/objects.srv,UNPRIORITIZED,TODO,,,,MESH,NONE,NONE,NONE,
obj:2555,a small hole,container,chest,./dat/objects.srv,UNPRIORITIZED,TODO,,,,MESH,NONE,NONE,NONE,
obj:2556,a loose board,container,chest,./dat/objects.srv,UNPRIORITIZED,TODO,,,,MESH,NONE,NONE,NONE,
obj:2557,a pile of bones,container,chest,./dat/objects.srv,UNPRIORITIZED,TODO,,,,MESH,NONE,NONE,NONE,
obj:2558,a bookcase,container,chest,./dat/objects.srv,UNPRIORITIZED,TODO,,,,MESH,NONE,NONE,NONE,
obj:2559,a bookcase,container,chest,./dat/objects.srv,UNPRIORITIZED,TODO,,,,MESH,NONE,NONE,NONE,
obj:2560,a stone coffin,container,chest,./dat/objects.srv,UNPRIORITIZED,TODO,,,,MESH,NONE,NONE,NONE,
obj:2561,a barrel,container,chest,./dat/objects.srv,UNPRIORITIZED,TODO,,,,MESH,NONE,NONE,NONE,
obj:2562,a hollow stone,container,chest,./dat/objects.srv,UNPRIORITIZED,TODO,,,,MESH,NONE,NONE,NONE,
obj:2564,a sarcophagus,container,chest,./dat/objects.srv,UNPRIORITIZED,TODO,,,,MESH,NONE,NONE,NONE,
obj:2565,a sarcophagus,container,chest,./dat/objects.srv,UNPRIORITIZED,TODO,,,,MESH,NONE,NONE,NONE,
obj:3502,a depot chest,container,container,./dat/objects.srv,UNPRIORITIZED,TODO,,,,MESH,NONE,NONE,NONE,
obj:3610,a plum tree,container,container,./dat/objects.srv,UNPRIORITIZED,TODO,,,,MESH,NONE,NONE,NONE,
obj:3611,a firtree,container,container,./dat/objects.srv,UNPRIORITIZED,TODO,,,,MESH,NONE,NONE,NONE,
obj:3612,a dead tree,container,container,./dat/objects.srv,UNPRIORITIZED,TODO,,,,ALIAS_OF:obj:2552,NONE,NONE,NONE,
obj:4830,witches mushrooms,container,chest,./dat/objects.srv,UNPRIORITIZED,TODO,,,,MESH,NONE,NONE,NONE,
obj:4833,a giant footprint,container,chest,./dat/objects.srv,UNPRIORITIZED,TODO,,,,MESH,NONE,NONE,NONE,
obj:4873,a hydra's nest,container,chest,./dat/objects.srv,UNPRIORITIZED,TODO,,,,MESH,NONE,NONE,NONE,
obj:6,,container,container,./dat/objects.srv,UNPRIORITIZED,TODO,,,,MESH,NONE,NONE,NONE,
obj:9,,container,container,./dat/objects.srv,UNPRIORITIZED,TODO,,,,MESH,NONE,NONE,NONE,
obj:99,,container,container,./dat/objects.srv,UNPRIORITIZED,TODO,,,,MESH,NONE,NONE,NONE,
mon:1,human,creature,monster,./mon/human.mon,UNPRIORITIZED,TODO,,,,SKELETAL_MESH,REQUIRED,REQUIRED,NONE,
mon:105,badger,creature,monster,./mon/badger.mon,UNPRIORITIZED,TODO,,,,SKELETAL_MESH,REQUIRED,REQUIRED,NONE,
mon:109,gazer,creature,monster,./mon/gazer.mon,UNPRIORITIZED,TODO,,,,SKELETAL_MESH,REQUIRED,REQUIRED,NONE,
mon:110,yeti,creature,monster,./mon/yeti.mon,UNPRIORITIZED,TODO,,,,SKELETAL_MESH,REQUIRED,REQUIRED,NONE,
mon:20,slime,creature,monster,./mon/slime2.mon,UNPRIORITIZED,TODO,,,,SKELETAL_MESH,REQUIRED,REQUIRED,NONE,
mon:201,Orshabaal,creature,monster,./mon/orshabaal.mon,UNPRIORITIZED,TODO,,,,SKELETAL_MESH,REQUIRED,REQUIRED,NONE,
mon:202,The Horned Fox,creature,monster,./mon/hornedfox.mon,UNPRIORITIZED,TODO,,,,SKELETAL_MESH,REQUIRED,REQUIRED,NONE,
mon:203,Dharalion,creature,monster,./mon/dharalion.mon,UNPRIORITIZED,TODO,,,,SKELETAL_MESH,REQUIRED,REQUIRED,NONE,
mon:204,Demodras,creature,monster,./mon/demodras.mon,UNPRIORITIZED,TODO,,,,SKELETAL_MESH,REQUIRED,REQUIRED,NONE,
mon:205,Grorlam,creature,monster,./mon/grorlam.mon,UNPRIORITIZED,TODO,,,,SKELETAL_MESH,REQUIRED,REQUIRED,NONE,
mon:206,Fernfang,creature,monster,./mon/fernfang.mon,UNPRIORITIZED,TODO,,,,SKELETAL_MESH,REQUIRED,REQUIRED,NONE,
mon:207,General Murius,creature,monster,./mon/murius.mon,UNPRIORITIZED,TODO,,,,SKELETAL_MESH,REQUIRED,REQUIRED,NONE,
mon:208,The Old Widow,creature,monster,./mon/oldwidow.mon,UNPRIORITIZED,TODO,,,,SKELETAL_MESH,REQUIRED,REQUIRED,NONE,
mon:209,Necropharus,creature,monster,./mon/necropharus.mon,UNPRIORITIZED,TODO,,,,SKELETAL_MESH,REQUIRED,REQUIRED,NONE,
mon:210,The Evil Eye,creature,monster,./mon/evileye.mon,UNPRIORITIZED,TODO,,,,SKELETAL_MESH,REQUIRED,REQUIRED,NONE,
mon:229,Morgaroth,creature,monster,./mon/morgaroth.mon,UNPRIORITIZED,TODO,,,,SKELETAL_MESH,REQUIRED,REQUIRED,NONE,
mon:230,Bazir,creature,monster,./mon/bazir.mon,UNPRIORITIZED,TODO,,,,SKELETAL_MESH,REQUIRED,REQUIRED,NONE,
mon:231,Ferumbras,creature,monster,./mon/ferumbras.mon,UNPRIORITIZED,TODO,,,,SKELETAL_MESH,REQUIRED,REQUIRED,NONE,
mon:232,The Halloween Hare,creature,monster,./mon/halloweenhare.mon,UNPRIORITIZED,TODO,,,,SKELETAL_MESH,REQUIRED,REQUIRED,NONE,
mon:233,Infernatil,creature,monster,./mon/infernatil.mon,UNPRIORITIZED,TODO,,,,SKELETAL_MESH,REQUIRED,REQUIRED,NONE,
mon:234,Apocalypse,creature,monster,./mon/apocalypse.mon,UNPRIORITIZED,TODO,,,,SKELETAL_MESH,REQUIRED,REQUIRED,NONE,
mon:235,butterfly,creature,monster,./mon/butterflyyellow.mon,UNPRIORITIZED,TODO,,,,SKELETAL_MESH,REQUIRED,REQUIRED,NONE,
mon:75,Gamemaster,creature,monster,./mon/gamemaster.mon,UNPRIORITIZED,TODO,,,,SKELETAL_MESH,REQUIRED,REQUIRED,NONE,
mon:92,mimic,creature,monster,./mon/mimic.mon,UNPRIORITIZED,TODO,,,,SKELETAL_MESH,REQUIRED,REQUIRED,NONE,
obj:3987,a dead troll,creature_remains,corpse,./dat/objects.srv,UNPRIORITIZED,TODO,,,,MESH,NONE,NONE,NONE,
obj:3988,a dead spider,creature_remains,corpse,./dat/objects.srv,UNPRIORITIZED,TODO,,,,MESH,NONE,NONE,NONE,
obj:3989,a dead cyclops,creature_remains,corpse,./dat/objects.srv,UNPRIORITIZED,TODO,,,,MESH,NONE,NONE,NONE,
obj:3990,a slain skeleton,creature_remains,corpse,./dat/objects.srv,UNPRIORITIZED,TODO,,,,MESH,NONE,NONE,NONE,
obj:3991,a dead troll,creature_remains,corpse,./dat/objects.srv,UNPRIORITIZED,TODO,,,,SHARED_CANDIDATE:obj:3987,NONE,NONE,NONE,
obj:3992,a dead troll,creature_remains,corpse,./dat/objects.srv,UNPRIORITIZED,TODO,,,,SHARED_CANDIDATE:obj:3987,NONE,NONE,NONE,
obj:3993,a dead troll,creature_remains,corpse,./dat/objects.srv,UNPRIORITIZED,TODO,,,,SHARED_CANDIDATE:obj:3987,NONE,NONE,NONE,
obj:3994,a dead rat,creature_remains,corpse,./dat/objects.srv,UNPRIORITIZED,TODO,,,,MESH,NONE,NONE,NONE,
obj:3995,a dead rat,creature_remains,corpse,./dat/objects.srv,UNPRIORITIZED,TODO,,,,SHARED_CANDIDATE:obj:3994,NONE,NONE,NONE,
obj:3996,a dead rat,creature_remains,corpse,./dat/objects.srv,UNPRIORITIZED,TODO,,,,SHARED_CANDIDATE:obj:3994,NONE,NONE,NONE,
obj:3997,a dead rat,creature_remains,corpse,./dat/objects.srv,UNPRIORITIZED,TODO,,,,SHARED_CANDIDATE:obj:3994,NONE,NONE,NONE,
obj:3998,a dead snake,creature_remains,corpse,./dat/objects.srv,UNPRIORITIZED,TODO,,,,MESH,NONE,NONE,NONE,
obj:3999,a dead snake,creature_remains,corpse,./dat/objects.srv,UNPRIORITIZED,TODO,,,,SHARED_CANDIDATE:obj:3998,NONE,NONE,NONE,
obj:4000,a dead snake,creature_remains,corpse,./dat/objects.srv,UNPRIORITIZED,TODO,,,,SHARED_CANDIDATE:obj:3998,NONE,NONE,NONE,
obj:4001,a dead orc,creature_remains,corpse,./dat/objects.srv,UNPRIORITIZED,TODO,,,,MESH,NONE,NONE,NONE,
obj:4002,a dead orc,creature_remains,corpse,./dat/objects.srv,UNPRIORITIZED,TODO,,,,SHARED_CANDIDATE:obj:4001,NONE,NONE,NONE,
obj:4003,a dead spider,creature_remains,corpse,./dat/objects.srv,UNPRIORITIZED,TODO,,,,SHARED_CANDIDATE:obj:3988,NONE,NONE,NONE,
obj:4004,a dead spider,creature_remains,corpse,./dat/objects.srv,UNPRIORITIZED,TODO,,,,SHARED_CANDIDATE:obj:3988,NONE,NONE,NONE,
obj:4005,a dead rotworm,creature_remains,corpse,./dat/objects.srv,UNPRIORITIZED,TODO,,,,MESH,NONE,NONE,NONE,
obj:4006,a dead rotworm,creature_remains,corpse,./dat/objects.srv,UNPRIORITIZED,TODO,,,,SHARED_CANDIDATE:obj:4005,NONE,NONE,NONE,
obj:4007,a dead wolf,creature_remains,corpse,./dat/objects.srv,UNPRIORITIZED,TODO,,,,MESH,NONE,NONE,NONE,
obj:4008,a dead wolf,creature_remains,corpse,./dat/objects.srv,UNPRIORITIZED,TODO,,,,SHARED_CANDIDATE:obj:4007,NONE,NONE,NONE,
obj:4009,a dead wolf,creature_remains,corpse,./dat/objects.srv,UNPRIORITIZED,TODO,,,,SHARED_CANDIDATE:obj:4007,NONE,NONE,NONE,
obj:4010,a dead wolf,creature_remains,corpse,./dat/objects.srv,UNPRIORITIZED,TODO,,,,SHARED_CANDIDATE:obj:4007,NONE,NONE,NONE,
obj:4011,a dead minotaur,creature_remains,corpse,./dat/objects.srv,UNPRIORITIZED,TODO,,,,MESH,NONE,NONE,NONE,
obj:4012,a dead minotaur,creature_remains,corpse,./dat/objects.srv,UNPRIORITIZED,TODO,,,,SHARED_CANDIDATE:obj:4011,NONE,NONE,NONE,
obj:4013,a dead minotaur,creature_remains,corpse,./dat/objects.srv,UNPRIORITIZED,TODO,,,,SHARED_CANDIDATE:obj:4011,NONE,NONE,NONE,
obj:4014,a dead minotaur,creature_remains,corpse,./dat/objects.srv,UNPRIORITIZED,TODO,,,,SHARED_CANDIDATE:obj:4011,NONE,NONE,NONE,
obj:4015,a dead minotaur,creature_remains,corpse,./dat/objects.srv,UNPRIORITIZED,TODO,,,,SHARED_CANDIDATE:obj:4011,NONE,NONE,NONE,
obj:4016,a dead deer,creature_remains,corpse,./dat/objects.srv,UNPRIORITIZED,TODO,,,,MESH,NONE,NONE,NONE,
obj:4017,a dead deer,creature_remains,corpse,./dat/objects.srv,UNPRIORITIZED,TODO,,,,SHARED_CANDIDATE:obj:4016,NONE,NONE,NONE,
obj:4018,a dead deer,creature_remains,corpse,./dat/objects.srv,UNPRIORITIZED,TODO,,,,SHARED_CANDIDATE:obj:4016,NONE,NONE,NONE,
obj:4019,a dead deer,creature_remains,corpse,./dat/objects.srv,UNPRIORITIZED,TODO,,,,SHARED_CANDIDATE:obj:4016,NONE,NONE,NONE,
obj:4020,a dead dog,creature_remains,corpse,./dat/objects.srv,UNPRIORITIZED,TODO,,,,MESH,NONE,NONE,NONE,
obj:4021,a dead dog,creature_remains,corpse,./dat/objects.srv,UNPRIORITIZED,TODO,,,,SHARED_CANDIDATE:obj:4020,NONE,NONE,NONE,
obj:4022,a dead dog,creature_remains,corpse,./dat/objects.srv,UNPRIORITIZED,TODO,,,,SHARED_CANDIDATE:obj:4020,NONE,NONE,NONE,
obj:4023,a dead dog,creature_remains,corpse,./dat/objects.srv,UNPRIORITIZED,TODO,,,,SHARED_CANDIDATE:obj:4020,NONE,NONE,NONE,
obj:4024,a slain skeleton,creature_remains,corpse,./dat/objects.srv,UNPRIORITIZED,TODO,,,,SHARED_CANDIDATE:obj:3990,NONE,NONE,NONE,
obj:4025,a dead dragon,creature_remains,corpse,./dat/objects.srv,UNPRIORITIZED,TODO,,,,MESH,NONE,NONE,NONE,
obj:4026,a dead dragon,creature_remains,corpse,./dat/objects.srv,UNPRIORITIZED,TODO,,,,SHARED_CANDIDATE:obj:4025,NONE,NONE,NONE,
obj:4027,a dead dragon,creature_remains,corpse,./dat/objects.srv,UNPRIORITIZED,TODO,,,,SHARED_CANDIDATE:obj:4025,NONE,NONE,NONE,
obj:4028,a dead dragon,creature_remains,corpse,./dat/objects.srv,UNPRIORITIZED,TODO,,,,SHARED_CANDIDATE:obj:4025,NONE,NONE,NONE,
obj:4029,a dead spider,creature_remains,corpse,./dat/objects.srv,UNPRIORITIZED,TODO,,,,SHARED_CANDIDATE:obj:3988,NONE,NONE,NONE,
obj:4030,a dead bear,creature_remains,corpse,./dat/objects.srv,UNPRIORITIZED,TODO,,,,MESH,NONE,NONE,NONE,
obj:4031,a dead bear,creature_remains,corpse,./dat/objects.srv,UNPRIORITIZED,TODO,,,,SHARED_CANDIDATE:obj:4030,NONE,NONE,NONE,
obj:4032,a dead bear,creature_remains,corpse,./dat/objects.srv,UNPRIORITIZED,TODO,,,,SHARED_CANDIDATE:obj:4030,NONE,NONE,NONE,
obj:4033,a dead bear,creature_remains,corpse,./dat/objects.srv,UNPRIORITIZED,TODO,,,,SHARED_CANDIDATE:obj:4030,NONE,NONE,NONE,
obj:4034,a slain ghoul,creature_remains,corpse,./dat/objects.srv,UNPRIORITIZED,TODO,,,,MESH,NONE,NONE,NONE,
obj:4035,a slain ghoul,creature_remains,corpse,./dat/objects.srv,UNPRIORITIZED,TODO,,,,SHARED_CANDIDATE:obj:4034,NONE,NONE,NONE,
obj:4036,a slain ghoul,creature_remains,corpse,./dat/objects.srv,UNPRIORITIZED,TODO,,,,SHARED_CANDIDATE:obj:4034,NONE,NONE,NONE,
obj:4037,a slain ghoul,creature_remains,corpse,./dat/objects.srv,UNPRIORITIZED,TODO,,,,SHARED_CANDIDATE:obj:4034,NONE,NONE,NONE,
obj:4038,a dead giant spider,creature_remains,corpse,./dat/objects.srv,UNPRIORITIZED,TODO,,,,MESH,NONE,NONE,NONE,
obj:4039,a dead giant spider,creature_remains,corpse,./dat/objects.srv,UNPRIORITIZED,TODO,,,,SHARED_CANDIDATE:obj:4038,NONE,NONE,NONE,
obj:4040,a dead giant spider,creature_remains,corpse,./dat/objects.srv,UNPRIORITIZED,TODO,,,,SHARED_CANDIDATE:obj:4038,NONE,NONE,NONE,
obj:4041,a dead orc,creature_remains,corpse,./dat/objects.srv,UNPRIORITIZED,TODO,,,,SHARED_CANDIDATE:obj:4001,NONE,NONE,NONE,
obj:4042,a dead orc,creature_remains,corpse,./dat/objects.srv,UNPRIORITIZED,TODO,,,,SHARED_CANDIDATE:obj:4001,NONE,NONE,NONE,
obj:4043,a dead orc,creature_remains,corpse,./dat/objects.srv,UNPRIORITIZED,TODO,,,,SHARED_CANDIDATE:obj:4001,NONE,NONE,NONE,
obj:4044,a dead orc,creature_remains,corpse,./dat/objects.srv,UNPRIORITIZED,TODO,,,,SHARED_CANDIDATE:obj:4001,NONE,NONE,NONE,
obj:4045,a dead orc,creature_remains,corpse,./dat/objects.srv,UNPRIORITIZED,TODO,,,,SHARED_CANDIDATE:obj:4001,NONE,NONE,NONE,
obj:4046,a dead orc,creature_remains,corpse,./dat/objects.srv,UNPRIORITIZED,TODO,,,,SHARED_CANDIDATE:obj:4001,NONE,NONE,NONE,
obj:4047,a dead minotaur,creature_remains,corpse,./dat/objects.srv,UNPRIORITIZED,TODO,,,,SHARED_CANDIDATE:obj:4011,NONE,NONE,NONE,
obj:4048,a dead minotaur,creature_remains,corpse,./dat/objects.srv,UNPRIORITIZED,TODO,,,,SHARED_CANDIDATE:obj:4011,NONE,NONE,NONE,
obj:4049,a dead minotaur,creature_remains,corpse,./dat/objects.srv,UNPRIORITIZED,TODO,,,,SHARED_CANDIDATE:obj:4011,NONE,NONE,NONE,
obj:4050,a dead minotaur,creature_remains,corpse,./dat/objects.srv,UNPRIORITIZED,TODO,,,,SHARED_CANDIDATE:obj:4011,NONE,NONE,NONE,
obj:4051,a pile of bones,creature_remains,corpse,./dat/objects.srv,UNPRIORITIZED,TODO,,,,MESH,NONE,NONE,NONE,
obj:4052,a dead minotaur,creature_remains,corpse,./dat/objects.srv,UNPRIORITIZED,TODO,,,,SHARED_CANDIDATE:obj:4011,NONE,NONE,NONE,
obj:4053,a dead minotaur,creature_remains,corpse,./dat/objects.srv,UNPRIORITIZED,TODO,,,,SHARED_CANDIDATE:obj:4011,NONE,NONE,NONE,
obj:4054,a dead minotaur,creature_remains,corpse,./dat/objects.srv,UNPRIORITIZED,TODO,,,,SHARED_CANDIDATE:obj:4011,NONE,NONE,NONE,
obj:4055,a dead minotaur,creature_remains,corpse,./dat/objects.srv,UNPRIORITIZED,TODO,,,,SHARED_CANDIDATE:obj:4011,NONE,NONE,NONE,
obj:4056,a pile of bones,creature_remains,corpse,./dat/objects.srv,UNPRIORITIZED,TODO,,,,SHARED_CANDIDATE:obj:4051,NONE,NONE,NONE,
obj:4057,a dead minotaur,creature_remains,corpse,./dat/objects.srv,UNPRIORITIZED,TODO,,,,SHARED_CANDIDATE:obj:4011,NONE,NONE,NONE,
obj:4058,a dead minotaur,creature_remains,corpse,./dat/objects.srv,UNPRIORITIZED,TODO,,,,SHARED_CANDIDATE:obj:4011,NONE,NONE,NONE,
obj:4059,a dead minotaur,creature_remains,corpse,./dat/objects.srv,UNPRIORITIZED,TODO,,,,SHARED_CANDIDATE:obj:4011,NONE,NONE,NONE,
obj:4060,a dead minotaur,creature_remains,corpse,./dat/objects.srv,UNPRIORITIZED,TODO,,,,SHARED_CANDIDATE:obj:4011,NONE,NONE,NONE,
obj:4061,a pile of bones,creature_remains,corpse,./dat/objects.srv,UNPRIORITIZED,TODO,,,,SHARED_CANDIDATE:obj:4051,NONE,NONE,NONE,
obj:4062,a dead dragon,creature_remains,corpse,./dat/objects.srv,UNPRIORITIZED,TODO,,,,SHARED_CANDIDATE:obj:4025,NONE,NONE,NONE,
obj:4063,a dead dragon,creature_remains,corpse,./dat/objects.srv,UNPRIORITIZED,TODO,,,,SHARED_CANDIDATE:obj:4025,NONE,NONE,NONE,
obj:4064,a dead dragon,creature_remains,corpse,./dat/objects.srv,UNPRIORITIZED,TODO,,,,SHARED_CANDIDATE:obj:4025,NONE,NONE,NONE,
obj:4065,a dead dragon,creature_remains,corpse,./dat/objects.srv,UNPRIORITIZED,TODO,,,,SHARED_CANDIDATE:obj:4025,NONE,NONE,NONE,
obj:4066,a dead spider,creature_remains,corpse,./dat/objects.srv,UNPRIORITIZED,TODO,,,,SHARED_CANDIDATE:obj:3988,NONE,NONE,NONE,
obj:4067,a dead fire devil,creature_remains,corpse,./dat/objects.srv,UNPRIORITIZED,TODO,,,,MESH,NONE,NONE,NONE,
obj:4068,a dead fire devil,creature_remains,corpse,./dat/objects.srv,UNPRIORITIZED,TODO,,,,SHARED_CANDIDATE:obj:4067,NONE,NONE,NONE,
obj:4069,a dead fire devil,creature_remains,corpse,./dat/objects.srv,UNPRIORITIZED,TODO,,,,SHARED_CANDIDATE:obj:4067,NONE,NONE,NONE,
obj:4070,a dead lion,creature_remains,corpse,./dat/objects.srv,UNPRIORITIZED,TODO,,,,MESH,NONE,NONE,NONE,
obj:4071,a dead lion,creature_remains,corpse,./dat/objects.srv,UNPRIORITIZED,TODO,,,,SHARED_CANDIDATE:obj:4070,NONE,NONE,NONE,
obj:4072,a dead lion,creature_remains,corpse,./dat/objects.srv,UNPRIORITIZED,TODO,,,,SHARED_CANDIDATE:obj:4070,NONE,NONE,NONE,
obj:4073,a dead lion,creature_remains,corpse,./dat/objects.srv,UNPRIORITIZED,TODO,,,,SHARED_CANDIDATE:obj:4070,NONE,NONE,NONE,
obj:4074,a dead bear,creature_remains,corpse,./dat/objects.srv,UNPRIORITIZED,TODO,,,,SHARED_CANDIDATE:obj:4030,NONE,NONE,NONE,
obj:4075,a dead bear,creature_remains,corpse,./dat/objects.srv,UNPRIORITIZED,TODO,,,,SHARED_CANDIDATE:obj:4030,NONE,NONE,NONE,
obj:4076,a dead bear,creature_remains,corpse,./dat/objects.srv,UNPRIORITIZED,TODO,,,,SHARED_CANDIDATE:obj:4030,NONE,NONE,NONE,
obj:4077,a dead bear,creature_remains,corpse,./dat/objects.srv,UNPRIORITIZED,TODO,,,,SHARED_CANDIDATE:obj:4030,NONE,NONE,NONE,
obj:4078,a dead scorpion,creature_remains,corpse,./dat/objects.srv,UNPRIORITIZED,TODO,,,,MESH,NONE,NONE,NONE,
obj:4079,a dead scorpion,creature_remains,corpse,./dat/objects.srv,UNPRIORITIZED,TODO,,,,SHARED_CANDIDATE:obj:4078,NONE,NONE,NONE,
obj:4080,a dead wasp,creature_remains,corpse,./dat/objects.srv,UNPRIORITIZED,TODO,,,,MESH,NONE,NONE,NONE,
obj:4081,a dead wasp,creature_remains,corpse,./dat/objects.srv,UNPRIORITIZED,TODO,,,,SHARED_CANDIDATE:obj:4080,NONE,NONE,NONE,
obj:4082,a dead wasp,creature_remains,corpse,./dat/objects.srv,UNPRIORITIZED,TODO,,,,SHARED_CANDIDATE:obj:4080,NONE,NONE,NONE,
obj:4083,a dead bug,creature_remains,corpse,./dat/objects.srv,UNPRIORITIZED,TODO,,,,MESH,NONE,NONE,NONE,
obj:4084,a dead bug,creature_remains,corpse,./dat/objects.srv,UNPRIORITIZED,TODO,,,,SHARED_CANDIDATE:obj:4083,NONE,NONE,NONE,
obj:4085,a dead bug,creature_remains,corpse,./dat/objects.srv,UNPRIORITIZED,TODO,,,,SHARED_CANDIDATE:obj:4083,NONE,NONE,NONE,
obj:4086,a dead sheep,creature_remains,corpse,./dat/objects.srv,UNPRIORITIZED,TODO,,,,MESH,NONE,NONE,NONE,
obj:4087,a dead sheep,creature_remains,corpse,./dat/objects.srv,UNPRIORITIZED,TODO,,,,SHARED_CANDIDATE:obj:4086,NONE,NONE,NONE,
obj:4088,a dead sheep,creature_remains,corpse,./dat/objects.srv,UNPRIORITIZED,TODO,,,,SHARED_CANDIDATE:obj:4086,NONE,NONE,NONE,
obj:4089,a dead beholder,creature_remains,corpse,./dat/objects.srv,UNPRIORITIZED,TODO,,,,MESH,NONE,NONE,NONE,
obj:4090,a dead beholder,creature_remains,corpse,./dat/objects.srv,UNPRIORITIZED,TODO,,,,SHARED_CANDIDATE:obj:4089,NONE,NONE,NONE,
obj:4091,a dead beholder,creature_remains,corpse,./dat/objects.srv,UNPRIORITIZED,TODO,,,,SHARED_CANDIDATE:obj:4089,NONE,NONE,NONE,
obj:4092,a dead cyclops,creature_remains,corpse,./dat/objects.srv,UNPRIORITIZED,TODO,,,,SHARED_CANDIDATE:obj:3989,NONE,NONE,NONE,
obj:4093,a dead cyclops,creature_remains,corpse,./dat/objects.srv,UNPRIORITIZED,TODO,,,,SHARED_CANDIDATE:obj:3989,NONE,NONE,NONE,
obj:4094,remains of a ghost,creature_remains,corpse,./dat/objects.srv,UNPRIORITIZED,TODO,,,,MESH,NONE,NONE,NONE,
obj:4095,a dead sheep,creature_remains,corpse,./dat/objects.srv,UNPRIORITIZED,TODO,,,,SHARED_CANDIDATE:obj:4086,NONE,NONE,NONE,
obj:4096,a dead sheep,creature_remains,corpse,./dat/objects.srv,UNPRIORITIZED,TODO,,,,SHARED_CANDIDATE:obj:4086,NONE,NONE,NONE,
obj:4097,a slain demon,creature_remains,corpse,./dat/objects.srv,UNPRIORITIZED,TODO,,,,MESH,NONE,NONE,NONE,
obj:4098,a slain demon,creature_remains,corpse,./dat/objects.srv,UNPRIORITIZED,TODO,,,,SHARED_CANDIDATE:obj:4097,NONE,NONE,NONE,
obj:4099,a slain demon,creature_remains,corpse,./dat/objects.srv,UNPRIORITIZED,TODO,,,,SHARED_CANDIDATE:obj:4097,NONE,NONE,NONE,
obj:4100,a slain demon,creature_remains,corpse,./dat/objects.srv,UNPRIORITIZED,TODO,,,,SHARED_CANDIDATE:obj:4097,NONE,NONE,NONE,
obj:4101,a dead orc,creature_remains,corpse,./dat/objects.srv,UNPRIORITIZED,TODO,,,,SHARED_CANDIDATE:obj:4001,NONE,NONE,NONE,
obj:4102,a dead orc,creature_remains,corpse,./dat/objects.srv,UNPRIORITIZED,TODO,,,,SHARED_CANDIDATE:obj:4001,NONE,NONE,NONE,
obj:4103,a slain skeleton,creature_remains,corpse,./dat/objects.srv,UNPRIORITIZED,TODO,,,,SHARED_CANDIDATE:obj:3990,NONE,NONE,NONE,
obj:4104,a slain skeleton,creature_remains,corpse,./dat/objects.srv,UNPRIORITIZED,TODO,,,,SHARED_CANDIDATE:obj:3990,NONE,NONE,NONE,
obj:4105,a dead wolf,creature_remains,corpse,./dat/objects.srv,UNPRIORITIZED,TODO,,,,SHARED_CANDIDATE:obj:4007,NONE,NONE,NONE,
obj:4106,a dead wolf,creature_remains,corpse,./dat/objects.srv,UNPRIORITIZED,TODO,,,,SHARED_CANDIDATE:obj:4007,NONE,NONE,NONE,
obj:4107,a dead wolf,creature_remains,corpse,./dat/objects.srv,UNPRIORITIZED,TODO,,,,SHARED_CANDIDATE:obj:4007,NONE,NONE,NONE,
obj:4108,a dead wolf,creature_remains,corpse,./dat/objects.srv,UNPRIORITIZED,TODO,,,,SHARED_CANDIDATE:obj:4007,NONE,NONE,NONE,
obj:4109,a dead troll,creature_remains,corpse,./dat/objects.srv,UNPRIORITIZED,TODO,,,,SHARED_CANDIDATE:obj:3987,NONE,NONE,NONE,
obj:4110,a dead troll,creature_remains,corpse,./dat/objects.srv,UNPRIORITIZED,TODO,,,,SHARED_CANDIDATE:obj:3987,NONE,NONE,NONE,
obj:4111,a dead troll,creature_remains,corpse,./dat/objects.srv,UNPRIORITIZED,TODO,,,,SHARED_CANDIDATE:obj:3987,NONE,NONE,NONE,
obj:4112,a dead behemoth,creature_remains,corpse,./dat/objects.srv,UNPRIORITIZED,TODO,,,,MESH,NONE,NONE,NONE,
obj:4113,a dead behemoth,creature_remains,corpse,./dat/objects.srv,UNPRIORITIZED,TODO,,,,SHARED_CANDIDATE:obj:4112,NONE,NONE,NONE,
obj:4114,a dead behemoth,creature_remains,corpse,./dat/objects.srv,UNPRIORITIZED,TODO,,,,SHARED_CANDIDATE:obj:4112,NONE,NONE,NONE,
obj:4115,a dead behemoth,creature_remains,corpse,./dat/objects.srv,UNPRIORITIZED,TODO,,,,SHARED_CANDIDATE:obj:4112,NONE,NONE,NONE,
obj:4116,a dead pig,creature_remains,corpse,./dat/objects.srv,UNPRIORITIZED,TODO,,,,MESH,NONE,NONE,NONE,
obj:4117,a dead pig,creature_remains,corpse,./dat/objects.srv,UNPRIORITIZED,TODO,,,,SHARED_CANDIDATE:obj:4116,NONE,NONE,NONE,
obj:4118,a dead pig,creature_remains,corpse,./dat/objects.srv,UNPRIORITIZED,TODO,,,,SHARED_CANDIDATE:obj:4116,NONE,NONE,NONE,
obj:4119,a dead orc,creature_remains,corpse,./dat/objects.srv,UNPRIORITIZED,TODO,,,,SHARED_CANDIDATE:obj:4001,NONE,NONE,NONE,
obj:4120,a dead orc,creature_remains,corpse,./dat/objects.srv,UNPRIORITIZED,TODO,,,,SHARED_CANDIDATE:obj:4001,NONE,NONE,NONE,
obj:4121,a dead goblin,creature_remains,corpse,./dat/objects.srv,UNPRIORITIZED,TODO,,,,MESH,NONE,NONE,NONE,
obj:4122,a dead goblin,creature_remains,corpse,./dat/objects.srv,UNPRIORITIZED,TODO,,,,SHARED_CANDIDATE:obj:4121,NONE,NONE,NONE,
obj:4123,a dead goblin,creature_remains,corpse,./dat/objects.srv,UNPRIORITIZED,TODO,,,,SHARED_CANDIDATE:obj:4121,NONE,NONE,NONE,
obj:4124,a dead golin,creature_remains,corpse,./dat/objects.srv,UNPRIORITIZED,TODO,,,,MESH,NONE,NONE,NONE,
obj:4125,a dead spider,creature_remains,corpse,./dat/objects.srv,UNPRIORITIZED,TODO,,,,SHARED_CANDIDATE:obj:3988,NONE,NONE,NONE,
obj:4126,a dead elf,creature_remains,corpse,./dat/objects.srv,UNPRIORITIZED,TODO,,,,MESH,NONE,NONE,NONE,
obj:4127,a dead elf,creature_remains,corpse,./dat/objects.srv,UNPRIORITIZED,TODO,,,,SHARED_CANDIDATE:obj:4126,NONE,NONE,NONE,
obj:4128,a dead elf,creature_remains,corpse,./dat/objects.srv,UNPRIORITIZED,TODO,,,,SHARED_CANDIDATE:obj:4126,NONE,NONE,NONE,
obj:4129,a dead elf,creature_remains,corpse,./dat/objects.srv,UNPRIORITIZED,TODO,,,,SHARED_CANDIDATE:obj:4126,NONE,NONE,NONE,
obj:4130,remains of a mummy,creature_remains,corpse,./dat/objects.srv,UNPRIORITIZED,TODO,,,,MESH,NONE,NONE,NONE,
obj:4131,remains of a mummy,creature_remains,corpse,./dat/objects.srv,UNPRIORITIZED,TODO,,,,SHARED_CANDIDATE:obj:4130,NONE,NONE,NONE,
obj:4132,remains of a mummy,creature_remains,corpse,./dat/objects.srv,UNPRIORITIZED,TODO,,,,SHARED_CANDIDATE:obj:4130,NONE,NONE,NONE,
obj:4133,a split stone golem,creature_remains,corpse,./dat/objects.srv,UNPRIORITIZED,TODO,,,,MESH,NONE,NONE,NONE,
obj:4134,a split stone golem,creature_remains,corpse,./dat/objects.srv,UNPRIORITIZED,TODO,,,,SHARED_CANDIDATE:obj:4133,NONE,NONE,NONE,
obj:4135,a split stone golem,creature_remains,corpse,./dat/objects.srv,UNPRIORITIZED,TODO,,,,SHARED_CANDIDATE:obj:4133,NONE,NONE,NONE,
obj:4136,a split stone golem,creature_remains,corpse,./dat/objects.srv,UNPRIORITIZED,TODO,,,,SHARED_CANDIDATE:obj:4133,NONE,NONE,NONE,
obj:4137,a slain vampire,creature_remains,corpse,./dat/objects.srv,UNPRIORITIZED,TODO,,,,MESH,NONE,NONE,NONE,
obj:4138,a slain vampire,creature_remains,corpse,./dat/objects.srv,UNPRIORITIZED,TODO,,,,SHARED_CANDIDATE:obj:4137,NONE,NONE,NONE,
obj:4139,a slain vampire,creature_remains,corpse,./dat/objects.srv,UNPRIORITIZED,TODO,,,,SHARED_CANDIDATE:obj:4137,NONE,NONE,NONE,
obj:4140,a slain vampire,creature_remains,corpse,./dat/objects.srv,UNPRIORITIZED,TODO,,,,SHARED_CANDIDATE:obj:4137,NONE,NONE,NONE,
obj:4141,a dead dwarf,creature_remains,corpse,./dat/objects.srv,UNPRIORITIZED,TODO,,,,MESH,NONE,NONE,NONE,
obj:4142,a dead dwarf,creature_remains,corpse,./dat/objects.srv,UNPRIORITIZED,TODO,,,,SHARED_CANDIDATE:obj:4141,NONE,NONE,NONE,
obj:4143,a dead dwarf,creature_remains,corpse,./dat/objects.srv,UNPRIORITIZED,TODO,,,,SHARED_CANDIDATE:obj:4141,NONE,NONE,NONE,
obj:4144,a dead dwarf,creature_remains,corpse,./dat/objects.srv,UNPRIORITIZED,TODO,,,,SHARED_CANDIDATE:obj:4141,NONE,NONE,NONE,
obj:4145,a dead rotworm,creature_remains,corpse,./dat/objects.srv,UNPRIORITIZED,TODO,,,,SHARED_CANDIDATE:obj:4005,NONE,NONE,NONE,
obj:4146,a dead scorpion,creature_remains,corpse,./dat/objects.srv,UNPRIORITIZED,TODO,,,,SHARED_CANDIDATE:obj:4078,NONE,NONE,NONE,
obj:4147,a dead orc,creature_remains,corpse,./dat/objects.srv,UNPRIORITIZED,TODO,,,,SHARED_CANDIDATE:obj:4001,NONE,NONE,NONE,
obj:4148,a dead orc,creature_remains,corpse,./dat/objects.srv,UNPRIORITIZED,TODO,,,,SHARED_CANDIDATE:obj:4001,NONE,NONE,NONE,
obj:4149,a dead orc,creature_remains,corpse,./dat/objects.srv,UNPRIORITIZED,TODO,,,,SHARED_CANDIDATE:obj:4001,NONE,NONE,NONE,
obj:4150,a dead war wolf,creature_remains,corpse,./dat/objects.srv,UNPRIORITIZED,TODO,,,,MESH,NONE,NONE,NONE,
obj:4151,a dead war wolf,creature_remains,corpse,./dat/objects.srv,UNPRIORITIZED,TODO,,,,SHARED_CANDIDATE:obj:4150,NONE,NONE,NONE,
obj:4152,a dead war wolf,creature_remains,corpse,./dat/objects.srv,UNPRIORITIZED,TODO,,,,SHARED_CANDIDATE:obj:4150,NONE,NONE,NONE,
obj:4153,a dead orc and wolf,creature_remains,corpse,./dat/objects.srv,UNPRIORITIZED,TODO,,,,MESH,NONE,NONE,NONE,
obj:4154,a dead orc and wolf,creature_remains,corpse,./dat/objects.srv,UNPRIORITIZED,TODO,,,,SHARED_CANDIDATE:obj:4153,NONE,NONE,NONE,
obj:4155,a dead orc and wolf,creature_remains,corpse,./dat/objects.srv,UNPRIORITIZED,TODO,,,,SHARED_CANDIDATE:obj:4153,NONE,NONE,NONE,
obj:4156,a slain skeleton,creature_remains,corpse,./dat/objects.srv,UNPRIORITIZED,TODO,,,,SHARED_CANDIDATE:obj:3990,NONE,NONE,NONE,
obj:4157,a slain skeleton,creature_remains,corpse,./dat/objects.srv,UNPRIORITIZED,TODO,,,,SHARED_CANDIDATE:obj:3990,NONE,NONE,NONE,
obj:4158,remains of a ghost,creature_remains,corpse,./dat/objects.srv,UNPRIORITIZED,TODO,,,,SHARED_CANDIDATE:obj:4094,NONE,NONE,NONE,
obj:4159,remains of a ghost,creature_remains,corpse,./dat/objects.srv,UNPRIORITIZED,TODO,,,,SHARED_CANDIDATE:obj:4094,NONE,NONE,NONE,
obj:4160,a dead elf,creature_remains,corpse,./dat/objects.srv,UNPRIORITIZED,TODO,,,,SHARED_CANDIDATE:obj:4126,NONE,NONE,NONE,
obj:4161,a dead elf,creature_remains,corpse,./dat/objects.srv,UNPRIORITIZED,TODO,,,,SHARED_CANDIDATE:obj:4126,NONE,NONE,NONE,
obj:4162,a dead elf,creature_remains,corpse,./dat/objects.srv,UNPRIORITIZED,TODO,,,,SHARED_CANDIDATE:obj:4126,NONE,NONE,NONE,
obj:4163,a dead elf,creature_remains,corpse,./dat/objects.srv,UNPRIORITIZED,TODO,,,,SHARED_CANDIDATE:obj:4126,NONE,NONE,NONE,
obj:4164,a dead dwarf,creature_remains,corpse,./dat/objects.srv,UNPRIORITIZED,TODO,,,,SHARED_CANDIDATE:obj:4141,NONE,NONE,NONE,
obj:4165,a dead dwarf,creature_remains,corpse,./dat/objects.srv,UNPRIORITIZED,TODO,,,,SHARED_CANDIDATE:obj:4141,NONE,NONE,NONE,
obj:4166,a dead dwarf,creature_remains,corpse,./dat/objects.srv,UNPRIORITIZED,TODO,,,,SHARED_CANDIDATE:obj:4141,NONE,NONE,NONE,
obj:4167,a dead dwarf,creature_remains,corpse,./dat/objects.srv,UNPRIORITIZED,TODO,,,,SHARED_CANDIDATE:obj:4141,NONE,NONE,NONE,
obj:4168,a dead dwarf,creature_remains,corpse,./dat/objects.srv,UNPRIORITIZED,TODO,,,,SHARED_CANDIDATE:obj:4141,NONE,NONE,NONE,
obj:4169,a dead dwarf,creature_remains,corpse,./dat/objects.srv,UNPRIORITIZED,TODO,,,,SHARED_CANDIDATE:obj:4141,NONE,NONE,NONE,
obj:4170,a dead djinn,creature_remains,corpse,./dat/objects.srv,UNPRIORITIZED,TODO,,,,MESH,NONE,NONE,NONE,
obj:4171,a dead djinn,creature_remains,corpse,./dat/objects.srv,UNPRIORITIZED,TODO,,,,SHARED_CANDIDATE:obj:4170,NONE,NONE,NONE,
obj:4172,a dead djinn,creature_remains,corpse,./dat/objects.srv,UNPRIORITIZED,TODO,,,,SHARED_CANDIDATE:obj:4170,NONE,NONE,NONE,
obj:4173,a dead rabbit,creature_remains,corpse,./dat/objects.srv,UNPRIORITIZED,TODO,,,,MESH,NONE,NONE,NONE,
obj:4174,a dead rabbit,creature_remains,corpse,./dat/objects.srv,UNPRIORITIZED,TODO,,,,SHARED_CANDIDATE:obj:4173,NONE,NONE,NONE,
obj:4175,a dead rabbit,creature_remains,corpse,./dat/objects.srv,UNPRIORITIZED,TODO,,,,SHARED_CANDIDATE:obj:4173,NONE,NONE,NONE,
obj:4176,a dead swamp troll,creature_remains,corpse,./dat/objects.srv,UNPRIORITIZED,TODO,,,,MESH,NONE,NONE,NONE,
obj:4177,a dead swamp troll,creature_remains,corpse,./dat/objects.srv,UNPRIORITIZED,TODO,,,,SHARED_CANDIDATE:obj:4176,NONE,NONE,NONE,
obj:4178,a dead swamp troll,creature_remains,corpse,./dat/objects.srv,UNPRIORITIZED,TODO,,,,SHARED_CANDIDATE:obj:4176,NONE,NONE,NONE,
obj:4179,a slain banshee,creature_remains,corpse,./dat/objects.srv,UNPRIORITIZED,TODO,,,,MESH,NONE,NONE,NONE,
obj:4180,a slain banshee,creature_remains,corpse,./dat/objects.srv,UNPRIORITIZED,TODO,,,,SHARED_CANDIDATE:obj:4179,NONE,NONE,NONE,
obj:4181,a slain banshee,creature_remains,corpse,./dat/objects.srv,UNPRIORITIZED,TODO,,,,SHARED_CANDIDATE:obj:4179,NONE,NONE,NONE,
obj:4182,a dead djinn,creature_remains,corpse,./dat/objects.srv,UNPRIORITIZED,TODO,,,,SHARED_CANDIDATE:obj:4170,NONE,NONE,NONE,
obj:4183,a dead djinn,creature_remains,corpse,./dat/objects.srv,UNPRIORITIZED,TODO,,,,SHARED_CANDIDATE:obj:4170,NONE,NONE,NONE,
obj:4184,a dead djinn,creature_remains,corpse,./dat/objects.srv,UNPRIORITIZED,TODO,,,,SHARED_CANDIDATE:obj:4170,NONE,NONE,NONE,
obj:4185,a dead scarab,creature_remains,corpse,./dat/objects.srv,UNPRIORITIZED,TODO,,,,MESH,NONE,NONE,NONE,
obj:4186,a dead scarab,creature_remains,corpse,./dat/objects.srv,UNPRIORITIZED,TODO,,,,SHARED_CANDIDATE:obj:4185,NONE,NONE,NONE,
obj:4187,a dead scarab,creature_remains,corpse,./dat/objects.srv,UNPRIORITIZED,TODO,,,,SHARED_CANDIDATE:obj:4185,NONE,NONE,NONE,
obj:4188,a dead cobra,creature_remains,corpse,./dat/objects.srv,UNPRIORITIZED,TODO,,,,MESH,NONE,NONE,NONE,
obj:4189,a dead cobra,creature_remains,corpse,./dat/objects.srv,UNPRIORITIZED,TODO,,,,SHARED_CANDIDATE:obj:4188,NONE,NONE,NONE,
obj:4190,a dead cobra,creature_remains,corpse,./dat/objects.srv,UNPRIORITIZED,TODO,,,,SHARED_CANDIDATE:obj:4188,NONE,NONE,NONE,
obj:4191,a dead larva,creature_remains,corpse,./dat/objects.srv,UNPRIORITIZED,TODO,,,,MESH,NONE,NONE,NONE,
obj:4192,a dead larva,creature_remains,corpse,./dat/objects.srv,UNPRIORITIZED,TODO,,,,SHARED_CANDIDATE:obj:4191,NONE,NONE,NONE,
obj:4193,a dead larva,creature_remains,corpse,./dat/objects.srv,UNPRIORITIZED,TODO,,,,SHARED_CANDIDATE:obj:4191,NONE,NONE,NONE,
obj:4194,a dead scarab,creature_remains,corpse,./dat/objects.srv,UNPRIORITIZED,TODO,,,,SHARED_CANDIDATE:obj:4185,NONE,NONE,NONE,
obj:4195,a dead scarab,creature_remains,corpse,./dat/objects.srv,UNPRIORITIZED,TODO,,,,SHARED_CANDIDATE:obj:4185,NONE,NONE,NONE,
obj:4196,a dead scarab,creature_remains,corpse,./dat/objects.srv,UNPRIORITIZED,TODO,,,,SHARED_CANDIDATE:obj:4185,NONE,NONE,NONE,
obj:4197,a dead pharaoh,creature_remains,corpse,./dat/objects.srv,UNPRIORITIZED,TODO,,,,MESH,NONE,NONE,NONE,
obj:4198,a dead pharaoh,creature_remains,corpse,./dat/objects.srv,UNPRIORITIZED,TODO,,,,SHARED_CANDIDATE:obj:4197,NONE,NONE,NONE,
obj:4199,a dead pharaoh,creature_remains,corpse,./dat/objects.srv,UNPRIORITIZED,TODO,,,,SHARED_CANDIDATE:obj:4197,NONE,NONE,NONE,
obj:4200,a dead hyaena,creature_remains,corpse,./dat/objects.srv,UNPRIORITIZED,TODO,,,,MESH,NONE,NONE,NONE,
obj:4201,a dead hyaena,creature_remains,corpse,./dat/objects.srv,UNPRIORITIZED,TODO,,,,SHARED_CANDIDATE:obj:4200,NONE,NONE,NONE,
obj:4202,a dead hyaena,creature_remains,corpse,./dat/objects.srv,UNPRIORITIZED,TODO,,,,SHARED_CANDIDATE:obj:4200,NONE,NONE,NONE,
obj:4203,a dead gargoyle,creature_remains,corpse,./dat/objects.srv,UNPRIORITIZED,TODO,,,,MESH,NONE,NONE,NONE,
obj:4204,a dead gargoyle,creature_remains,corpse,./dat/objects.srv,UNPRIORITIZED,TODO,,,,SHARED_CANDIDATE:obj:4203,NONE,NONE,NONE,
obj:4205,a dead gargoyle,creature_remains,corpse,./dat/objects.srv,UNPRIORITIZED,TODO,,,,SHARED_CANDIDATE:obj:4203,NONE,NONE,NONE,
obj:4206,a slain lich,creature_remains,corpse,./dat/objects.srv,UNPRIORITIZED,TODO,,,,MESH,NONE,NONE,NONE,
obj:4207,a slain lich,creature_remains,corpse,./dat/objects.srv,UNPRIORITIZED,TODO,,,,SHARED_CANDIDATE:obj:4206,NONE,NONE,NONE,
obj:4208,a slain lich,creature_remains,corpse,./dat/objects.srv,UNPRIORITIZED,TODO,,,,SHARED_CANDIDATE:obj:4206,NONE,NONE,NONE,
obj:4209,a slain crypt shambler,creature_remains,corpse,./dat/objects.srv,UNPRIORITIZED,TODO,,,,MESH,NONE,NONE,NONE,
obj:4210,a slain crypt shambler,creature_remains,corpse,./dat/objects.srv,UNPRIORITIZED,TODO,,,,SHARED_CANDIDATE:obj:4209,NONE,NONE,NONE,
obj:4211,a slain crypt shambler,creature_remains,corpse,./dat/objects.srv,UNPRIORITIZED,TODO,,,,SHARED_CANDIDATE:obj:4209,NONE,NONE,NONE,
obj:4212,a slain bonebeast,creature_remains,corpse,./dat/objects.srv,UNPRIORITIZED,TODO,,,,MESH,NONE,NONE,NONE,
obj:4213,a slain bonebeast,creature_remains,corpse,./dat/objects.srv,UNPRIORITIZED,TODO,,,,SHARED_CANDIDATE:obj:4212,NONE,NONE,NONE,
obj:4214,a slain bonebeast,creature_remains,corpse,./dat/objects.srv,UNPRIORITIZED,TODO,,,,SHARED_CANDIDATE:obj:4212,NONE,NONE,NONE,
obj:4215,a dead pharaoh,creature_remains,corpse,./dat/objects.srv,UNPRIORITIZED,TODO,,,,SHARED_CANDIDATE:obj:4197,NONE,NONE,NONE,
obj:4216,a dead pharaoh,creature_remains,corpse,./dat/objects.srv,UNPRIORITIZED,TODO,,,,SHARED_CANDIDATE:obj:4197,NONE,NONE,NONE,
obj:4217,a dead pharaoh,creature_remains,corpse,./dat/objects.srv,UNPRIORITIZED,TODO,,,,SHARED_CANDIDATE:obj:4197,NONE,NONE,NONE,
obj:4218,a dead efreet,creature_remains,corpse,./dat/objects.srv,UNPRIORITIZED,TODO,,,,MESH,NONE,NONE,NONE,
obj:4219,a dead efreet,creature_remains,corpse,./dat/objects.srv,UNPRIORITIZED,TODO,,,,SHARED_CANDIDATE:obj:4218,NONE,NONE,NONE,
obj:4220,a dead efreet,creature_remains,corpse,./dat/objects.srv,UNPRIORITIZED,TODO,,,,SHARED_CANDIDATE:obj:4218,NONE,NONE,NONE,
obj:4221,a dead marid,creature_remains,corpse,./dat/objects.srv,UNPRIORITIZED,TODO,,,,MESH,NONE,NONE,NONE,
obj:4222,a dead marid,creature_remains,corpse,./dat/objects.srv,UNPRIORITIZED,TODO,,,,SHARED_CANDIDATE:obj:4221,NONE,NONE,NONE,
obj:4223,a dead marid,creature_remains,corpse,./dat/objects.srv,UNPRIORITIZED,TODO,,,,SHARED_CANDIDATE:obj:4221,NONE,NONE,NONE,
obj:4224,a dead badger,creature_remains,corpse,./dat/objects.srv,UNPRIORITIZED,TODO,,,,MESH,NONE,NONE,NONE,
obj:4225,a dead badger,creature_remains,corpse,./dat/objects.srv,UNPRIORITIZED,TODO,,,,SHARED_CANDIDATE:obj:4224,NONE,NONE,NONE,
obj:4226,a dead badger,creature_remains,corpse,./dat/objects.srv,UNPRIORITIZED,TODO,,,,SHARED_CANDIDATE:obj:4224,NONE,NONE,NONE,
obj:4227,a dead skunk,creature_remains,corpse,./dat/objects.srv,UNPRIORITIZED,TODO,,,,MESH,NONE,NONE,NONE,
obj:4228,a dead skunk,creature_remains,corpse,./dat/objects.srv,UNPRIORITIZED,TODO,,,,SHARED_CANDIDATE:obj:4227,NONE,NONE,NONE,
obj:4229,a dead skunk,creature_remains,corpse,./dat/objects.srv,UNPRIORITIZED,TODO,,,,SHARED_CANDIDATE:obj:4227,NONE,NONE,NONE,
obj:4230,a dead gazer,creature_remains,corpse,./dat/objects.srv,UNPRIORITIZED,TODO,,,,MESH,NONE,NONE,NONE,
obj:4231,a dead gazer,creature_remains,corpse,./dat/objects.srv,UNPRIORITIZED,TODO,,,,SHARED_CANDIDATE:obj:4230,NONE,NONE,NONE,
obj:4232,a dead gazer,creature_remains,corpse,./dat/objects.srv,UNPRIORITIZED,TODO,,,,SHARED_CANDIDATE:obj:4230,NONE,NONE,NONE,
obj:4233,a dead elder beholder,creature_remains,corpse,./dat/objects.srv,UNPRIORITIZED,TODO,,,,MESH,NONE,NONE,NONE,
obj:4234,a dead elder beholder,creature_remains,corpse,./dat/objects.srv,UNPRIORITIZED,TODO,,,,SHARED_CANDIDATE:obj:4233,NONE,NONE,NONE,
obj:4235,a dead elder beholder,creature_remains,corpse,./dat/objects.srv,UNPRIORITIZED,TODO,,,,SHARED_CANDIDATE:obj:4233,NONE,NONE,NONE,
obj:4236,a dead yeti,creature_remains,corpse,./dat/objects.srv,UNPRIORITIZED,TODO,,,,MESH,NONE,NONE,NONE,
obj:4237,a dead yeti,creature_remains,corpse,./dat/objects.srv,UNPRIORITIZED,TODO,,,,SHARED_CANDIDATE:obj:4236,NONE,NONE,NONE,
obj:4238,a dead yeti,creature_remains,corpse,./dat/objects.srv,UNPRIORITIZED,TODO,,,,SHARED_CANDIDATE:obj:4236,NONE,NONE,NONE,
obj:4239,a dead yeti,creature_remains,corpse,./dat/objects.srv,UNPRIORITIZED,TODO,,,,SHARED_CANDIDATE:obj:4236,NONE,NONE,NONE,
obj:4240,a dead human,creature_remains,corpse,./dat/objects.srv,UNPRIORITIZED,TODO,,,,MESH,NONE,NONE,NONE,
obj:4241,a dead human,creature_remains,corpse,./dat/objects.srv,UNPRIORITIZED,TODO,,,,SHARED_CANDIDATE:obj:4240,NONE,NONE,NONE,
obj:4242,a dead human,creature_remains,corpse,./dat/objects.srv,UNPRIORITIZED,TODO,,,,SHARED_CANDIDATE:obj:4240,NONE,NONE,NONE,
obj:4243,a dead human,creature_remains,corpse,./dat/objects.srv,UNPRIORITIZED,TODO,,,,SHARED_CANDIDATE:obj:4240,NONE,NONE,NONE,
obj:4244,a dead human,creature_remains,corpse,./dat/objects.srv,UNPRIORITIZED,TODO,,,,SHARED_CANDIDATE:obj:4240,NONE,NONE,NONE,
obj:4245,a dead human,creature_remains,corpse,./dat/objects.srv,UNPRIORITIZED,TODO,,,,SHARED_CANDIDATE:obj:4240,NONE,NONE,NONE,
obj:4246,a dead human,creature_remains,corpse,./dat/objects.srv,UNPRIORITIZED,TODO,,,,SHARED_CANDIDATE:obj:4240,NONE,NONE,NONE,
obj:4247,a dead human,creature_remains,corpse,./dat/objects.srv,UNPRIORITIZED,TODO,,,,SHARED_CANDIDATE:obj:4240,NONE,NONE,NONE,
obj:4248,a dead human,creature_remains,corpse,./dat/objects.srv,UNPRIORITIZED,TODO,,,,SHARED_CANDIDATE:obj:4240,NONE,NONE,NONE,
obj:4318,a dead crab,creature_remains,corpse,./dat/objects.srv,UNPRIORITIZED,TODO,,,,MESH,NONE,NONE,NONE,
obj:4319,a dead crab,creature_remains,corpse,./dat/objects.srv,UNPRIORITIZED,TODO,,,,SHARED_CANDIDATE:obj:4318,NONE,NONE,NONE,
obj:4320,a dead crab,creature_remains,corpse,./dat/objects.srv,UNPRIORITIZED,TODO,,,,SHARED_CANDIDATE:obj:4318,NONE,NONE,NONE,
obj:4321,a dead lizard templar,creature_remains,corpse,./dat/objects.srv,UNPRIORITIZED,TODO,,,,MESH,NONE,NONE,NONE,
obj:4322,a dead lizard templar,creature_remains,corpse,./dat/objects.srv,UNPRIORITIZED,TODO,,,,SHARED_CANDIDATE:obj:4321,NONE,NONE,NONE,
obj:4323,a dead lizard templar,creature_remains,corpse,./dat/objects.srv,UNPRIORITIZED,TODO,,,,SHARED_CANDIDATE:obj:4321,NONE,NONE,NONE,
obj:4324,a dead lizard sentinel,creature_remains,corpse,./dat/objects.srv,UNPRIORITIZED,TODO,,,,MESH,NONE,NONE,NONE,
obj:4325,a dead lizard sentinel,creature_remains,corpse,./dat/objects.srv,UNPRIORITIZED,TODO,,,,SHARED_CANDIDATE:obj:4324,NONE,NONE,NONE,
obj:4326,a dead lizard sentinel,creature_remains,corpse,./dat/objects.srv,UNPRIORITIZED,TODO,,,,SHARED_CANDIDATE:obj:4324,NONE,NONE,NONE,
obj:4327,a dead lizard snakecharmer,creature_remains,corpse,./dat/objects.srv,UNPRIORITIZED,TODO,,,,MESH,NONE,NONE,NONE,
obj:4328,a dead lizard snakecharmer,creature_remains,corpse,./dat/objects.srv,UNPRIORITIZED,TODO,,,,SHARED_CANDIDATE:obj:4327,NONE,NONE,NONE,
obj:4329,a dead lizard snakecharmer,creature_remains,corpse,./dat/objects.srv,UNPRIORITIZED,TODO,,,,SHARED_CANDIDATE:obj:4327,NONE,NONE,NONE,
obj:4330,a dead chicken,creature_remains,corpse,./dat/objects.srv,UNPRIORITIZED,TODO,,,,MESH,NONE,NONE,NONE,
obj:4331,a dead chicken,creature_remains,corpse,./dat/objects.srv,UNPRIORITIZED,TODO,,,,SHARED_CANDIDATE:obj:4330,NONE,NONE,NONE,
obj:4332,a dead chicken,creature_remains,corpse,./dat/objects.srv,UNPRIORITIZED,TODO,,,,SHARED_CANDIDATE:obj:4330,NONE,NONE,NONE,
obj:4333,a dead kongra,creature_remains,corpse,./dat/objects.srv,UNPRIORITIZED,TODO,,,,MESH,NONE,NONE,NONE,
obj:4334,a dead kongra,creature_remains,corpse,./dat/objects.srv,UNPRIORITIZED,TODO,,,,SHARED_CANDIDATE:obj:4333,NONE,NONE,NONE,
obj:4335,a dead kongra,creature_remains,corpse,./dat/objects.srv,UNPRIORITIZED,TODO,,,,SHARED_CANDIDATE:obj:4333,NONE,NONE,NONE,
obj:4336,a dead merlkin,creature_remains,corpse,./dat/objects.srv,UNPRIORITIZED,TODO,,,,MESH,NONE,NONE,NONE,
obj:4337,a dead merlkin,creature_remains,corpse,./dat/objects.srv,UNPRIORITIZED,TODO,,,,SHARED_CANDIDATE:obj:4336,NONE,NONE,NONE,
obj:4338,a dead merlkin,creature_remains,corpse,./dat/objects.srv,UNPRIORITIZED,TODO,,,,SHARED_CANDIDATE:obj:4336,NONE,NONE,NONE,
obj:4339,a dead sibang,creature_remains,corpse,./dat/objects.srv,UNPRIORITIZED,TODO,,,,MESH,NONE,NONE,NONE,
obj:4340,a dead sibang,creature_remains,corpse,./dat/objects.srv,UNPRIORITIZED,TODO,,,,SHARED_CANDIDATE:obj:4339,NONE,NONE,NONE,
obj:4341,a dead sibang,creature_remains,corpse,./dat/objects.srv,UNPRIORITIZED,TODO,,,,SHARED_CANDIDATE:obj:4339,NONE,NONE,NONE,
obj:4342,a dead crocodile,creature_remains,corpse,./dat/objects.srv,UNPRIORITIZED,TODO,,,,MESH,NONE,NONE,NONE,
obj:4343,a dead crocodile,creature_remains,corpse,./dat/objects.srv,UNPRIORITIZED,TODO,,,,SHARED_CANDIDATE:obj:4342,NONE,NONE,NONE,
obj:4344,a dead crocodile,creature_remains,corpse,./dat/objects.srv,UNPRIORITIZED,TODO,,,,SHARED_CANDIDATE:obj:4342,NONE,NONE,NONE,
obj:4345,a dead carniphila,creature_remains,corpse,./dat/objects.srv,UNPRIORITIZED,TODO,,,,MESH,NONE,NONE,NONE,
obj:4346,a dead carniphila,creature_remains,corpse,./dat/objects.srv,UNPRIORITIZED,TODO,,,,SHARED_CANDIDATE:obj:4345,NONE,NONE,NONE,
obj:4347,a dead carniphila,creature_remains,corpse,./dat/objects.srv,UNPRIORITIZED,TODO,,,,SHARED_CANDIDATE:obj:4345,NONE,NONE,NONE,
obj:4348,a dead hydra,creature_remains,corpse,./dat/objects.srv,UNPRIORITIZED,TODO,,,,MESH,NONE,NONE,NONE,
obj:4349,a dead hydra,creature_remains,corpse,./dat/objects.srv,UNPRIORITIZED,TODO,,,,SHARED_CANDIDATE:obj:4348,NONE,NONE,NONE,
obj:4350,a dead hydra,creature_remains,corpse,./dat/objects.srv,UNPRIORITIZED,TODO,,,,SHARED_CANDIDATE:obj:4348,NONE,NONE,NONE,
obj:4351,a dead panda,creature_remains,corpse,./dat/objects.srv,UNPRIORITIZED,TODO,,,,MESH,NONE,NONE,NONE,
obj:4352,a dead panda,creature_remains,corpse,./dat/objects.srv,UNPRIORITIZED,TODO,,,,SHARED_CANDIDATE:obj:4351,NONE,NONE,NONE,
obj:4353,a dead panda,creature_remains,corpse,./dat/objects.srv,UNPRIORITIZED,TODO,,,,SHARED_CANDIDATE:obj:4351,NONE,NONE,NONE,
obj:4354,a dead centipede,creature_remains,corpse,./dat/objects.srv,UNPRIORITIZED,TODO,,,,MESH,NONE,NONE,NONE,
obj:4355,a dead centipede,creature_remains,corpse,./dat/objects.srv,UNPRIORITIZED,TODO,,,,SHARED_CANDIDATE:obj:4354,NONE,NONE,NONE,
obj:4356,a dead centipede,creature_remains,corpse,./dat/objects.srv,UNPRIORITIZED,TODO,,,,SHARED_CANDIDATE:obj:4354,NONE,NONE,NONE,
obj:4357,a dead tiger,creature_remains,corpse,./dat/objects.srv,UNPRIORITIZED,TODO,,,,MESH,NONE,NONE,NONE,
obj:4358,a dead tiger,creature_remains,corpse,./dat/objects.srv,UNPRIORITIZED,TODO,,,,SHARED_CANDIDATE:obj:4357,NONE,NONE,NONE,
obj:4359,a dead tiger,creature_remains,corpse,./dat/objects.srv,UNPRIORITIZED,TODO,,,,SHARED_CANDIDATE:obj:4357,NONE,NONE,NONE,
obj:4360,a dead elephant,creature_remains,corpse,./dat/objects.srv,UNPRIORITIZED,TODO,,,,MESH,NONE,NONE,NONE,
obj:4361,a dead elephant,creature_remains,corpse,./dat/objects.srv,UNPRIORITIZED,TODO,,,,SHARED_CANDIDATE:obj:4360,NONE,NONE,NONE,
obj:4362,a dead elephant,creature_remains,corpse,./dat/objects.srv,UNPRIORITIZED,TODO,,,,SHARED_CANDIDATE:obj:4360,NONE,NONE,NONE,
obj:4363,a dead bat,creature_remains,corpse,./dat/objects.srv,UNPRIORITIZED,TODO,,,,MESH,NONE,NONE,NONE,
obj:4364,a dead bat,creature_remains,corpse,./dat/objects.srv,UNPRIORITIZED,TODO,,,,SHARED_CANDIDATE:obj:4363,NONE,NONE,NONE,
obj:4365,a dead bat,creature_remains,corpse,./dat/objects.srv,UNPRIORITIZED,TODO,,,,SHARED_CANDIDATE:obj:4363,NONE,NONE,NONE,
obj:4366,a dead flamingo,creature_remains,corpse,./dat/objects.srv,UNPRIORITIZED,TODO,,,,MESH,NONE,NONE,NONE,
obj:4367,a dead flamingo,creature_remains,corpse,./dat/objects.srv,UNPRIORITIZED,TODO,,,,SHARED_CANDIDATE:obj:4366,NONE,NONE,NONE,
obj:4368,a dead flamingo,creature_remains,corpse,./dat/objects.srv,UNPRIORITIZED,TODO,,,,SHARED_CANDIDATE:obj:4366,NONE,NONE,NONE,
obj:4369,a dead dworc,creature_remains,corpse,./dat/objects.srv,UNPRIORITIZED,TODO,,,,MESH,NONE,NONE,NONE,
obj:4370,a dead dworc,creature_remains,corpse,./dat/objects.srv,UNPRIORITIZED,TODO,,,,SHARED_CANDIDATE:obj:4369,NONE,NONE,NONE,
obj:4371,a dead dworc,creature_remains,corpse,./dat/objects.srv,UNPRIORITIZED,TODO,,,,SHARED_CANDIDATE:obj:4369,NONE,NONE,NONE,
obj:4372,a dead dworc,creature_remains,corpse,./dat/objects.srv,UNPRIORITIZED,TODO,,,,SHARED_CANDIDATE:obj:4369,NONE,NONE,NONE,
obj:4373,a dead dworc,creature_remains,corpse,./dat/objects.srv,UNPRIORITIZED,TODO,,,,SHARED_CANDIDATE:obj:4369,NONE,NONE,NONE,
obj:4374,a dead dworc,creature_remains,corpse,./dat/objects.srv,UNPRIORITIZED,TODO,,,,SHARED_CANDIDATE:obj:4369,NONE,NONE,NONE,
obj:4375,a dead dworc,creature_remains,corpse,./dat/objects.srv,UNPRIORITIZED,TODO,,,,SHARED_CANDIDATE:obj:4369,NONE,NONE,NONE,
obj:4376,a dead dworc,creature_remains,corpse,./dat/objects.srv,UNPRIORITIZED,TODO,,,,SHARED_CANDIDATE:obj:4369,NONE,NONE,NONE,
obj:4377,a dead dworc,creature_remains,corpse,./dat/objects.srv,UNPRIORITIZED,TODO,,,,SHARED_CANDIDATE:obj:4369,NONE,NONE,NONE,
obj:4378,a dead butterfly,creature_remains,corpse,./dat/objects.srv,UNPRIORITIZED,TODO,,,,MESH,NONE,NONE,NONE,
obj:4379,a dead parrot,creature_remains,corpse,./dat/objects.srv,UNPRIORITIZED,TODO,,,,MESH,NONE,NONE,NONE,
obj:4380,a dead parrot,creature_remains,corpse,./dat/objects.srv,UNPRIORITIZED,TODO,,,,SHARED_CANDIDATE:obj:4379,NONE,NONE,NONE,
obj:4381,a dead parrot,creature_remains,corpse,./dat/objects.srv,UNPRIORITIZED,TODO,,,,SHARED_CANDIDATE:obj:4379,NONE,NONE,NONE,
obj:4382,a dead bird,creature_remains,corpse,./dat/objects.srv,UNPRIORITIZED,TODO,,,,MESH,NONE,NONE,NONE,
obj:4383,a dead bird,creature_remains,corpse,./dat/objects.srv,UNPRIORITIZED,TODO,,,,SHARED_CANDIDATE:obj:4382,NONE,NONE,NONE,
obj:4384,a dead bird,creature_remains,corpse,./dat/objects.srv,UNPRIORITIZED,TODO,,,,SHARED_CANDIDATE:obj:4382,NONE,NONE,NONE,
obj:4385,a dead tarantula,creature_remains,corpse,./dat/objects.srv,UNPRIORITIZED,TODO,,,,MESH,NONE,NONE,NONE,
obj:4386,a dead tarantula,creature_remains,corpse,./dat/objects.srv,UNPRIORITIZED,TODO,,,,SHARED_CANDIDATE:obj:4385,NONE,NONE,NONE,
obj:4387,a dead tarantula,creature_remains,corpse,./dat/objects.srv,UNPRIORITIZED,TODO,,,,SHARED_CANDIDATE:obj:4385,NONE,NONE,NONE,
obj:4388,a dead serpent spawn,creature_remains,corpse,./dat/objects.srv,UNPRIORITIZED,TODO,,,,MESH,NONE,NONE,NONE,
obj:4389,a dead serpent spawn,creature_remains,corpse,./dat/objects.srv,UNPRIORITIZED,TODO,,,,SHARED_CANDIDATE:obj:4388,NONE,NONE,NONE,
obj:4390,a dead serpent spawn,creature_remains,corpse,./dat/objects.srv,UNPRIORITIZED,TODO,,,,SHARED_CANDIDATE:obj:4388,NONE,NONE,NONE,
obj:4391,a lifeless nettle,creature_remains,corpse,./dat/objects.srv,UNPRIORITIZED,TODO,,,,MESH,NONE,NONE,NONE,
obj:4392,a lifeless nettle,creature_remains,corpse,./dat/objects.srv,UNPRIORITIZED,TODO,,,,SHARED_CANDIDATE:obj:4391,NONE,NONE,NONE,
obj:4991,a dead butterfly,creature_remains,corpse,./dat/objects.srv,UNPRIORITIZED,TODO,,,,SHARED_CANDIDATE:obj:4378,NONE,NONE,NONE,
obj:4992,a dead butterfly,creature_remains,corpse,./dat/objects.srv,UNPRIORITIZED,TODO,,,,SHARED_CANDIDATE:obj:4378,NONE,NONE,NONE,
obj:4993,a dead butterfly,creature_remains,corpse,./dat/objects.srv,UNPRIORITIZED,TODO,,,,SHARED_CANDIDATE:obj:4378,NONE,NONE,NONE,
obj:5013,a dead butterfly,creature_remains,corpse,./dat/objects.srv,UNPRIORITIZED,TODO,,,,SHARED_CANDIDATE:obj:4378,NONE,NONE,NONE,
obj:1067,a pitfall,decoration,bottom_overlay,./dat/objects.srv,UNPRIORITIZED,TODO,,,,SHARED_CANDIDATE:obj:1066,NONE,NONE,NONE,
obj:1334,a sandstone wall,decoration,bottom_overlay,./dat/objects.srv,UNPRIORITIZED,TODO,,,,SHARED_CANDIDATE:obj:1305,NONE,NONE,NONE,
obj:1335,a sandstone wall,decoration,bottom_overlay,./dat/objects.srv,UNPRIORITIZED,TODO,,,,SHARED_CANDIDATE:obj:1305,NONE,NONE,NONE,
obj:1337,a sandstone wall,decoration,bottom_overlay,./dat/objects.srv,UNPRIORITIZED,TODO,,,,SHARED_CANDIDATE:obj:1305,NONE,NONE,NONE,
obj:1338,a sandstone wall,decoration,bottom_overlay,./dat/objects.srv,UNPRIORITIZED,TODO,,,,SHARED_CANDIDATE:obj:1305,NONE,NONE,NONE,
obj:1339,a sandstone wall,decoration,bottom_overlay,./dat/objects.srv,UNPRIORITIZED,TODO,,,,SHARED_CANDIDATE:obj:1305,NONE,NONE,NONE,
obj:1340,a sandstone wall,decoration,bottom_overlay,./dat/objects.srv,UNPRIORITIZED,TODO,,,,SHARED_CANDIDATE:obj:1305,NONE,NONE,NONE,
obj:1341,a sandstone wall,decoration,bottom_overlay,./dat/objects.srv,UNPRIORITIZED,TODO,,,,SHARED_CANDIDATE:obj:1305,NONE,NONE,NONE,
obj:1342,a sandstone wall,decoration,bottom_overlay,./dat/objects.srv,UNPRIORITIZED,TODO,,,,SHARED_CANDIDATE:obj:1305,NONE,NONE,NONE,
obj:1343,a sandstone wall,decoration,bottom_overlay,./dat/objects.srv,UNPRIORITIZED,TODO,,,,SHARED_CANDIDATE:obj:1305,NONE,NONE,NONE,
obj:1344,a sandstone wall,decoration,bottom_overlay,./dat/objects.srv,UNPRIORITIZED,TODO,,,,SHARED_CANDIDATE:obj:1305,NONE,NONE,NONE,
obj:1352,a stone wall,decoration,bottom_overlay,./dat/objects.srv,UNPRIORITIZED,TODO,,,,SHARED_CANDIDATE:obj:1294,NONE,NONE,NONE,
obj:1354,a stone wall,decoration,bottom_overlay,./dat/objects.srv,UNPRIORITIZED,TODO,,,,SHARED_CANDIDATE:obj:1294,NONE,NONE,NONE,
obj:1355,a stone wall,decoration,bottom_overlay,./dat/objects.srv,UNPRIORITIZED,TODO,,,,SHARED_CANDIDATE:obj:1294,NONE,NONE,NONE,
obj:1361,an oriental wall,decoration,bottom_overlay,./dat/objects.srv,UNPRIORITIZED,TODO,,,,SHARED_CANDIDATE:obj:1356,NONE,NONE,NONE,
obj:1363,an oriental wall,decoration,bottom_overlay,./dat/objects.srv,UNPRIORITIZED,TODO,,,,SHARED_CANDIDATE:obj:1356,NONE,NONE,NONE,
obj:1364,an oriental wall,decoration,bottom_overlay,./dat/objects.srv,UNPRIORITIZED,TODO,,,,SHARED_CANDIDATE:obj:1356,NONE,NONE,NONE,
obj:1377,an oriental wall,decoration,bottom_overlay,./dat/objects.srv,UNPRIORITIZED,TODO,,,,SHARED_CANDIDATE:obj:1356,NONE,NONE,NONE,
obj:1378,an oriental wall,decoration,bottom_overlay,./dat/objects.srv,UNPRIORITIZED,TODO,,,,SHARED_CANDIDATE:obj:1356,NONE,NONE,NONE,
obj:1379,an oriental wall,decoration,bottom_overlay,./dat/objects.srv,UNPRIORITIZED,TODO,,,,SHARED_CANDIDATE:obj:1356,NONE,NONE,NONE,
obj:1380,an oriental wall,decoration,bottom_overlay,./dat/objects.srv,UNPRIORITIZED,TODO,,,,SHARED_CANDIDATE:obj:1356,NONE,NONE,NONE,
obj:1425,an oriental wall,decoration,bottom_overlay,./dat/objects.srv,UNPRIORITIZED,TODO,,,,SHARED_CANDIDATE:obj:1356,NONE,NONE,NONE,
obj:1426,an oriental wall,decoration,bottom_overlay,./dat/objects.srv,UNPRIORITIZED,TODO,,,,SHARED_CANDIDATE:obj:1356,NONE,NONE,NONE,
obj:1427,an oriental wall,decoration,bottom_overlay,./dat/objects.srv,UNPRIORITIZED,TODO,,,,SHARED_CANDIDATE:obj:1356,NONE,NONE,NONE,
obj:1428,an oriental wall,decoration,bottom_overlay,./dat/objects.srv,UNPRIORITIZED,TODO,,,,SHARED_CANDIDATE:obj:1356,NONE,NONE,NONE,
obj:1435,an oriental wall,decoration,bottom_overlay,./dat/objects.srv,UNPRIORITIZED,TODO,,,,SHARED_CANDIDATE:obj:1356,NONE,NONE,NONE,
obj:1436,an oriental wall,decoration,bottom_overlay,./dat/objects.srv,UNPRIORITIZED,TODO,,,,SHARED_CANDIDATE:obj:1356,NONE,NONE,NONE,
obj:1438,an oriental wall,decoration,bottom_overlay,./dat/objects.srv,UNPRIORITIZED,TODO,,,,SHARED_CANDIDATE:obj:1356,NONE,NONE,NONE,
obj:1446,a lava wall,decoration,light_source,./dat/objects.srv,UNPRIORITIZED,TODO,,,,SHARED_CANDIDATE:obj:1441,NONE,NONE,NONE,
obj:1447,a lava wall,decoration,light_source,./dat/objects.srv,UNPRIORITIZED,TODO,,,,SHARED_CANDIDATE:obj:1441,NONE,NONE,NONE,
obj:1448,a lava wall,decoration,light_source,./dat/objects.srv,UNPRIORITIZED,TODO,,,,SHARED_CANDIDATE:obj:1441,NONE,NONE,NONE,
obj:1449,a lava wall,decoration,light_source,./dat/objects.srv,UNPRIORITIZED,TODO,,,,SHARED_CANDIDATE:obj:1441,NONE,NONE,NONE,
obj:1457,a stone wall,decoration,bottom_overlay,./dat/objects.srv,UNPRIORITIZED,TODO,,,,SHARED_CANDIDATE:obj:1294,NONE,NONE,NONE,
obj:1458,a stone wall,decoration,bottom_overlay,./dat/objects.srv,UNPRIORITIZED,TODO,,,,SHARED_CANDIDATE:obj:1294,NONE,NONE,NONE,
obj:1473,a stone wall,decoration,bottom_overlay,./dat/objects.srv,UNPRIORITIZED,TODO,,,,SHARED_CANDIDATE:obj:1294,NONE,NONE,NONE,
obj:1474,a stone wall,decoration,bottom_overlay,./dat/objects.srv,UNPRIORITIZED,TODO,,,,SHARED_CANDIDATE:obj:1294,NONE,NONE,NONE,
obj:1475,a stone wall,decoration,bottom_overlay,./dat/objects.srv,UNPRIORITIZED,TODO,,,,SHARED_CANDIDATE:obj:1294,NONE,NONE,NONE,
obj:1479,a stone wall,decoration,bottom_overlay,./dat/objects.srv,UNPRIORITIZED,TODO,,,,SHARED_CANDIDATE:obj:1294,NONE,NONE,NONE,
obj:1480,a stone wall,decoration,bottom_overlay,./dat/objects.srv,UNPRIORITIZED,TODO,,,,SHARED_CANDIDATE:obj:1294,NONE,NONE,NONE,
obj:1481,a stone wall window,decoration,bottom_overlay,./dat/objects.srv,UNPRIORITIZED,TODO,,,,SHARED_CANDIDATE:obj:1465,NONE,NONE,NONE,
obj:1510,a stone wall,decoration,bottom_overlay,./dat/objects.srv,UNPRIORITIZED,TODO,,,,SHARED_CANDIDATE:obj:1294,NONE,NONE,NONE,
obj:1511,a stone wall,decoration,bottom_overlay,./dat/objects.srv,UNPRIORITIZED,TODO,,,,SHARED_CANDIDATE:obj:1294,NONE,NONE,NONE,
obj:1556,a stone wall,decoration,bottom_overlay,./dat/objects.srv,UNPRIORITIZED,TODO,,,,SHARED_CANDIDATE:obj:1294,NONE,NONE,NONE,
obj:1560,a stone wall,decoration,bottom_overlay,./dat/objects.srv,UNPRIORITIZED,TODO,,,,SHARED_CANDIDATE:obj:1294,NONE,NONE,NONE,
obj:1572,a stone wall,decoration,bottom_overlay,./dat/objects.srv,UNPRIORITIZED,TODO,,,,SHARED_CANDIDATE:obj:1294,NONE,NONE,NONE,
obj:1607,a palisade,decoration,bottom_overlay,./dat/objects.srv,UNPRIORITIZED,TODO,,,,SHARED_CANDIDATE:obj:1597,NONE,NONE,NONE,
obj:1608,a palisade,decoration,bottom_overlay,./dat/objects.srv,UNPRIORITIZED,TODO,,,,SHARED_CANDIDATE:obj:1597,NONE,NONE,NONE,
obj:1610,a palisade,decoration,bottom_overlay,./dat/objects.srv,UNPRIORITIZED,TODO,,,,SHARED_CANDIDATE:obj:1597,NONE,NONE,NONE,
obj:1616,a palisade,decoration,bottom_overlay,./dat/objects.srv,UNPRIORITIZED,TODO,,,,SHARED_CANDIDATE:obj:1597,NONE,NONE,NONE,
obj:1740,an oriental window,decoration,bottom_overlay,./dat/objects.srv,UNPRIORITIZED,TODO,,,,MESH,NONE,NONE,NONE,
obj:1744,a sandstone window,decoration,bottom_overlay,./dat/objects.srv,UNPRIORITIZED,TODO,,,,MESH,NONE,NONE,NONE,
obj:1745,a sandstone window,decoration,bottom_overlay,./dat/objects.srv,UNPRIORITIZED,TODO,,,,SHARED_CANDIDATE:obj:1744,NONE,NONE,NONE,
obj:1746,a sandstone window,decoration,bottom_overlay,./dat/objects.srv,UNPRIORITIZED,TODO,,,,SHARED_CANDIDATE:obj:1744,NONE,NONE,NONE,
obj:1747,a sandstone window,decoration,bottom_overlay,./dat/objects.srv,UNPRIORITIZED,TODO,,,,SHARED_CANDIDATE:obj:1744,NONE,NONE,NONE,
obj:1751,a steering wheel,decoration,bottom_overlay,./dat/objects.srv,UNPRIORITIZED,TODO,,,,MESH,NONE,NONE,NONE,
obj:1752,a steering wheel,decoration,bottom_overlay,./dat/objects.srv,UNPRIORITIZED,TODO,,,,SHARED_CANDIDATE:obj:1751,NONE,NONE,NONE,
obj:1753,a steering wheel,decoration,bottom_overlay,./dat/objects.srv,UNPRIORITIZED,TODO,,,,SHARED_CANDIDATE:obj:1751,NONE,NONE,NONE,
obj:1754,a steering wheel,decoration,bottom_overlay,./dat/objects.srv,UNPRIORITIZED,TODO,,,,SHARED_CANDIDATE:obj:1751,NONE,NONE,NONE,
obj:1969,a ramp,decoration,bottom_overlay,./dat/objects.srv,UNPRIORITIZED,TODO,,,,SHARED_CANDIDATE:obj:1950,NONE,NONE,NONE,
obj:1970,a ramp,decoration,bottom_overlay,./dat/objects.srv,UNPRIORITIZED,TODO,,,,SHARED_CANDIDATE:obj:1950,NONE,NONE,NONE,
obj:1971,a ramp,decoration,bottom_overlay,./dat/objects.srv,UNPRIORITIZED,TODO,,,,SHARED_CANDIDATE:obj:1950,NONE,NONE,NONE,
obj:1972,a ramp,decoration,bottom_overlay,./dat/objects.srv,UNPRIORITIZED,TODO,,,,SHARED_CANDIDATE:obj:1950,NONE,NONE,NONE,
obj:1973,a ramp,decoration,bottom_overlay,./dat/objects.srv,UNPRIORITIZED,TODO,,,,SHARED_CANDIDATE:obj:1950,NONE,NONE,NONE,
obj:1974,a ramp,decoration,bottom_overlay,./dat/objects.srv,UNPRIORITIZED,TODO,,,,SHARED_CANDIDATE:obj:1950,NONE,NONE,NONE,
obj:2056,an ornament,decoration,hangable,./dat/objects.srv,UNPRIORITIZED,TODO,,,,MESH,NONE,NONE,NONE,
obj:2058,an ornament,decoration,hangable,./dat/objects.srv,UNPRIORITIZED,TODO,,,,SHARED_CANDIDATE:obj:2056,NONE,NONE,NONE,
obj:2062,a sacral statue,decoration,bottom_overlay,./dat/objects.srv,UNPRIORITIZED,TODO,,,,MESH,NONE,NONE,NONE,
obj:2064,a sacral statue,decoration,bottom_overlay,./dat/objects.srv,UNPRIORITIZED,TODO,,,,SHARED_CANDIDATE:obj:2062,NONE,NONE,NONE,
obj:2092,a stone snake wall,decoration,bottom_overlay,./dat/objects.srv,UNPRIORITIZED,TODO,,,,SHARED_CANDIDATE:obj:2076,NONE,NONE,NONE,
obj:2170,a framework wall,decoration,bottom_overlay,./dat/objects.srv,UNPRIORITIZED,TODO,,,,SHARED_CANDIDATE:obj:1281,NONE,NONE,NONE,
obj:2186,nothing special,decoration,bottom_overlay,./dat/objects.srv,UNPRIORITIZED,TODO,,,,MESH,NONE,NONE,NONE,
obj:2187,nothing special,decoration,bottom_overlay,./dat/objects.srv,UNPRIORITIZED,TODO,,,,MESH,NONE,NONE,NONE,
obj:2264,a broken stone pillar,decoration,bottom_overlay,./dat/objects.srv,UNPRIORITIZED,TODO,,,,MESH,NONE,NONE,NONE,
obj:2301,a totem pole,decoration,bottom_overlay,./dat/objects.srv,UNPRIORITIZED,TODO,,,,MESH,NONE,NONE,NONE,
obj:2337,an open passthrough,decoration,bottom_overlay,./dat/objects.srv,UNPRIORITIZED,TODO,,,,SHARED_CANDIDATE:obj:2335,NONE,NONE,NONE,
obj:2571,a stone,decoration,bottom_overlay,./dat/objects.srv,UNPRIORITIZED,TODO,,,,MESH,NONE,NONE,NONE,
obj:2632,a wall mirror,decoration,hangable,./dat/objects.srv,UNPRIORITIZED,TODO,,,,MESH,NONE,NONE,NONE,
obj:2635,a wall mirror,decoration,hangable,./dat/objects.srv,UNPRIORITIZED,TODO,,,,SHARED_CANDIDATE:obj:2632,NONE,NONE,NONE,
obj:2638,a wall mirror,decoration,hangable,./dat/objects.srv,UNPRIORITIZED,TODO,,,,SHARED_CANDIDATE:obj:2632,NONE,NONE,NONE,
obj:2639,a picture,decoration,hangable,./dat/objects.srv,UNPRIORITIZED,TODO,,,,MESH,NONE,NONE,NONE,
obj:2640,a picture,decoration,hangable,./dat/objects.srv,UNPRIORITIZED,TODO,,,,SHARED_CANDIDATE:obj:2639,NONE,NONE,NONE,
obj:2641,a picture,decoration,hangable,./dat/objects.srv,UNPRIORITIZED,TODO,,,,SHARED_CANDIDATE:obj:2639,NONE,NONE,NONE,
obj:2647,a green tapestry,decoration,hangable,./dat/objects.srv,UNPRIORITIZED,TODO,,,,MESH,NONE,NONE,NONE,
obj:2650,a yellow tapestry,decoration,hangable,./dat/objects.srv,UNPRIORITIZED,TODO,,,,MESH,NONE,NONE,NONE,
obj:2653,an orange tapestry,decoration,hangable,./dat/objects.srv,UNPRIORITIZED,TODO,,,,MESH,NONE,NONE,NONE,
obj:2656,a red tapestry,decoration,hangable,./dat/objects.srv,UNPRIORITIZED,TODO,,,,MESH,NONE,NONE,NONE,
obj:2667,a white tapestry,decoration,hangable,./dat/objects.srv,UNPRIORITIZED,TODO,,,,MESH,NONE,NONE,NONE,
obj:2714,a mossy wall,decoration,hangable,./dat/objects.srv,UNPRIORITIZED,TODO,,,,MESH,NONE,NONE,NONE,
obj:2715,a mossy wall,decoration,hangable,./dat/objects.srv,UNPRIORITIZED,TODO,,,,SHARED_CANDIDATE:obj:2714,NONE,NONE,NONE,
obj:2716,a mossy wall,decoration,hangable,./dat/objects.srv,UNPRIORITIZED,TODO,,,,SHARED_CANDIDATE:obj:2714,NONE,NONE,NONE,
obj:2717,a mossy wall,decoration,hangable,./dat/objects.srv,UNPRIORITIZED,TODO,,,,SHARED_CANDIDATE:obj:2714,NONE,NONE,NONE,
obj:2718,a mossy wall,decoration,hangable,./dat/objects.srv,UNPRIORITIZED,TODO,,,,SHARED_CANDIDATE:obj:2714,NONE,NONE,NONE,
obj:2719,a mossy wall,decoration,hangable,./dat/objects.srv,UNPRIORITIZED,TODO,,,,SHARED_CANDIDATE:obj:2714,NONE,NONE,NONE,
obj:2720,a mossy wall,decoration,hangable,./dat/objects.srv,UNPRIORITIZED,TODO,,,,SHARED_CANDIDATE:obj:2714,NONE,NONE,NONE,
obj:2721,a mossy wall,decoration,hangable,./dat/objects.srv,UNPRIORITIZED,TODO,,,,SHARED_CANDIDATE:obj:2714,NONE,NONE,NONE,
obj:2722,a mossy wall,decoration,hangable,./dat/objects.srv,UNPRIORITIZED,TODO,,,,SHARED_CANDIDATE:obj:2714,NONE,NONE,NONE,
obj:2723,a mossy wall,decoration,hangable,./dat/objects.srv,UNPRIORITIZED,TODO,,,,SHARED_CANDIDATE:obj:2714,NONE,NONE,NONE,
obj:2724,a mossy wall,decoration,hangable,./dat/objects.srv,UNPRIORITIZED,TODO,,,,SHARED_CANDIDATE:obj:2714,NONE,NONE,NONE,
obj:2725,a mossy wall,decoration,hangable,./dat/objects.srv,UNPRIORITIZED,TODO,,,,SHARED_CANDIDATE:obj:2714,NONE,NONE,NONE,
obj:2737,a mossy wall,decoration,hangable,./dat/objects.srv,UNPRIORITIZED,TODO,,,,SHARED_CANDIDATE:obj:2714,NONE,NONE,NONE,
obj:2912,a lit candelabrum,decoration,light_source,./dat/objects.srv,UNPRIORITIZED,TODO,,,,MESH,NONE,NONE,NONE,
obj:2915,a lit lamp,decoration,light_source,./dat/objects.srv,UNPRIORITIZED,TODO,,,,MESH,NONE,NONE,NONE,
obj:2918,a lit candlestick,decoration,light_source,./dat/objects.srv,UNPRIORITIZED,TODO,,,,MESH,NONE,NONE,NONE,
obj:2921,a lit torch,decoration,light_source,./dat/objects.srv,UNPRIORITIZED,TODO,,,,MESH,NONE,NONE,NONE,
obj:2923,a lit torch,decoration,light_source,./dat/objects.srv,UNPRIORITIZED,TODO,,,,SHARED_CANDIDATE:obj:2921,NONE,NONE,NONE,
obj:2925,a lit torch,decoration,light_source,./dat/objects.srv,UNPRIORITIZED,TODO,,,,SHARED_CANDIDATE:obj:2921,NONE,NONE,NONE,
obj:2932,an oil lamp,decoration,light_source,./dat/objects.srv,UNPRIORITIZED,TODO,,,,MESH,NONE,NONE,NONE,
obj:2935,a lit tablelamp,decoration,light_source,./dat/objects.srv,UNPRIORITIZED,TODO,,,,MESH,NONE,NONE,NONE,
obj:2936,a wall lamp,decoration,light_source,./dat/objects.srv,UNPRIORITIZED,TODO,,,,SHARED_CANDIDATE:obj:2907,NONE,NONE,NONE,
obj:2938,a wall lamp,decoration,light_source,./dat/objects.srv,UNPRIORITIZED,TODO,,,,SHARED_CANDIDATE:obj:2907,NONE,NONE,NONE,
obj:2939,a lit wall lamp,decoration,light_source,./dat/objects.srv,UNPRIORITIZED,TODO,,,,SHARED_CANDIDATE:obj:2908,NONE,NONE,NONE,
obj:2978,a pumpkinhead,decoration,light_source,./dat/objects.srv,UNPRIORITIZED,TODO,,,,MESH,NONE,NONE,NONE,
obj:2986,a christmas tree,decoration,light_source,./dat/objects.srv,UNPRIORITIZED,TODO,,,,MESH,NONE,NONE,NONE,
obj:3047,a magic light wand,decoration,light_source,./dat/objects.srv,UNPRIORITIZED,TODO,,,,SHARED_CANDIDATE:obj:3046,NONE,NONE,NONE,
obj:3240,a burning heart,decoration,light_source,./dat/objects.srv,UNPRIORITIZED,TODO,,,,MESH,NONE,NONE,NONE,
obj:3511,a coal basin,decoration,light_source,./dat/objects.srv,UNPRIORITIZED,TODO,,,,SHARED_CANDIDATE:obj:2110,NONE,NONE,NONE,
obj:3512,a coal basin,decoration,light_source,./dat/objects.srv,UNPRIORITIZED,TODO,,,,SHARED_CANDIDATE:obj:2110,NONE,NONE,NONE,
obj:3700,a blueberry bush,decoration,bottom_overlay,./dat/objects.srv,UNPRIORITIZED,TODO,,,,SHARED_CANDIDATE:obj:3699,NONE,NONE,NONE,
obj:3733,dark mushrooms,decoration,hangable,./dat/objects.srv,UNPRIORITIZED,TODO,,,,MESH,NONE,NONE,NONE,
obj:3933,a fallen tree,decoration,bottom_overlay,./dat/objects.srv,UNPRIORITIZED,TODO,,,,SHARED_CANDIDATE:obj:3922,NONE,NONE,NONE,
obj:3945,a jungle maw,decoration,bottom_overlay,./dat/objects.srv,UNPRIORITIZED,TODO,,,,SHARED_CANDIDATE:obj:3944,NONE,NONE,NONE,
obj:3946,a fallen tree,decoration,bottom_overlay,./dat/objects.srv,UNPRIORITIZED,TODO,,,,SHARED_CANDIDATE:obj:3922,NONE,NONE,NONE,
obj:3947,a fallen tree,decoration,bottom_overlay,./dat/objects.srv,UNPRIORITIZED,TODO,,,,SHARED_CANDIDATE:obj:3922,NONE,NONE,NONE,
obj:3948,a fallen tree,decoration,bottom_overlay,./dat/objects.srv,UNPRIORITIZED,TODO,,,,SHARED_CANDIDATE:obj:3922,NONE,NONE,NONE,
obj:3949,a fallen tree,decoration,bottom_overlay,./dat/objects.srv,UNPRIORITIZED,TODO,,,,SHARED_CANDIDATE:obj:3922,NONE,NONE,NONE,
obj:3950,a fallen tree,decoration,bottom_overlay,./dat/objects.srv,UNPRIORITIZED,TODO,,,,SHARED_CANDIDATE:obj:3922,NONE,NONE,NONE,
obj:3951,a fallen tree,decoration,bottom_overlay,./dat/objects.srv,UNPRIORITIZED,TODO,,,,SHARED_CANDIDATE:obj:3922,NONE,NONE,NONE,
obj:3984,a mossy fallen tree,decoration,bottom_overlay,./dat/objects.srv,UNPRIORITIZED,TODO,,,,SHARED_CANDIDATE:obj:3975,NONE,NONE,NONE,
obj:4469,a mountain,decoration,bottom_overlay,./dat/objects.srv,UNPRIORITIZED,TODO,,,,SHARED_CANDIDATE:obj:1081,NONE,NONE,NONE,
obj:4470,a mountain,decoration,bottom_overlay,./dat/objects.srv,UNPRIORITIZED,TODO,,,,SHARED_CANDIDATE:obj:1081,NONE,NONE,NONE,
obj:4472,a mountain,decoration,bottom_overlay,./dat/objects.srv,UNPRIORITIZED,TODO,,,,SHARED_CANDIDATE:obj:1081,NONE,NONE,NONE,
obj:4475,a mountain,decoration,bottom_overlay,./dat/objects.srv,UNPRIORITIZED,TODO,,,,SHARED_CANDIDATE:obj:1081,NONE,NONE,NONE,
obj:4477,a mountain,decoration,bottom_overlay,./dat/objects.srv,UNPRIORITIZED,TODO,,,,SHARED_CANDIDATE:obj:1081,NONE,NONE,NONE,
obj:4478,a mountain,decoration,bottom_overlay,./dat/objects.srv,UNPRIORITIZED,TODO,,,,SHARED_CANDIDATE:obj:1081,NONE,NONE,NONE,
obj:4479,a mountain,decoration,bottom_overlay,./dat/objects.srv,UNPRIORITIZED,TODO,,,,SHARED_CANDIDATE:obj:1081,NONE,NONE,NONE,
obj:4481,a mountain,decoration,bottom_overlay,./dat/objects.srv,UNPRIORITIZED,TODO,,,,SHARED_CANDIDATE:obj:1081,NONE,NONE,NONE,
obj:4486,a mountain,decoration,bottom_overlay,./dat/objects.srv,UNPRIORITIZED,TODO,,,,SHARED_CANDIDATE:obj:1081,NONE,NONE,NONE,
obj:4488,a mountain,decoration,bottom_overlay,./dat/objects.srv,UNPRIORITIZED,TODO,,,,SHARED_CANDIDATE:obj:1081,NONE,NONE,NONE,
obj:4490,a mountain,decoration,bottom_overlay,./dat/objects.srv,UNPRIORITIZED,TODO,,,,SHARED_CANDIDATE:obj:1081,NONE,NONE,NONE,
obj:4492,a mountain,decoration,bottom_overlay,./dat/objects.srv,UNPRIORITIZED,TODO,,,,SHARED_CANDIDATE:obj:1081,NONE,NONE,NONE,
obj:4493,a mountain,decoration,bottom_overlay,./dat/objects.srv,UNPRIORITIZED,TODO,,,,SHARED_CANDIDATE:obj:1081,NONE,NONE,NONE,
obj:4495,a mountain,decoration,bottom_overlay,./dat/objects.srv,UNPRIORITIZED,TODO,,,,SHARED_CANDIDATE:obj:1081,NONE,NONE,NONE,
obj:4499,a mountain,decoration,bottom_overlay,./dat/objects.srv,UNPRIORITIZED,TODO,,,,SHARED_CANDIDATE:obj:1081,NONE,NONE,NONE,
obj:4501,a mountain,decoration,bottom_overlay,./dat/objects.srv,UNPRIORITIZED,TODO,,,,SHARED_CANDIDATE:obj:1081,NONE,NONE,NONE,
obj:4502,a mountain,decoration,bottom_overlay,./dat/objects.srv,UNPRIORITIZED,TODO,,,,SHARED_CANDIDATE:obj:1081,NONE,NONE,NONE,
obj:4840,a spectral stone,decoration,light_source,./dat/objects.srv,UNPRIORITIZED,TODO,,,,MESH,NONE,NONE,NONE,
obj:4851,a smashed stone head,decoration,bottom_overlay,./dat/objects.srv,UNPRIORITIZED,TODO,,,,MESH,NONE,NONE,NONE,
obj:4923,a ship railing,decoration,bottom_overlay,./dat/objects.srv,UNPRIORITIZED,TODO,,,,SHARED_CANDIDATE:obj:4917,NONE,NONE,NONE,
obj:4924,a ship railing,decoration,bottom_overlay,./dat/objects.srv,UNPRIORITIZED,TODO,,,,SHARED_CANDIDATE:obj:4917,NONE,NONE,NONE,
obj:4990,a pirate flag,decoration,bottom_overlay,./dat/objects.srv,UNPRIORITIZED,TODO,,,,MESH,NONE,NONE,NONE,
obj:5008,a sandstone wall,decoration,bottom_overlay,./dat/objects.srv,UNPRIORITIZED,TODO,,,,SHARED_CANDIDATE:obj:1305,NONE,NONE,NONE,
obj:5010,an oriental wall,decoration,bottom_overlay,./dat/objects.srv,UNPRIORITIZED,TODO,,,,SHARED_CANDIDATE:obj:1356,NONE,NONE,NONE,
obj:5012,a lava wall,decoration,light_source,./dat/objects.srv,UNPRIORITIZED,TODO,,,,SHARED_CANDIDATE:obj:1441,NONE,NONE,NONE,
obj:5019,a burning skull,decoration,light_source,./dat/objects.srv,UNPRIORITIZED,TODO,,,,MESH,NONE,NONE,NONE,
obj:5074,a lava fountain,decoration,light_source,./dat/objects.srv,UNPRIORITIZED,TODO,,,,MESH,NONE,NONE,NONE,
obj:5075,a lava fountain,decoration,light_source,./dat/objects.srv,UNPRIORITIZED,TODO,,,,SHARED_CANDIDATE:obj:5074,NONE,NONE,NONE,
obj:2118,a fire,effect_object,magic_field,./dat/objects.srv,UNPRIORITIZED,TODO,,,,MESH,NONE,NONE,REQUIRED,
obj:2119,a fire,effect_object,magic_field,./dat/objects.srv,UNPRIORITIZED,TODO,,,,SHARED_CANDIDATE:obj:2118,NONE,NONE,REQUIRED,
obj:2121,poison gas,effect_object,magic_field,./dat/objects.srv,UNPRIORITIZED,TODO,,,,MESH,NONE,NONE,REQUIRED,
obj:2122,an energy field,effect_object,magic_field,./dat/objects.srv,UNPRIORITIZED,TODO,,,,MESH,NONE,NONE,REQUIRED,
obj:2128,a magic wall,effect_object,magic_field,./dat/objects.srv,UNPRIORITIZED,TODO,,,,MESH,NONE,NONE,REQUIRED,
obj:2130,rush wood,effect_object,magic_field,./dat/objects.srv,UNPRIORITIZED,TODO,,,,MESH,NONE,NONE,REQUIRED,
obj:2131,a fire,effect_object,magic_field,./dat/objects.srv,UNPRIORITIZED,TODO,,,,SHARED_CANDIDATE:obj:2118,NONE,NONE,REQUIRED,
obj:2132,a fire,effect_object,magic_field,./dat/objects.srv,UNPRIORITIZED,TODO,,,,SHARED_CANDIDATE:obj:2118,NONE,NONE,REQUIRED,
obj:2133,a fire,effect_object,magic_field,./dat/objects.srv,UNPRIORITIZED,TODO,,,,SHARED_CANDIDATE:obj:2118,NONE,NONE,REQUIRED,
obj:2134,poison gas,effect_object,magic_field,./dat/objects.srv,UNPRIORITIZED,TODO,,,,SHARED_CANDIDATE:obj:2121,NONE,NONE,REQUIRED,
obj:2135,an energy field,effect_object,magic_field,./dat/objects.srv,UNPRIORITIZED,TODO,,,,SHARED_CANDIDATE:obj:2122,NONE,NONE,REQUIRED,
obj:2886,a pool,effect_object,liquid_pool,./dat/objects.srv,UNPRIORITIZED,TODO,,,,MESH,NONE,NONE,REQUIRED,
obj:2887,a pool,effect_object,liquid_pool,./dat/objects.srv,UNPRIORITIZED,TODO,,,,SHARED_CANDIDATE:obj:2886,NONE,NONE,REQUIRED,
obj:2888,a pool,effect_object,liquid_pool,./dat/objects.srv,UNPRIORITIZED,TODO,,,,SHARED_CANDIDATE:obj:2886,NONE,NONE,REQUIRED,
obj:2889,a pool,effect_object,liquid_pool,./dat/objects.srv,UNPRIORITIZED,TODO,,,,SHARED_CANDIDATE:obj:2886,NONE,NONE,REQUIRED,
obj:2890,a pool,effect_object,liquid_pool,./dat/objects.srv,UNPRIORITIZED,TODO,,,,SHARED_CANDIDATE:obj:2886,NONE,NONE,REQUIRED,
obj:2891,a pool,effect_object,liquid_pool,./dat/objects.srv,UNPRIORITIZED,TODO,,,,SHARED_CANDIDATE:obj:2886,NONE,NONE,REQUIRED,
obj:2895,a pool,effect_object,liquid_pool,./dat/objects.srv,UNPRIORITIZED,TODO,,,,SHARED_CANDIDATE:obj:2886,NONE,NONE,REQUIRED,
obj:2896,a pool,effect_object,liquid_pool,./dat/objects.srv,UNPRIORITIZED,TODO,,,,SHARED_CANDIDATE:obj:2886,NONE,NONE,REQUIRED,
obj:2897,a pool,effect_object,liquid_pool,./dat/objects.srv,UNPRIORITIZED,TODO,,,,SHARED_CANDIDATE:obj:2886,NONE,NONE,REQUIRED,
obj:2898,a pool,effect_object,liquid_pool,./dat/objects.srv,UNPRIORITIZED,TODO,,,,SHARED_CANDIDATE:obj:2886,NONE,NONE,REQUIRED,
obj:2899,a pool,effect_object,liquid_pool,./dat/objects.srv,UNPRIORITIZED,TODO,,,,SHARED_CANDIDATE:obj:2886,NONE,NONE,REQUIRED,
obj:2900,a pool,effect_object,liquid_pool,./dat/objects.srv,UNPRIORITIZED,TODO,,,,SHARED_CANDIDATE:obj:2886,NONE,NONE,REQUIRED,
obj:1781,a small stone,equipment,weapon_throw,./dat/objects.srv,UNPRIORITIZED,TODO,,,,MESH,NONE,NONE,NONE,
obj:2857,a bag,equipment,clothing,./dat/objects.srv,UNPRIORITIZED,TODO,,,,SHARED_CANDIDATE:obj:2853,NONE,NONE,NONE,
obj:2858,a bag,equipment,clothing,./dat/objects.srv,UNPRIORITIZED,TODO,,,,SHARED_CANDIDATE:obj:2853,NONE,NONE,NONE,
obj:2860,a bag,equipment,clothing,./dat/objects.srv,UNPRIORITIZED,TODO,,,,SHARED_CANDIDATE:obj:2853,NONE,NONE,NONE,
obj:2861,a bag,equipment,clothing,./dat/objects.srv,UNPRIORITIZED,TODO,,,,SHARED_CANDIDATE:obj:2853,NONE,NONE,NONE,
obj:2862,a bag,equipment,clothing,./dat/objects.srv,UNPRIORITIZED,TODO,,,,SHARED_CANDIDATE:obj:2853,NONE,NONE,NONE,
obj:2864,a bag,equipment,clothing,./dat/objects.srv,UNPRIORITIZED,TODO,,,,SHARED_CANDIDATE:obj:2853,NONE,NONE,NONE,
obj:2865,a backpack,equipment,clothing,./dat/objects.srv,UNPRIORITIZED,TODO,,,,SHARED_CANDIDATE:obj:2854,NONE,NONE,NONE,
obj:2866,a backpack,equipment,clothing,./dat/objects.srv,UNPRIORITIZED,TODO,,,,SHARED_CANDIDATE:obj:2854,NONE,NONE,NONE,
obj:2868,a backpack,equipment,clothing,./dat/objects.srv,UNPRIORITIZED,TODO,,,,SHARED_CANDIDATE:obj:2854,NONE,NONE,NONE,
obj:2869,a backpack,equipment,clothing,./dat/objects.srv,UNPRIORITIZED,TODO,,,,SHARED_CANDIDATE:obj:2854,NONE,NONE,NONE,
obj:2870,a backpack,equipment,clothing,./dat/objects.srv,UNPRIORITIZED,TODO,,,,SHARED_CANDIDATE:obj:2854,NONE,NONE,NONE,
obj:2871,a backpack,equipment,clothing,./dat/objects.srv,UNPRIORITIZED,TODO,,,,SHARED_CANDIDATE:obj:2854,NONE,NONE,NONE,
obj:2872,a backpack,equipment,clothing,./dat/objects.srv,UNPRIORITIZED,TODO,,,,SHARED_CANDIDATE:obj:2854,NONE,NONE,NONE,
obj:2992,a snowball,equipment,weapon_throw,./dat/objects.srv,UNPRIORITIZED,TODO,,,,MESH,NONE,NONE,NONE,
obj:3006,a ring of the sky,equipment,clothing,./dat/objects.srv,UNPRIORITIZED,TODO,,,,MESH,NONE,NONE,NONE,
obj:3019,a demonbone amulet,equipment,clothing,./dat/objects.srv,UNPRIORITIZED,TODO,,,,MESH,NONE,NONE,NONE,
obj:3021,a saphire amulet,equipment,clothing,./dat/objects.srv,UNPRIORITIZED,TODO,,,,MESH,NONE,NONE,NONE,
obj:3056,a bronze amulet,equipment,clothing,./dat/objects.srv,UNPRIORITIZED,TODO,,,,MESH,NONE,NONE,NONE,
obj:3070,a moonlight rod,equipment,weapon_wand,./dat/objects.srv,UNPRIORITIZED,TODO,,,,MESH,NONE,NONE,NONE,
obj:3073,a wand of cosmic energy,equipment,weapon_wand,./dat/objects.srv,UNPRIORITIZED,TODO,,,,MESH,NONE,NONE,NONE,
obj:3086,a stealth ring,equipment,clothing,./dat/objects.srv,UNPRIORITIZED,TODO,,,,SHARED_CANDIDATE:obj:3049,NONE,NONE,NONE,
obj:3087,a power ring,equipment,clothing,./dat/objects.srv,UNPRIORITIZED,TODO,,,,SHARED_CANDIDATE:obj:3050,NONE,NONE,NONE,
obj:3088,an energy ring,equipment,clothing,./dat/objects.srv,UNPRIORITIZED,TODO,,,,SHARED_CANDIDATE:obj:3051,NONE,NONE,NONE,
obj:3089,a life ring,equipment,clothing,./dat/objects.srv,UNPRIORITIZED,TODO,,,,SHARED_CANDIDATE:obj:3052,NONE,NONE,NONE,
obj:3090,a time ring,equipment,clothing,./dat/objects.srv,UNPRIORITIZED,TODO,,,,SHARED_CANDIDATE:obj:3053,NONE,NONE,NONE,
obj:3094,a sword ring,equipment,clothing,./dat/objects.srv,UNPRIORITIZED,TODO,,,,SHARED_CANDIDATE:obj:3091,NONE,NONE,NONE,
obj:3095,an axe ring,equipment,clothing,./dat/objects.srv,UNPRIORITIZED,TODO,,,,SHARED_CANDIDATE:obj:3092,NONE,NONE,NONE,
obj:3096,a club ring,equipment,clothing,./dat/objects.srv,UNPRIORITIZED,TODO,,,,SHARED_CANDIDATE:obj:3093,NONE,NONE,NONE,
obj:3099,a dwarven ring,equipment,clothing,./dat/objects.srv,UNPRIORITIZED,TODO,,,,SHARED_CANDIDATE:obj:3097,NONE,NONE,NONE,
obj:3100,a ring of healing,equipment,clothing,./dat/objects.srv,UNPRIORITIZED,TODO,,,,SHARED_CANDIDATE:obj:3098,NONE,NONE,NONE,
obj:3210,a hat of the mad,equipment,armor,./dat/objects.srv,UNPRIORITIZED,TODO,,,,MESH,NONE,NONE,NONE,
obj:3217,a letterbag,equipment,clothing,./dat/objects.srv,UNPRIORITIZED,TODO,,,,MESH,NONE,NONE,NONE,
obj:3226,a damaged helmet,equipment,armor,./dat/objects.srv,UNPRIORITIZED,TODO,,,,MESH,NONE,NONE,NONE,
obj:3229,a helmet of the ancients,equipment,armor,./dat/objects.srv,UNPRIORITIZED,TODO,,,,MESH,NONE,NONE,NONE,
obj:3230,a helmet of the ancients,equipment,armor,./dat/objects.srv,UNPRIORITIZED,TODO,,,,SHARED_CANDIDATE:obj:3229,NONE,NONE,NONE,
obj:3244,an old and used backpack,equipment,clothing,./dat/objects.srv,UNPRIORITIZED,TODO,,,,MESH,NONE,NONE,NONE,
obj:3277,a spear,equipment,weapon_throw,./dat/objects.srv,UNPRIORITIZED,TODO,,,,MESH,NONE,NONE,NONE,
obj:3284,an ice rapier,equipment,weapon,./dat/objects.srv,UNPRIORITIZED,TODO,,,,MESH,NONE,NONE,NONE,
obj:3287,a throwing star,equipment,weapon_throw,./dat/objects.srv,UNPRIORITIZED,TODO,,,,MESH,NONE,NONE,NONE,
obj:3290,a silver dagger,equipment,weapon,./dat/objects.srv,UNPRIORITIZED,TODO,,,,MESH,NONE,NONE,NONE,
obj:3291,a knife,equipment,weapon,./dat/objects.srv,UNPRIORITIZED,TODO,,,,MESH,NONE,NONE,NONE,
obj:3292,a combat knife,equipment,weapon,./dat/objects.srv,UNPRIORITIZED,TODO,,,,MESH,NONE,NONE,NONE,
obj:3298,a throwing knife,equipment,weapon_throw,./dat/objects.srv,UNPRIORITIZED,TODO,,,,MESH,NONE,NONE,NONE,
obj:3301,a broadsword,equipment,weapon,./dat/objects.srv,UNPRIORITIZED,TODO,,,,MESH,NONE,NONE,NONE,
obj:3303,a great axe,equipment,weapon,./dat/objects.srv,UNPRIORITIZED,TODO,,,,MESH,NONE,NONE,NONE,
obj:3312,a silver mace,equipment,weapon,./dat/objects.srv,UNPRIORITIZED,TODO,,,,MESH,NONE,NONE,NONE,
obj:3315,a guardian halberd,equipment,weapon,./dat/objects.srv,UNPRIORITIZED,TODO,,,,MESH,NONE,NONE,NONE,
obj:3316,an orcish axe,equipment,weapon,./dat/objects.srv,UNPRIORITIZED,TODO,,,,MESH,NONE,NONE,NONE,
obj:3321,an enchanted staff,equipment,weapon,./dat/objects.srv,UNPRIORITIZED,TODO,,,,MESH,NONE,NONE,NONE,
obj:3323,a dwarven axe,equipment,weapon,./dat/objects.srv,UNPRIORITIZED,TODO,,,,MESH,NONE,NONE,NONE,
obj:3325,a light mace,equipment,weapon,./dat/objects.srv,UNPRIORITIZED,TODO,,,,MESH,NONE,NONE,NONE,
obj:3326,a foil,equipment,weapon,./dat/objects.srv,UNPRIORITIZED,TODO,,,,MESH,NONE,NONE,NONE,
obj:3327,a daramanian mace,equipment,weapon,./dat/objects.srv,UNPRIORITIZED,TODO,,,,MESH,NONE,NONE,NONE,
obj:3329,a daramanian axe,equipment,weapon,./dat/objects.srv,UNPRIORITIZED,TODO,,,,MESH,NONE,NONE,NONE,
obj:3335,a twin axe,equipment,weapon,./dat/objects.srv,UNPRIORITIZED,TODO,,,,MESH,NONE,NONE,NONE,
obj:3336,a studded club,equipment,weapon,./dat/objects.srv,UNPRIORITIZED,TODO,,,,MESH,NONE,NONE,NONE,
obj:3337,a bone club,equipment,weapon,./dat/objects.srv,UNPRIORITIZED,TODO,,,,MESH,NONE,NONE,NONE,
obj:3338,a bone sword,equipment,weapon,./dat/objects.srv,UNPRIORITIZED,TODO,,,,MESH,NONE,NONE,NONE,
obj:3339,a djinn blade,equipment,weapon,./dat/objects.srv,UNPRIORITIZED,TODO,,,,MESH,NONE,NONE,NONE,
obj:3340,a heavy mace,equipment,weapon,./dat/objects.srv,UNPRIORITIZED,TODO,,,,MESH,NONE,NONE,NONE,
obj:3343,a lich staff,equipment,weapon,./dat/objects.srv,UNPRIORITIZED,TODO,,,,MESH,NONE,NONE,NONE,
obj:3344,a beastslayer axe,equipment,weapon,./dat/objects.srv,UNPRIORITIZED,TODO,,,,MESH,NONE,NONE,NONE,
obj:3345,a templar scytheblade,equipment,weapon,./dat/objects.srv,UNPRIORITIZED,TODO,,,,MESH,NONE,NONE,NONE,
obj:3346,a ripper lance,equipment,weapon,./dat/objects.srv,UNPRIORITIZED,TODO,,,,MESH,NONE,NONE,NONE,
obj:3347,a hunting spear,equipment,weapon,./dat/objects.srv,UNPRIORITIZED,TODO,,,,MESH,NONE,NONE,NONE,
obj:3348,a banana staff,equipment,weapon,./dat/objects.srv,UNPRIORITIZED,TODO,,,,MESH,NONE,NONE,NONE,
obj:3380,a noble armor,equipment,armor,./dat/objects.srv,UNPRIORITIZED,TODO,,,,MESH,NONE,NONE,NONE,
obj:3389,demon legs,equipment,armor,./dat/objects.srv,UNPRIORITIZED,TODO,,,,MESH,NONE,NONE,NONE,
obj:3393,an amazon helmet,equipment,armor,./dat/objects.srv,UNPRIORITIZED,TODO,,,,MESH,NONE,NONE,NONE,
obj:3395,a ceremonial mask,equipment,armor,./dat/objects.srv,UNPRIORITIZED,TODO,,,,MESH,NONE,NONE,NONE,
obj:3399,an elven mail,equipment,armor,./dat/objects.srv,UNPRIORITIZED,TODO,,,,MESH,NONE,NONE,NONE,
obj:3400,a dragon scale helmet,equipment,armor,./dat/objects.srv,UNPRIORITIZED,TODO,,,,MESH,NONE,NONE,NONE,
obj:3401,elven legs,equipment,armor,./dat/objects.srv,UNPRIORITIZED,TODO,,,,MESH,NONE,NONE,NONE,
obj:3402,a native armor,equipment,armor,./dat/objects.srv,UNPRIORITIZED,TODO,,,,MESH,NONE,NONE,NONE,
obj:3404,a leopard armor,equipment,armor,./dat/objects.srv,UNPRIORITIZED,TODO,,,,MESH,NONE,NONE,NONE,
obj:3405,a horseman helmet,equipment,armor,./dat/objects.srv,UNPRIORITIZED,TODO,,,,MESH,NONE,NONE,NONE,
obj:3406,a feather headdress,equipment,armor,./dat/objects.srv,UNPRIORITIZED,TODO,,,,MESH,NONE,NONE,NONE,
obj:3407,a charmer's tiara,equipment,armor,./dat/objects.srv,UNPRIORITIZED,TODO,,,,MESH,NONE,NONE,NONE,
obj:3408,a beholder helmet,equipment,armor,./dat/objects.srv,UNPRIORITIZED,TODO,,,,MESH,NONE,NONE,NONE,
obj:3417,a shield of honour,equipment,shield,./dat/objects.srv,UNPRIORITIZED,TODO,,,,MESH,NONE,NONE,NONE,
obj:3443,a tusk shield,equipment,shield,./dat/objects.srv,UNPRIORITIZED,TODO,,,,MESH,NONE,NONE,NONE,
obj:3444,a sentinel shield,equipment,shield,./dat/objects.srv,UNPRIORITIZED,TODO,,,,MESH,NONE,NONE,NONE,
obj:3445,a salamander shield,equipment,shield,./dat/objects.srv,UNPRIORITIZED,TODO,,,,MESH,NONE,NONE,NONE,
obj:3446,a bolt,equipment,ammunition,./dat/objects.srv,UNPRIORITIZED,TODO,,,,MESH,NONE,NONE,NONE,
obj:3447,an arrow,equipment,ammunition,./dat/objects.srv,UNPRIORITIZED,TODO,,,,MESH,NONE,NONE,NONE,
obj:3448,a poison arrow,equipment,ammunition,./dat/objects.srv,UNPRIORITIZED,TODO,,,,MESH,NONE,NONE,NONE,
obj:3449,a burst arrow,equipment,ammunition,./dat/objects.srv,UNPRIORITIZED,TODO,,,,MESH,NONE,NONE,NONE,
obj:3450,a power bolt,equipment,ammunition,./dat/objects.srv,UNPRIORITIZED,TODO,,,,MESH,NONE,NONE,NONE,
obj:3550,patched boots,equipment,armor,./dat/objects.srv,UNPRIORITIZED,TODO,,,,MESH,NONE,NONE,NONE,
obj:3553,bunnyslippers,equipment,clothing,./dat/objects.srv,UNPRIORITIZED,TODO,,,,MESH,NONE,NONE,NONE,
obj:3554,steel boots,equipment,armor,./dat/objects.srv,UNPRIORITIZED,TODO,,,,MESH,NONE,NONE,NONE,
obj:3555,golden boots,equipment,armor,./dat/objects.srv,UNPRIORITIZED,TODO,,,,MESH,NONE,NONE,NONE,
obj:3556,crocodile boots,equipment,armor,./dat/objects.srv,UNPRIORITIZED,TODO,,,,MESH,NONE,NONE,NONE,
obj:3560,a bast skirt,equipment,clothing,./dat/objects.srv,UNPRIORITIZED,TODO,,,,MESH,NONE,NONE,NONE,
obj:3568,a simple dress,equipment,clothing,./dat/objects.srv,UNPRIORITIZED,TODO,,,,MESH,NONE,NONE,NONE,
obj:3571,a rangers cloak,equipment,armor,./dat/objects.srv,UNPRIORITIZED,TODO,,,,MESH,NONE,NONE,NONE,
obj:3575,a wood cape,equipment,armor,./dat/objects.srv,UNPRIORITIZED,TODO,,,,MESH,NONE,NONE,NONE,
obj:3576,a post officers hat,equipment,armor,./dat/objects.srv,UNPRIORITIZED,TODO,,,,MESH,NONE,NONE,NONE,
obj:4836,a spectral dress,equipment,clothing,./dat/objects.srv,UNPRIORITIZED,TODO,,,,MESH,NONE,NONE,NONE,
obj:2495,a bed,furniture,bed,./dat/objects.srv,UNPRIORITIZED,TODO,,,,MESH,NONE,NONE,NONE,
obj:2497,a bed,furniture,bed,./dat/objects.srv,UNPRIORITIZED,TODO,,,,SHARED_CANDIDATE:obj:2495,NONE,NONE,NONE,
obj:2499,a cot,furniture,bed,./dat/objects.srv,UNPRIORITIZED,TODO,,,,MESH,NONE,NONE,NONE,
obj:2501,a cot,furniture,bed,./dat/objects.srv,UNPRIORITIZED,TODO,,,,SHARED_CANDIDATE:obj:2499,NONE,NONE,NONE,
obj:2507,a hammock,furniture,bed,./dat/objects.srv,UNPRIORITIZED,TODO,,,,MESH,NONE,NONE,NONE,
obj:2509,a hammock,furniture,bed,./dat/objects.srv,UNPRIORITIZED,TODO,,,,SHARED_CANDIDATE:obj:2507,NONE,NONE,NONE,
obj:1717,a waterfall,item,unspecified,./dat/objects.srv,UNPRIORITIZED,TODO,,,,SHARED_CANDIDATE:obj:1716,NONE,NONE,NONE,
obj:1767,a paddle,item,unspecified,./dat/objects.srv,UNPRIORITIZED,TODO,,,,MESH,NONE,NONE,NONE,
obj:1768,a paddle,item,unspecified,./dat/objects.srv,UNPRIORITIZED,TODO,,,,SHARED_CANDIDATE:obj:1767,NONE,NONE,NONE,
obj:2043,a minotaur statue,item,unspecified,./dat/objects.srv,UNPRIORITIZED,TODO,,,,SHARED_CANDIDATE:obj:2029,NONE,NONE,NONE,
obj:2045,a minotaur statue,item,unspecified,./dat/objects.srv,UNPRIORITIZED,TODO,,,,SHARED_CANDIDATE:obj:2029,NONE,NONE,NONE,
obj:2046,a goblin statue,item,unspecified,./dat/objects.srv,UNPRIORITIZED,TODO,,,,SHARED_CANDIDATE:obj:2030,NONE,NONE,NONE,
obj:2048,a goblin statue,item,unspecified,./dat/objects.srv,UNPRIORITIZED,TODO,,,,SHARED_CANDIDATE:obj:2030,NONE,NONE,NONE,
obj:2059,a statue,item,unspecified,./dat/objects.srv,UNPRIORITIZED,TODO,,,,SHARED_CANDIDATE:obj:2025,NONE,NONE,NONE,
obj:2060,a statue,item,unspecified,./dat/objects.srv,UNPRIORITIZED,TODO,,,,SHARED_CANDIDATE:obj:2025,NONE,NONE,NONE,
obj:2145,strange slits,item,unspecified,./dat/objects.srv,UNPRIORITIZED,TODO,,,,MESH,NONE,NONE,NONE,
obj:2146,blades,item,unspecified,./dat/objects.srv,UNPRIORITIZED,TODO,,,,MESH,NONE,NONE,NONE,
obj:2148,spikes,item,unspecified,./dat/objects.srv,UNPRIORITIZED,TODO,,,,MESH,NONE,NONE,NONE,
obj:2314,a big table,item,unspecified,./dat/objects.srv,UNPRIORITIZED,TODO,,,,MESH,NONE,NONE,NONE,
obj:2346,a carved stone table,item,unspecified,./dat/objects.srv,UNPRIORITIZED,TODO,,,,MESH,NONE,NONE,NONE,
obj:2347,a carved stone table,item,unspecified,./dat/objects.srv,UNPRIORITIZED,TODO,,,,SHARED_CANDIDATE:obj:2346,NONE,NONE,NONE,
obj:2353,an ornamented stone table,item,unspecified,./dat/objects.srv,UNPRIORITIZED,TODO,,,,MESH,NONE,NONE,NONE,
obj:2356,a throne,item,unspecified,./dat/objects.srv,UNPRIORITIZED,TODO,,,,SHARED_CANDIDATE:obj:2354,NONE,NONE,NONE,
obj:2357,a throne,item,unspecified,./dat/objects.srv,UNPRIORITIZED,TODO,,,,SHARED_CANDIDATE:obj:2354,NONE,NONE,NONE,
obj:2363,a throne,item,unspecified,./dat/objects.srv,UNPRIORITIZED,TODO,,,,SHARED_CANDIDATE:obj:2354,NONE,NONE,NONE,
obj:2364,a throne,item,unspecified,./dat/objects.srv,UNPRIORITIZED,TODO,,,,SHARED_CANDIDATE:obj:2354,NONE,NONE,NONE,
obj:2365,a throne,item,unspecified,./dat/objects.srv,UNPRIORITIZED,TODO,,,,SHARED_CANDIDATE:obj:2354,NONE,NONE,NONE,
obj:2374,a red cushioned chair,item,unspecified,./dat/objects.srv,UNPRIORITIZED,TODO,,,,MESH,NONE,NONE,NONE,
obj:2379,a green cushioned chair,item,unspecified,./dat/objects.srv,UNPRIORITIZED,TODO,,,,SHARED_CANDIDATE:obj:2378,NONE,NONE,NONE,
obj:2382,a rocking chair,item,unspecified,./dat/objects.srv,UNPRIORITIZED,TODO,,,,MESH,NONE,NONE,NONE,
obj:2383,a rocking chair,item,unspecified,./dat/objects.srv,UNPRIORITIZED,TODO,,,,SHARED_CANDIDATE:obj:2382,NONE,NONE,NONE,
obj:2384,a rocking chair,item,unspecified,./dat/objects.srv,UNPRIORITIZED,TODO,,,,SHARED_CANDIDATE:obj:2382,NONE,NONE,NONE,
obj:2385,a rocking chair,item,unspecified,./dat/objects.srv,UNPRIORITIZED,TODO,,,,SHARED_CANDIDATE:obj:2382,NONE,NONE,NONE,
obj:2386,a small purple pillow,item,portable,./dat/objects.srv,UNPRIORITIZED,TODO,,,,MESH,NONE,NONE,NONE,
obj:2387,a small green pillow,item,portable,./dat/objects.srv,UNPRIORITIZED,TODO,,,,MESH,NONE,NONE,NONE,
obj:2388,a small red pillow,item,portable,./dat/objects.srv,UNPRIORITIZED,TODO,,,,MESH,NONE,NONE,NONE,
obj:2389,a small blue pillow,item,portable,./dat/objects.srv,UNPRIORITIZED,TODO,,,,MESH,NONE,NONE,NONE,
obj:2390,a small orange pillow,item,portable,./dat/objects.srv,UNPRIORITIZED,TODO,,,,MESH,NONE,NONE,NONE,
obj:2391,a small turquoise pillow,item,portable,./dat/objects.srv,UNPRIORITIZED,TODO,,,,MESH,NONE,NONE,NONE,
obj:2395,a red pillow,item,portable,./dat/objects.srv,UNPRIORITIZED,TODO,,,,MESH,NONE,NONE,NONE,
obj:2396,a green pillow,item,portable,./dat/objects.srv,UNPRIORITIZED,TODO,,,,MESH,NONE,NONE,NONE,
obj:2397,a yellow pillow,item,portable,./dat/objects.srv,UNPRIORITIZED,TODO,,,,MESH,NONE,NONE,NONE,
obj:2398,a round blue pillow,item,portable,./dat/objects.srv,UNPRIORITIZED,TODO,,,,MESH,NONE,NONE,NONE,
obj:2399,a round red pillow,item,portable,./dat/objects.srv,UNPRIORITIZED,TODO,,,,MESH,NONE,NONE,NONE,
obj:2400,a round purple pillow,item,portable,./dat/objects.srv,UNPRIORITIZED,TODO,,,,MESH,NONE,NONE,NONE,
obj:2401,a round turquoise pillow,item,portable,./dat/objects.srv,UNPRIORITIZED,TODO,,,,MESH,NONE,NONE,NONE,
obj:2402,a couch,item,unspecified,./dat/objects.srv,UNPRIORITIZED,TODO,,,,MESH,NONE,NONE,NONE,
obj:2403,a couch,item,unspecified,./dat/objects.srv,UNPRIORITIZED,TODO,,,,SHARED_CANDIDATE:obj:2402,NONE,NONE,NONE,
obj:2404,a couch,item,unspecified,./dat/objects.srv,UNPRIORITIZED,TODO,,,,SHARED_CANDIDATE:obj:2402,NONE,NONE,NONE,
obj:2405,a couch,item,unspecified,./dat/objects.srv,UNPRIORITIZED,TODO,,,,SHARED_CANDIDATE:obj:2402,NONE,NONE,NONE,
obj:2406,a couch,item,unspecified,./dat/objects.srv,UNPRIORITIZED,TODO,,,,SHARED_CANDIDATE:obj:2402,NONE,NONE,NONE,
obj:2407,a couch,item,unspecified,./dat/objects.srv,UNPRIORITIZED,TODO,,,,SHARED_CANDIDATE:obj:2402,NONE,NONE,NONE,
obj:2408,a couch,item,unspecified,./dat/objects.srv,UNPRIORITIZED,TODO,,,,SHARED_CANDIDATE:obj:2402,NONE,NONE,NONE,
obj:2409,a couch,item,unspecified,./dat/objects.srv,UNPRIORITIZED,TODO,,,,SHARED_CANDIDATE:obj:2402,NONE,NONE,NONE,
obj:2410,a luxurious couch,item,unspecified,./dat/objects.srv,UNPRIORITIZED,TODO,,,,MESH,NONE,NONE,NONE,
obj:2411,a luxurious couch,item,unspecified,./dat/objects.srv,UNPRIORITIZED,TODO,,,,SHARED_CANDIDATE:obj:2410,NONE,NONE,NONE,
obj:2412,a luxurious couch,item,unspecified,./dat/objects.srv,UNPRIORITIZED,TODO,,,,SHARED_CANDIDATE:obj:2410,NONE,NONE,NONE,
obj:2413,a luxurious couch,item,unspecified,./dat/objects.srv,UNPRIORITIZED,TODO,,,,SHARED_CANDIDATE:obj:2410,NONE,NONE,NONE,
obj:2414,a luxurious couch,item,unspecified,./dat/objects.srv,UNPRIORITIZED,TODO,,,,SHARED_CANDIDATE:obj:2410,NONE,NONE,NONE,
obj:2415,a luxurious couch,item,unspecified,./dat/objects.srv,UNPRIORITIZED,TODO,,,,SHARED_CANDIDATE:obj:2410,NONE,NONE,NONE,
obj:2416,a luxurious couch,item,unspecified,./dat/objects.srv,UNPRIORITIZED,TODO,,,,SHARED_CANDIDATE:obj:2410,NONE,NONE,NONE,
obj:2417,a luxurious couch,item,unspecified,./dat/objects.srv,UNPRIORITIZED,TODO,,,,SHARED_CANDIDATE:obj:2410,NONE,NONE,NONE,
obj:2418,a tusk chair,item,unspecified,./dat/objects.srv,UNPRIORITIZED,TODO,,,,MESH,NONE,NONE,NONE,
obj:2420,a tusk chair,item,unspecified,./dat/objects.srv,UNPRIORITIZED,TODO,,,,SHARED_CANDIDATE:obj:2418,NONE,NONE,NONE,
obj:2421,a tusk chair,item,unspecified,./dat/objects.srv,UNPRIORITIZED,TODO,,,,SHARED_CANDIDATE:obj:2418,NONE,NONE,NONE,
obj:2425,an ivory chair,item,unspecified,./dat/objects.srv,UNPRIORITIZED,TODO,,,,SHARED_CANDIDATE:obj:2422,NONE,NONE,NONE,
obj:2454,a standing mirror,item,unspecified,./dat/objects.srv,UNPRIORITIZED,TODO,,,,SHARED_CANDIDATE:obj:2453,NONE,NONE,NONE,
obj:2608,an emblem,item,unspecified,./dat/objects.srv,UNPRIORITIZED,TODO,,,,SHARED_CANDIDATE:obj:2606,NONE,NONE,NONE,
obj:2618,a painting,item,unspecified,./dat/objects.srv,UNPRIORITIZED,TODO,,,,SHARED_CANDIDATE:obj:2596,NONE,NONE,NONE,
obj:2619,a painting,item,unspecified,./dat/objects.srv,UNPRIORITIZED,TODO,,,,SHARED_CANDIDATE:obj:2596,NONE,NONE,NONE,
obj:2628,a painting,item,unspecified,./dat/objects.srv,UNPRIORITIZED,TODO,,,,SHARED_CANDIDATE:obj:2596,NONE,NONE,NONE,
obj:2629,a painting,item,unspecified,./dat/objects.srv,UNPRIORITIZED,TODO,,,,SHARED_CANDIDATE:obj:2596,NONE,NONE,NONE,
obj:2631,a wall mirror,item,unspecified,./dat/objects.srv,UNPRIORITIZED,TODO,,,,SHARED_CANDIDATE:obj:2603,NONE,NONE,NONE,
obj:2633,a wall mirror,item,unspecified,./dat/objects.srv,UNPRIORITIZED,TODO,,,,SHARED_CANDIDATE:obj:2603,NONE,NONE,NONE,
obj:2634,a wall mirror,item,unspecified,./dat/objects.srv,UNPRIORITIZED,TODO,,,,SHARED_CANDIDATE:obj:2603,NONE,NONE,NONE,
obj:2636,a wall mirror,item,unspecified,./dat/objects.srv,UNPRIORITIZED,TODO,,,,SHARED_CANDIDATE:obj:2603,NONE,NONE,NONE,
obj:2637,a wall mirror,item,unspecified,./dat/objects.srv,UNPRIORITIZED,TODO,,,,SHARED_CANDIDATE:obj:2603,NONE,NONE,NONE,
obj:2642,a purple tapestry,item,unspecified,./dat/objects.srv,UNPRIORITIZED,TODO,,,,MESH,NONE,NONE,NONE,
obj:2643,a purple tapestry,item,unspecified,./dat/objects.srv,UNPRIORITIZED,TODO,,,,SHARED_CANDIDATE:obj:2642,NONE,NONE,NONE,
obj:2646,a green tapestry,item,unspecified,./dat/objects.srv,UNPRIORITIZED,TODO,,,,SHARED_CANDIDATE:obj:2645,NONE,NONE,NONE,
obj:2648,a yellow tapestry,item,unspecified,./dat/objects.srv,UNPRIORITIZED,TODO,,,,MESH,NONE,NONE,NONE,
obj:2657,a blue tapestry,item,unspecified,./dat/objects.srv,UNPRIORITIZED,TODO,,,,MESH,NONE,NONE,NONE,
obj:2665,a white tapestry,item,unspecified,./dat/objects.srv,UNPRIORITIZED,TODO,,,,MESH,NONE,NONE,NONE,
obj:2666,a tapestry,item,unspecified,./dat/objects.srv,UNPRIORITIZED,TODO,,,,SHARED_CANDIDATE:obj:2599,NONE,NONE,NONE,
obj:2670,a demon trophy,item,unspecified,./dat/objects.srv,UNPRIORITIZED,TODO,,,,SHARED_CANDIDATE:obj:2669,NONE,NONE,NONE,
obj:2672,a wolf trophy,item,unspecified,./dat/objects.srv,UNPRIORITIZED,TODO,,,,SHARED_CANDIDATE:obj:2671,NONE,NONE,NONE,
obj:2677,a deer trophy,item,unspecified,./dat/objects.srv,UNPRIORITIZED,TODO,,,,MESH,NONE,NONE,NONE,
obj:2679,a cyclops trophy,item,unspecified,./dat/objects.srv,UNPRIORITIZED,TODO,,,,MESH,NONE,NONE,NONE,
obj:2682,a dragon lord trophy,item,unspecified,./dat/objects.srv,UNPRIORITIZED,TODO,,,,SHARED_CANDIDATE:obj:2681,NONE,NONE,NONE,
obj:2686,a minotaur trophy,item,unspecified,./dat/objects.srv,UNPRIORITIZED,TODO,,,,SHARED_CANDIDATE:obj:2685,NONE,NONE,NONE,
obj:2688,a feather decoration,item,unspecified,./dat/objects.srv,UNPRIORITIZED,TODO,,,,SHARED_CANDIDATE:obj:2687,NONE,NONE,NONE,
obj:2690,a dried fur,item,unspecified,./dat/objects.srv,UNPRIORITIZED,TODO,,,,SHARED_CANDIDATE:obj:2689,NONE,NONE,NONE,
obj:2691,a dried fur,item,unspecified,./dat/objects.srv,UNPRIORITIZED,TODO,,,,SHARED_CANDIDATE:obj:2689,NONE,NONE,NONE,
obj:2692,a dried fur,item,unspecified,./dat/objects.srv,UNPRIORITIZED,TODO,,,,SHARED_CANDIDATE:obj:2689,NONE,NONE,NONE,
obj:2848,a purple tome,item,portable,./dat/objects.srv,UNPRIORITIZED,TODO,,,,MESH,NONE,NONE,NONE,
obj:2849,a green tome,item,portable,./dat/objects.srv,UNPRIORITIZED,TODO,,,,MESH,NONE,NONE,NONE,
obj:2850,a blue tome,item,portable,./dat/objects.srv,UNPRIORITIZED,TODO,,,,MESH,NONE,NONE,NONE,
obj:2851,a grey tome,item,portable,./dat/objects.srv,UNPRIORITIZED,TODO,,,,MESH,NONE,NONE,NONE,
obj:2951,a bongo drum,item,portable,./dat/objects.srv,UNPRIORITIZED,TODO,,,,MESH,NONE,NONE,NONE,
obj:2966,a war drum,item,portable,./dat/objects.srv,UNPRIORITIZED,TODO,,,,MESH,NONE,NONE,NONE,
obj:2989,a wooden doll,item,portable,./dat/objects.srv,UNPRIORITIZED,TODO,,,,MESH,NONE,NONE,NONE,
obj:2995,a piggy bank,item,portable,./dat/objects.srv,UNPRIORITIZED,TODO,,,,MESH,NONE,NONE,NONE,
obj:2996,a broken piggy bank,item,portable,./dat/objects.srv,UNPRIORITIZED,TODO,,,,MESH,NONE,NONE,NONE,
obj:2997,a rocking horse,item,unspecified,./dat/objects.srv,UNPRIORITIZED,TODO,,,,MESH,NONE,NONE,NONE,
obj:2998,a rocking horse,item,unspecified,./dat/objects.srv,UNPRIORITIZED,TODO,,,,SHARED_CANDIDATE:obj:2997,NONE,NONE,NONE,
obj:2999,a rocking horse,item,unspecified,./dat/objects.srv,UNPRIORITIZED,TODO,,,,SHARED_CANDIDATE:obj:2997,NONE,NONE,NONE,
obj:3000,a rocking horse,item,unspecified,./dat/objects.srv,UNPRIORITIZED,TODO,,,,SHARED_CANDIDATE:obj:2997,NONE,NONE,NONE,
obj:3001,a bear doll,item,portable,./dat/objects.srv,UNPRIORITIZED,TODO,,,,MESH,NONE,NONE,NONE,
obj:3024,a holy falcon,item,portable,./dat/objects.srv,UNPRIORITIZED,TODO,,,,MESH,NONE,NONE,NONE,
obj:3026,a white pearl,item,portable,./dat/objects.srv,UNPRIORITIZED,TODO,,,,MESH,NONE,NONE,NONE,
obj:3027,a black pearl,item,portable,./dat/objects.srv,UNPRIORITIZED,TODO,,,,MESH,NONE,NONE,NONE,
obj:3028,a small diamond,item,portable,./dat/objects.srv,UNPRIORITIZED,TODO,,,,MESH,NONE,NONE,NONE,
obj:3029,a small sapphire,item,portable,./dat/objects.srv,UNPRIORITIZED,TODO,,,,MESH,NONE,NONE,NONE,
obj:3030,a small ruby,item,portable,./dat/objects.srv,UNPRIORITIZED,TODO,,,,MESH,NONE,NONE,NONE,
obj:3031,a gold coin,item,portable,./dat/objects.srv,UNPRIORITIZED,TODO,,,,MESH,NONE,NONE,NONE,
obj:3032,a small emerald,item,portable,./dat/objects.srv,UNPRIORITIZED,TODO,,,,MESH,NONE,NONE,NONE,
obj:3033,a small amethyst,item,portable,./dat/objects.srv,UNPRIORITIZED,TODO,,,,MESH,NONE,NONE,NONE,
obj:3034,a talon,item,portable,./dat/objects.srv,UNPRIORITIZED,TODO,,,,MESH,NONE,NONE,NONE,
obj:3035,a platinum coin,item,portable,./dat/objects.srv,UNPRIORITIZED,TODO,,,,MESH,NONE,NONE,NONE,
obj:3038,a green gem,item,portable,./dat/objects.srv,UNPRIORITIZED,TODO,,,,MESH,NONE,NONE,NONE,
obj:3040,a gold nugget,item,portable,./dat/objects.srv,UNPRIORITIZED,TODO,,,,MESH,NONE,NONE,NONE,
obj:3042,a scarab coin,item,portable,./dat/objects.srv,UNPRIORITIZED,TODO,,,,MESH,NONE,NONE,NONE,
obj:3043,a crystal coin,item,portable,./dat/objects.srv,UNPRIORITIZED,TODO,,,,MESH,NONE,NONE,NONE,
obj:3044,an elephant tusk,item,portable,./dat/objects.srv,UNPRIORITIZED,TODO,,,,MESH,NONE,NONE,NONE,
obj:3114,a skull,item,portable,./dat/objects.srv,UNPRIORITIZED,TODO,,,,MESH,NONE,NONE,NONE,
obj:3134,ashes,item,unspecified,./dat/objects.srv,UNPRIORITIZED,TODO,,,,SHARED_CANDIDATE:obj:2140,NONE,NONE,NONE,
obj:3135,wooden trash,item,portable,./dat/objects.srv,UNPRIORITIZED,TODO,,,,MESH,NONE,NONE,NONE,
obj:3136,wooden trash,item,portable,./dat/objects.srv,UNPRIORITIZED,TODO,,,,SHARED_CANDIDATE:obj:3135,NONE,NONE,NONE,
obj:3137,wooden trash,item,portable,./dat/objects.srv,UNPRIORITIZED,TODO,,,,SHARED_CANDIDATE:obj:3135,NONE,NONE,NONE,
obj:3138,wooden trash,item,portable,./dat/objects.srv,UNPRIORITIZED,TODO,,,,SHARED_CANDIDATE:obj:3135,NONE,NONE,NONE,
obj:3139,wooden trash,item,portable,./dat/objects.srv,UNPRIORITIZED,TODO,,,,SHARED_CANDIDATE:obj:3135,NONE,NONE,NONE,
obj:3141,stone rubbish,item,portable,./dat/objects.srv,UNPRIORITIZED,TODO,,,,MESH,NONE,NONE,NONE,
obj:3142,stone rubbish,item,portable,./dat/objects.srv,UNPRIORITIZED,TODO,,,,SHARED_CANDIDATE:obj:3141,NONE,NONE,NONE,
obj:3143,stone rubbish,item,portable,./dat/objects.srv,UNPRIORITIZED,TODO,,,,SHARED_CANDIDATE:obj:3141,NONE,NONE,NONE,
obj:3144,stone rubbish,item,portable,./dat/objects.srv,UNPRIORITIZED,TODO,,,,SHARED_CANDIDATE:obj:3141,NONE,NONE,NONE,
obj:3145,trashed wooden bars,item,unspecified,./dat/objects.srv,UNPRIORITIZED,TODO,,,,MESH,NONE,NONE,NONE,
obj:3146,trashed wooden bars,item,unspecified,./dat/objects.srv,UNPRIORITIZED,TODO,,,,SHARED_CANDIDATE:obj:3145,NONE,NONE,NONE,
obj:3205,a family brooch,item,portable,./dat/objects.srv,UNPRIORITIZED,TODO,,,,MESH,NONE,NONE,NONE,
obj:3206,a dragonfetish,item,portable,./dat/objects.srv,UNPRIORITIZED,TODO,,,,MESH,NONE,NONE,NONE,
obj:3207,the skull of Ratha,item,portable,./dat/objects.srv,UNPRIORITIZED,TODO,,,,MESH,NONE,NONE,NONE,
obj:3209,a voodoodoll,item,portable,./dat/objects.srv,UNPRIORITIZED,TODO,,,,MESH,NONE,NONE,NONE,
obj:3213,an annihilation bear,item,portable,./dat/objects.srv,UNPRIORITIZED,TODO,,,,MESH,NONE,NONE,NONE,
obj:3215,a phoenix egg,item,portable,./dat/objects.srv,UNPRIORITIZED,TODO,,,,MESH,NONE,NONE,NONE,
obj:3216,a bill,item,portable,./dat/objects.srv,UNPRIORITIZED,TODO,,,,MESH,NONE,NONE,NONE,
obj:3220,a letter to Markwin,item,portable,./dat/objects.srv,UNPRIORITIZED,TODO,,,,MESH,NONE,NONE,NONE,
obj:3222,a helmet ornament,item,portable,./dat/objects.srv,UNPRIORITIZED,TODO,,,,MESH,NONE,NONE,NONE,
obj:3223,a gem holder,item,portable,./dat/objects.srv,UNPRIORITIZED,TODO,,,,MESH,NONE,NONE,NONE,
obj:3224,a right horn,item,portable,./dat/objects.srv,UNPRIORITIZED,TODO,,,,MESH,NONE,NONE,NONE,
obj:3225,a left horn,item,portable,./dat/objects.srv,UNPRIORITIZED,TODO,,,,MESH,NONE,NONE,NONE,
obj:3227,a helmet piece,item,portable,./dat/objects.srv,UNPRIORITIZED,TODO,,,,MESH,NONE,NONE,NONE,
obj:3228,a helmet adornement,item,portable,./dat/objects.srv,UNPRIORITIZED,TODO,,,,MESH,NONE,NONE,NONE,
obj:3231,a gemmed lamp,item,portable,./dat/objects.srv,UNPRIORITIZED,TODO,,,,MESH,NONE,NONE,NONE,
obj:3232,a spyreport,item,portable,./dat/objects.srv,UNPRIORITIZED,TODO,,,,MESH,NONE,NONE,NONE,
obj:3233,a tear of daraman,item,portable,./dat/objects.srv,UNPRIORITIZED,TODO,,,,MESH,NONE,NONE,NONE,
obj:3235,an ancient rune,item,portable,./dat/objects.srv,UNPRIORITIZED,TODO,,,,MESH,NONE,NONE,NONE,
obj:3236,blue note,item,portable,./dat/objects.srv,UNPRIORITIZED,TODO,,,,MESH,NONE,NONE,NONE,
obj:3237,a sword hilt,item,portable,./dat/objects.srv,UNPRIORITIZED,TODO,,,,MESH,NONE,NONE,NONE,
obj:3238,a cobrafang dagger,item,portable,./dat/objects.srv,UNPRIORITIZED,TODO,,,,MESH,NONE,NONE,NONE,
obj:3239,a crystal arrow,item,portable,./dat/objects.srv,UNPRIORITIZED,TODO,,,,MESH,NONE,NONE,NONE,
obj:3241,an ornamented ankh,item,portable,./dat/objects.srv,UNPRIORITIZED,TODO,,,,MESH,NONE,NONE,NONE,
obj:3242,a stuffed bunny,item,portable,./dat/objects.srv,UNPRIORITIZED,TODO,,,,MESH,NONE,NONE,NONE,
obj:3243,a gemmed lamp,item,portable,./dat/objects.srv,UNPRIORITIZED,TODO,,,,SHARED_CANDIDATE:obj:3231,NONE,NONE,NONE,
obj:3474,a bowel,item,portable,./dat/objects.srv,UNPRIORITIZED,TODO,,,,MESH,NONE,NONE,NONE,
obj:3475,a bowel,item,portable,./dat/objects.srv,UNPRIORITIZED,TODO,,,,SHARED_CANDIDATE:obj:3474,NONE,NONE,NONE,
obj:3476,a bowel,item,portable,./dat/objects.srv,UNPRIORITIZED,TODO,,,,SHARED_CANDIDATE:obj:3474,NONE,NONE,NONE,
obj:3484,a telescope,item,unspecified,./dat/objects.srv,UNPRIORITIZED,TODO,,,,MESH,NONE,NONE,NONE,
obj:3486,a telescope,item,unspecified,./dat/objects.srv,UNPRIORITIZED,TODO,,,,SHARED_CANDIDATE:obj:3484,NONE,NONE,NONE,
obj:3487,a telescope,item,unspecified,./dat/objects.srv,UNPRIORITIZED,TODO,,,,SHARED_CANDIDATE:obj:3484,NONE,NONE,NONE,
obj:3492,a worm,item,portable,./dat/objects.srv,UNPRIORITIZED,TODO,,,,MESH,NONE,NONE,NONE,
obj:3533,a black token,item,portable,./dat/objects.srv,UNPRIORITIZED,TODO,,,,MESH,NONE,NONE,NONE,
obj:3534,a white token,item,portable,./dat/objects.srv,UNPRIORITIZED,TODO,,,,MESH,NONE,NONE,NONE,
obj:3547,a tic-tac-toe token,item,portable,./dat/objects.srv,UNPRIORITIZED,TODO,,,,MESH,NONE,NONE,NONE,
obj:3548,a tic-tac-toe token,item,portable,./dat/objects.srv,UNPRIORITIZED,TODO,,,,SHARED_CANDIDATE:obj:3547,NONE,NONE,NONE,
obj:3651,wheat,item,unspecified,./dat/objects.srv,UNPRIORITIZED,TODO,,,,MESH,NONE,NONE,NONE,
obj:3652,wheat,item,unspecified,./dat/objects.srv,UNPRIORITIZED,TODO,,,,SHARED_CANDIDATE:obj:3651,NONE,NONE,NONE,
obj:3695,jungle grass,item,unspecified,./dat/objects.srv,UNPRIORITIZED,TODO,,,,MESH,NONE,NONE,NONE,
obj:3701,jungle grass,item,unspecified,./dat/objects.srv,UNPRIORITIZED,TODO,,,,SHARED_CANDIDATE:obj:3695,NONE,NONE,NONE,
obj:3734,a blood herb,item,portable,./dat/objects.srv,UNPRIORITIZED,TODO,,,,MESH,NONE,NONE,NONE,
obj:3735,a stone herb,item,portable,./dat/objects.srv,UNPRIORITIZED,TODO,,,,MESH,NONE,NONE,NONE,
obj:3736,a star herb,item,portable,./dat/objects.srv,UNPRIORITIZED,TODO,,,,MESH,NONE,NONE,NONE,
obj:3737,a fern,item,portable,./dat/objects.srv,UNPRIORITIZED,TODO,,,,MESH,NONE,NONE,NONE,
obj:3738,a sling herb,item,portable,./dat/objects.srv,UNPRIORITIZED,TODO,,,,MESH,NONE,NONE,NONE,
obj:3739,a powder herb,item,portable,./dat/objects.srv,UNPRIORITIZED,TODO,,,,MESH,NONE,NONE,NONE,
obj:3740,a shadow herb,item,portable,./dat/objects.srv,UNPRIORITIZED,TODO,,,,MESH,NONE,NONE,NONE,
obj:3741,a troll green,item,portable,./dat/objects.srv,UNPRIORITIZED,TODO,,,,MESH,NONE,NONE,NONE,
obj:3938,jungle vines,item,unspecified,./dat/objects.srv,UNPRIORITIZED,TODO,,,,MESH,NONE,NONE,NONE,
obj:3939,jungle vines,item,unspecified,./dat/objects.srv,UNPRIORITIZED,TODO,,,,SHARED_CANDIDATE:obj:3938,NONE,NONE,NONE,
obj:3940,jungle vines,item,unspecified,./dat/objects.srv,UNPRIORITIZED,TODO,,,,SHARED_CANDIDATE:obj:3938,NONE,NONE,NONE,
obj:3941,jungle vines,item,unspecified,./dat/objects.srv,UNPRIORITIZED,TODO,,,,SHARED_CANDIDATE:obj:3938,NONE,NONE,NONE,
obj:3942,jungle vines,item,unspecified,./dat/objects.srv,UNPRIORITIZED,TODO,,,,SHARED_CANDIDATE:obj:3938,NONE,NONE,NONE,
obj:3943,jungle vines,item,unspecified,./dat/objects.srv,UNPRIORITIZED,TODO,,,,SHARED_CANDIDATE:obj:3938,NONE,NONE,NONE,
obj:4302,a dead rabbit,item,portable,./dat/objects.srv,UNPRIORITIZED,TODO,,,,MESH,NONE,NONE,NONE,
obj:4827,whisper moss,item,portable,./dat/objects.srv,UNPRIORITIZED,TODO,,,,MESH,NONE,NONE,NONE,
obj:4828,a flask of cough syrup,item,portable,./dat/objects.srv,UNPRIORITIZED,TODO,,,,MESH,NONE,NONE,NONE,
obj:4829,a witches cap mushroom,item,portable,./dat/objects.srv,UNPRIORITIZED,TODO,,,,MESH,NONE,NONE,NONE,
obj:4831,an old parchment,item,portable,./dat/objects.srv,UNPRIORITIZED,TODO,,,,MESH,NONE,NONE,NONE,
obj:4832,a giant ape's hair,item,portable,./dat/objects.srv,UNPRIORITIZED,TODO,,,,MESH,NONE,NONE,NONE,
obj:4834,a family brooch,item,portable,./dat/objects.srv,UNPRIORITIZED,TODO,,,,SHARED_CANDIDATE:obj:3205,NONE,NONE,NONE,
obj:4837,an icicle,item,portable,./dat/objects.srv,UNPRIORITIZED,TODO,,,,MESH,NONE,NONE,NONE,
obj:4838,strange powder,item,portable,./dat/objects.srv,UNPRIORITIZED,TODO,,,,MESH,NONE,NONE,NONE,
obj:4839,a hydra egg,item,portable,./dat/objects.srv,UNPRIORITIZED,TODO,,,,MESH,NONE,NONE,NONE,
obj:4841,a memory stone,item,portable,./dat/objects.srv,UNPRIORITIZED,TODO,,,,MESH,NONE,NONE,NONE,
obj:4843,a sheet of tracing paper,item,portable,./dat/objects.srv,UNPRIORITIZED,TODO,,,,MESH,NONE,NONE,NONE,
obj:4844,an elven poetry book,item,portable,./dat/objects.srv,UNPRIORITIZED,TODO,,,,MESH,NONE,NONE,NONE,
obj:4845,a dwarven pickaxe,item,portable,./dat/objects.srv,UNPRIORITIZED,TODO,,,,MESH,NONE,NONE,NONE,
obj:4846,a wrinkled parchment,item,portable,./dat/objects.srv,UNPRIORITIZED,TODO,,,,MESH,NONE,NONE,NONE,
obj:4847,a funeral urn,item,portable,./dat/objects.srv,UNPRIORITIZED,TODO,,,,MESH,NONE,NONE,NONE,
obj:4853,an ectoplasm container,item,portable,./dat/objects.srv,UNPRIORITIZED,TODO,,,,MESH,NONE,NONE,NONE,
obj:4854,a red carpet,item,unspecified,./dat/objects.srv,UNPRIORITIZED,TODO,,,,MESH,NONE,NONE,NONE,
obj:4855,a red carpet,item,unspecified,./dat/objects.srv,UNPRIORITIZED,TODO,,,,SHARED_CANDIDATE:obj:4854,NONE,NONE,NONE,
obj:4856,a red carpet,item,unspecified,./dat/objects.srv,UNPRIORITIZED,TODO,,,,SHARED_CANDIDATE:obj:4854,NONE,NONE,NONE,
obj:4864,a butterfly conservation kit,item,portable,./dat/objects.srv,UNPRIORITIZED,TODO,,,,MESH,NONE,NONE,NONE,
obj:4865,a butterfly conservation kit,item,portable,./dat/objects.srv,UNPRIORITIZED,TODO,,,,SHARED_CANDIDATE:obj:4864,NONE,NONE,NONE,
obj:4866,a butterfly conservation kit,item,portable,./dat/objects.srv,UNPRIORITIZED,TODO,,,,SHARED_CANDIDATE:obj:4864,NONE,NONE,NONE,
obj:4868,a botanist's container,item,portable,./dat/objects.srv,UNPRIORITIZED,TODO,,,,MESH,NONE,NONE,NONE,
obj:4869,a botanist's container,item,portable,./dat/objects.srv,UNPRIORITIZED,TODO,,,,SHARED_CANDIDATE:obj:4868,NONE,NONE,NONE,
obj:4870,a botanist's container,item,portable,./dat/objects.srv,UNPRIORITIZED,TODO,,,,SHARED_CANDIDATE:obj:4868,NONE,NONE,NONE,
obj:4871,an explorer brooch,item,portable,./dat/objects.srv,UNPRIORITIZED,TODO,,,,MESH,NONE,NONE,NONE,
obj:5014,a mandrake,item,portable,./dat/objects.srv,UNPRIORITIZED,TODO,,,,MESH,NONE,NONE,NONE,
obj:5021,an orichalcum pearl,item,portable,./dat/objects.srv,UNPRIORITIZED,TODO,,,,MESH,NONE,NONE,NONE,
obj:5046,a monkey statue,item,unspecified,./dat/objects.srv,UNPRIORITIZED,TODO,,,,MESH,NONE,NONE,NONE,
obj:5055,a monkey statue,item,unspecified,./dat/objects.srv,UNPRIORITIZED,TODO,,,,SHARED_CANDIDATE:obj:5046,NONE,NONE,NONE,
obj:5056,a monkey statue,item,unspecified,./dat/objects.srv,UNPRIORITIZED,TODO,,,,SHARED_CANDIDATE:obj:5046,NONE,NONE,NONE,
obj:5089,a butterfly conservation kit,item,portable,./dat/objects.srv,UNPRIORITIZED,TODO,,,,SHARED_CANDIDATE:obj:4864,NONE,NONE,NONE,
obj:2012,a sign,readable,text,./dat/objects.srv,UNPRIORITIZED,TODO,,,,MESH,NONE,NONE,NONE,
obj:2013,a sign,readable,text,./dat/objects.srv,UNPRIORITIZED,TODO,,,,SHARED_CANDIDATE:obj:2012,NONE,NONE,NONE,
obj:2014,a sign,readable,text,./dat/objects.srv,UNPRIORITIZED,TODO,,,,SHARED_CANDIDATE:obj:2012,NONE,NONE,NONE,
obj:2016,a sign,readable,text,./dat/objects.srv,UNPRIORITIZED,TODO,,,,SHARED_CANDIDATE:obj:2012,NONE,NONE,NONE,
obj:2017,a sign,readable,text,./dat/objects.srv,UNPRIORITIZED,TODO,,,,SHARED_CANDIDATE:obj:2012,NONE,NONE,NONE,
obj:2021,a street sign,readable,text,./dat/objects.srv,UNPRIORITIZED,TODO,,,,MESH,NONE,NONE,NONE,
obj:2022,a street sign,readable,text,./dat/objects.srv,UNPRIORITIZED,TODO,,,,SHARED_CANDIDATE:obj:2021,NONE,NONE,NONE,
obj:2023,a sign,readable,text,./dat/objects.srv,UNPRIORITIZED,TODO,,,,SHARED_CANDIDATE:obj:2012,NONE,NONE,NONE,
obj:2024,a sign,readable,text,./dat/objects.srv,UNPRIORITIZED,TODO,,,,SHARED_CANDIDATE:obj:2012,NONE,NONE,NONE,
obj:2039,a pedestal,readable,text,./dat/objects.srv,UNPRIORITIZED,TODO,,,,MESH,NONE,NONE,NONE,
obj:2040,a pedestal,readable,text,./dat/objects.srv,UNPRIORITIZED,TODO,,,,SHARED_CANDIDATE:obj:2039,NONE,NONE,NONE,
obj:2041,a pedestal,readable,text,./dat/objects.srv,UNPRIORITIZED,TODO,,,,SHARED_CANDIDATE:obj:2039,NONE,NONE,NONE,
obj:2042,a pedestal,readable,text,./dat/objects.srv,UNPRIORITIZED,TODO,,,,SHARED_CANDIDATE:obj:2039,NONE,NONE,NONE,
obj:2049,a pedestal,readable,text,./dat/objects.srv,UNPRIORITIZED,TODO,,,,SHARED_CANDIDATE:obj:2039,NONE,NONE,NONE,
obj:2052,a pedestal,readable,text,./dat/objects.srv,UNPRIORITIZED,TODO,,,,SHARED_CANDIDATE:obj:2039,NONE,NONE,NONE,
obj:2445,a pendulum clock,readable,information,./dat/objects.srv,UNPRIORITIZED,TODO,,,,MESH,NONE,NONE,NONE,
obj:2446,a pendulum clock,readable,information,./dat/objects.srv,UNPRIORITIZED,TODO,,,,SHARED_CANDIDATE:obj:2445,NONE,NONE,NONE,
obj:2447,a pendulum clock,readable,information,./dat/objects.srv,UNPRIORITIZED,TODO,,,,SHARED_CANDIDATE:obj:2445,NONE,NONE,NONE,
obj:2448,a pendulum clock,readable,information,./dat/objects.srv,UNPRIORITIZED,TODO,,,,SHARED_CANDIDATE:obj:2445,NONE,NONE,NONE,
obj:2660,a cuckoo clock,readable,information,./dat/objects.srv,UNPRIORITIZED,TODO,,,,MESH,NONE,NONE,NONE,
obj:2661,a cuckoo clock,readable,information,./dat/objects.srv,UNPRIORITIZED,TODO,,,,SHARED_CANDIDATE:obj:2660,NONE,NONE,NONE,
obj:2662,a cuckoo clock,readable,information,./dat/objects.srv,UNPRIORITIZED,TODO,,,,SHARED_CANDIDATE:obj:2660,NONE,NONE,NONE,
obj:2663,a cuckoo clock,readable,information,./dat/objects.srv,UNPRIORITIZED,TODO,,,,SHARED_CANDIDATE:obj:2660,NONE,NONE,NONE,
obj:2664,a cuckoo clock,readable,information,./dat/objects.srv,UNPRIORITIZED,TODO,,,,SHARED_CANDIDATE:obj:2660,NONE,NONE,NONE,
obj:2668,a cuckoo clock,readable,information,./dat/objects.srv,UNPRIORITIZED,TODO,,,,SHARED_CANDIDATE:obj:2660,NONE,NONE,NONE,
obj:2813,a blank paper,readable,text,./dat/objects.srv,UNPRIORITIZED,TODO,,,,MESH,NONE,NONE,NONE,
obj:2817,a blank parchment,readable,text,./dat/objects.srv,UNPRIORITIZED,TODO,,,,MESH,NONE,NONE,NONE,
obj:2833,a parchment,readable,text,./dat/objects.srv,UNPRIORITIZED,TODO,,,,SHARED_CANDIDATE:obj:2814,NONE,NONE,NONE,
obj:2834,a document,readable,text,./dat/objects.srv,UNPRIORITIZED,TODO,,,,SHARED_CANDIDATE:obj:2818,NONE,NONE,NONE,
obj:2835,a parchment,readable,text,./dat/objects.srv,UNPRIORITIZED,TODO,,,,SHARED_CANDIDATE:obj:2814,NONE,NONE,NONE,
obj:2836,the holy Tible,readable,text,./dat/objects.srv,UNPRIORITIZED,TODO,,,,MESH,NONE,NONE,NONE,
obj:2837,a book,readable,text,./dat/objects.srv,UNPRIORITIZED,TODO,,,,SHARED_CANDIDATE:obj:2816,NONE,NONE,NONE,
obj:2840,a book,readable,text,./dat/objects.srv,UNPRIORITIZED,TODO,,,,SHARED_CANDIDATE:obj:2816,NONE,NONE,NONE,
obj:2841,a book,readable,text,./dat/objects.srv,UNPRIORITIZED,TODO,,,,SHARED_CANDIDATE:obj:2816,NONE,NONE,NONE,
obj:2842,a book,readable,text,./dat/objects.srv,UNPRIORITIZED,TODO,,,,SHARED_CANDIDATE:obj:2816,NONE,NONE,NONE,
obj:2843,a book,readable,text,./dat/objects.srv,UNPRIORITIZED,TODO,,,,SHARED_CANDIDATE:obj:2816,NONE,NONE,NONE,
obj:2844,a book,readable,text,./dat/objects.srv,UNPRIORITIZED,TODO,,,,SHARED_CANDIDATE:obj:2816,NONE,NONE,NONE,
obj:2845,a book,readable,text,./dat/objects.srv,UNPRIORITIZED,TODO,,,,SHARED_CANDIDATE:obj:2816,NONE,NONE,NONE,
obj:2846,a book,readable,text,./dat/objects.srv,UNPRIORITIZED,TODO,,,,SHARED_CANDIDATE:obj:2816,NONE,NONE,NONE,
obj:2847,a book,readable,text,./dat/objects.srv,UNPRIORITIZED,TODO,,,,SHARED_CANDIDATE:obj:2816,NONE,NONE,NONE,
obj:3212,a monks diary,readable,text,./dat/objects.srv,UNPRIORITIZED,TODO,,,,MESH,NONE,NONE,NONE,
obj:3506,a stamped letter,readable,text,./dat/objects.srv,UNPRIORITIZED,TODO,,,,MESH,NONE,NONE,NONE,
obj:5090,a treasure map,readable,text,./dat/objects.srv,UNPRIORITIZED,TODO,,,,MESH,NONE,NONE,NONE,
obj:1130,a stone,structure,obstacle,./dat/objects.srv,UNPRIORITIZED,TODO,,,,SHARED_CANDIDATE:obj:1129,NONE,NONE,NONE,
obj:1131,a stone,structure,obstacle,./dat/objects.srv,UNPRIORITIZED,TODO,,,,SHARED_CANDIDATE:obj:1129,NONE,NONE,NONE,
obj:1132,a stone,structure,obstacle,./dat/objects.srv,UNPRIORITIZED,TODO,,,,SHARED_CANDIDATE:obj:1129,NONE,NONE,NONE,
obj:1133,a stone,structure,obstacle,./dat/objects.srv,UNPRIORITIZED,TODO,,,,SHARED_CANDIDATE:obj:1129,NONE,NONE,NONE,
obj:1134,a stone,structure,obstacle,./dat/objects.srv,UNPRIORITIZED,TODO,,,,SHARED_CANDIDATE:obj:1129,NONE,NONE,NONE,
obj:1135,a stone,structure,obstacle,./dat/objects.srv,UNPRIORITIZED,TODO,,,,SHARED_CANDIDATE:obj:1129,NONE,NONE,NONE,
obj:1136,a stone,structure,obstacle,./dat/objects.srv,UNPRIORITIZED,TODO,,,,SHARED_CANDIDATE:obj:1129,NONE,NONE,NONE,
obj:1137,a stone,structure,obstacle,./dat/objects.srv,UNPRIORITIZED,TODO,,,,SHARED_CANDIDATE:obj:1129,NONE,NONE,NONE,
obj:1138,a stone,structure,obstacle,./dat/objects.srv,UNPRIORITIZED,TODO,,,,SHARED_CANDIDATE:obj:1129,NONE,NONE,NONE,
obj:1139,a stone,structure,obstacle,./dat/objects.srv,UNPRIORITIZED,TODO,,,,SHARED_CANDIDATE:obj:1129,NONE,NONE,NONE,
obj:1140,a stone,structure,obstacle,./dat/objects.srv,UNPRIORITIZED,TODO,,,,SHARED_CANDIDATE:obj:1129,NONE,NONE,NONE,
obj:1141,a stone,structure,obstacle,./dat/objects.srv,UNPRIORITIZED,TODO,,,,SHARED_CANDIDATE:obj:1129,NONE,NONE,NONE,
obj:1145,a stone,structure,obstacle,./dat/objects.srv,UNPRIORITIZED,TODO,,,,SHARED_CANDIDATE:obj:1129,NONE,NONE,NONE,
obj:1146,a stone,structure,obstacle,./dat/objects.srv,UNPRIORITIZED,TODO,,,,SHARED_CANDIDATE:obj:1129,NONE,NONE,NONE,
obj:1151,a stone,structure,obstacle,./dat/objects.srv,UNPRIORITIZED,TODO,,,,SHARED_CANDIDATE:obj:1129,NONE,NONE,NONE,
obj:1206,a dried grass roof,structure,obstacle,./dat/objects.srv,UNPRIORITIZED,TODO,,,,SHARED_CANDIDATE:obj:1198,NONE,NONE,NONE,
obj:1208,a dried grass roof,structure,obstacle,./dat/objects.srv,UNPRIORITIZED,TODO,,,,SHARED_CANDIDATE:obj:1198,NONE,NONE,NONE,
obj:1367,an archway,structure,top_overlay,./dat/objects.srv,UNPRIORITIZED,TODO,,,,SHARED_CANDIDATE:obj:1365,NONE,NONE,NONE,
obj:1368,an archway,structure,top_overlay,./dat/objects.srv,UNPRIORITIZED,TODO,,,,SHARED_CANDIDATE:obj:1365,NONE,NONE,NONE,
obj:1403,an oriental wall,structure,top_overlay,./dat/objects.srv,UNPRIORITIZED,TODO,,,,MESH,NONE,NONE,NONE,
obj:1404,an oriental wall,structure,top_overlay,./dat/objects.srv,UNPRIORITIZED,TODO,,,,SHARED_CANDIDATE:obj:1403,NONE,NONE,NONE,
obj:1405,an oriental wall,structure,top_overlay,./dat/objects.srv,UNPRIORITIZED,TODO,,,,SHARED_CANDIDATE:obj:1403,NONE,NONE,NONE,
obj:1408,an oriental wall,structure,top_overlay,./dat/objects.srv,UNPRIORITIZED,TODO,,,,SHARED_CANDIDATE:obj:1403,NONE,NONE,NONE,
obj:1482,a stone wall,structure,top_overlay,./dat/objects.srv,UNPRIORITIZED,TODO,,,,MESH,NONE,NONE,NONE,
obj:1483,a stone wall,structure,top_overlay,./dat/objects.srv,UNPRIORITIZED,TODO,,,,SHARED_CANDIDATE:obj:1482,NONE,NONE,NONE,
obj:1484,a stone wall,structure,top_overlay,./dat/objects.srv,UNPRIORITIZED,TODO,,,,SHARED_CANDIDATE:obj:1482,NONE,NONE,NONE,
obj:1485,a stone wall,structure,top_overlay,./dat/objects.srv,UNPRIORITIZED,TODO,,,,SHARED_CANDIDATE:obj:1482,NONE,NONE,NONE,
obj:1534,an archway,structure,top_overlay,./dat/objects.srv,UNPRIORITIZED,TODO,,,,SHARED_CANDIDATE:obj:1365,NONE,NONE,NONE,
obj:1535,an archway,structure,top_overlay,./dat/objects.srv,UNPRIORITIZED,TODO,,,,SHARED_CANDIDATE:obj:1365,NONE,NONE,NONE,
obj:1613,a palisade,structure,obstacle,./dat/objects.srv,UNPRIORITIZED,TODO,,,,SHARED_CANDIDATE:obj:1612,NONE,NONE,NONE,
obj:1617,a palisade,structure,obstacle,./dat/objects.srv,UNPRIORITIZED,TODO,,,,SHARED_CANDIDATE:obj:1612,NONE,NONE,NONE,
obj:1618,a temple wall,structure,obstacle,./dat/objects.srv,UNPRIORITIZED,TODO,,,,MESH,NONE,NONE,NONE,
obj:1639,an open door,structure,door,./dat/objects.srv,UNPRIORITIZED,TODO,,,,SHARED_CANDIDATE:obj:1630,NONE,NONE,NONE,
obj:1641,an open door,structure,door,./dat/objects.srv,UNPRIORITIZED,TODO,,,,SHARED_CANDIDATE:obj:1630,NONE,NONE,NONE,
obj:1642,a closed door,structure,door,./dat/objects.srv,UNPRIORITIZED,TODO,,,,SHARED_CANDIDATE:obj:1628,NONE,NONE,NONE,
obj:1643,an open door,structure,door,./dat/objects.srv,UNPRIORITIZED,TODO,,,,SHARED_CANDIDATE:obj:1630,NONE,NONE,NONE,
obj:1644,a closed door,structure,door,./dat/objects.srv,UNPRIORITIZED,TODO,,,,SHARED_CANDIDATE:obj:1628,NONE,NONE,NONE,
obj:1645,an open door,structure,door,./dat/objects.srv,UNPRIORITIZED,TODO,,,,SHARED_CANDIDATE:obj:1630,NONE,NONE,NONE,
obj:1646,a gate of expertise,structure,door,./dat/objects.srv,UNPRIORITIZED,TODO,,,,MESH,NONE,NONE,NONE,
obj:1647,a gate of expertise,structure,door,./dat/objects.srv,UNPRIORITIZED,TODO,,,,SHARED_CANDIDATE:obj:1646,NONE,NONE,NONE,
obj:1648,a gate of expertise,structure,door,./dat/objects.srv,UNPRIORITIZED,TODO,,,,SHARED_CANDIDATE:obj:1646,NONE,NONE,NONE,
obj:1649,a gate of expertise,structure,door,./dat/objects.srv,UNPRIORITIZED,TODO,,,,SHARED_CANDIDATE:obj:1646,NONE,NONE,NONE,
obj:1657,an open door,structure,door,./dat/objects.srv,UNPRIORITIZED,TODO,,,,SHARED_CANDIDATE:obj:1630,NONE,NONE,NONE,
obj:1659,an open door,structure,door,./dat/objects.srv,UNPRIORITIZED,TODO,,,,SHARED_CANDIDATE:obj:1630,NONE,NONE,NONE,
obj:1660,a closed door,structure,door,./dat/objects.srv,UNPRIORITIZED,TODO,,,,SHARED_CANDIDATE:obj:1628,NONE,NONE,NONE,
obj:1661,an open door,structure,door,./dat/objects.srv,UNPRIORITIZED,TODO,,,,SHARED_CANDIDATE:obj:1630,NONE,NONE,NONE,
obj:1662,a closed door,structure,door,./dat/objects.srv,UNPRIORITIZED,TODO,,,,SHARED_CANDIDATE:obj:1628,NONE,NONE,NONE,
obj:1663,an open door,structure,door,./dat/objects.srv,UNPRIORITIZED,TODO,,,,SHARED_CANDIDATE:obj:1630,NONE,NONE,NONE,
obj:1664,a gate of expertise,structure,door,./dat/objects.srv,UNPRIORITIZED,TODO,,,,SHARED_CANDIDATE:obj:1646,NONE,NONE,NONE,
obj:1665,a gate of expertise,structure,door,./dat/objects.srv,UNPRIORITIZED,TODO,,,,SHARED_CANDIDATE:obj:1646,NONE,NONE,NONE,
obj:1666,a gate of expertise,structure,door,./dat/objects.srv,UNPRIORITIZED,TODO,,,,SHARED_CANDIDATE:obj:1646,NONE,NONE,NONE,
obj:1667,a gate of expertise,structure,door,./dat/objects.srv,UNPRIORITIZED,TODO,,,,SHARED_CANDIDATE:obj:1646,NONE,NONE,NONE,
obj:1670,an open door,structure,door,./dat/objects.srv,UNPRIORITIZED,TODO,,,,SHARED_CANDIDATE:obj:1630,NONE,NONE,NONE,
obj:1673,an open door,structure,door,./dat/objects.srv,UNPRIORITIZED,TODO,,,,SHARED_CANDIDATE:obj:1630,NONE,NONE,NONE,
obj:1674,a closed door,structure,door,./dat/objects.srv,UNPRIORITIZED,TODO,,,,SHARED_CANDIDATE:obj:1628,NONE,NONE,NONE,
obj:1675,an open door,structure,door,./dat/objects.srv,UNPRIORITIZED,TODO,,,,SHARED_CANDIDATE:obj:1630,NONE,NONE,NONE,
obj:1676,a closed door,structure,door,./dat/objects.srv,UNPRIORITIZED,TODO,,,,SHARED_CANDIDATE:obj:1628,NONE,NONE,NONE,
obj:1677,an open door,structure,door,./dat/objects.srv,UNPRIORITIZED,TODO,,,,SHARED_CANDIDATE:obj:1630,NONE,NONE,NONE,
obj:1678,a gate of expertise,structure,door,./dat/objects.srv,UNPRIORITIZED,TODO,,,,SHARED_CANDIDATE:obj:1646,NONE,NONE,NONE,
obj:1679,a gate of expertise,structure,door,./dat/objects.srv,UNPRIORITIZED,TODO,,,,SHARED_CANDIDATE:obj:1646,NONE,NONE,NONE,
obj:1680,a gate of expertise,structure,door,./dat/objects.srv,UNPRIORITIZED,TODO,,,,SHARED_CANDIDATE:obj:1646,NONE,NONE,NONE,
obj:1681,a gate of expertise,structure,door,./dat/objects.srv,UNPRIORITIZED,TODO,,,,SHARED_CANDIDATE:obj:1646,NONE,NONE,NONE,
obj:1684,an open door,structure,door,./dat/objects.srv,UNPRIORITIZED,TODO,,,,SHARED_CANDIDATE:obj:1630,NONE,NONE,NONE,
obj:1686,an open door,structure,door,./dat/objects.srv,UNPRIORITIZED,TODO,,,,SHARED_CANDIDATE:obj:1630,NONE,NONE,NONE,
obj:1687,a gate of expertise,structure,door,./dat/objects.srv,UNPRIORITIZED,TODO,,,,SHARED_CANDIDATE:obj:1646,NONE,NONE,NONE,
obj:1688,a gate of expertise,structure,door,./dat/objects.srv,UNPRIORITIZED,TODO,,,,SHARED_CANDIDATE:obj:1646,NONE,NONE,NONE,
obj:1689,a closed door,structure,door,./dat/objects.srv,UNPRIORITIZED,TODO,,,,SHARED_CANDIDATE:obj:1628,NONE,NONE,NONE,
obj:1690,an open door,structure,door,./dat/objects.srv,UNPRIORITIZED,TODO,,,,SHARED_CANDIDATE:obj:1630,NONE,NONE,NONE,
obj:1693,an open door,structure,door,./dat/objects.srv,UNPRIORITIZED,TODO,,,,SHARED_CANDIDATE:obj:1630,NONE,NONE,NONE,
obj:1695,an open door,structure,door,./dat/objects.srv,UNPRIORITIZED,TODO,,,,SHARED_CANDIDATE:obj:1630,NONE,NONE,NONE,
obj:1696,a gate of expertise,structure,door,./dat/objects.srv,UNPRIORITIZED,TODO,,,,SHARED_CANDIDATE:obj:1646,NONE,NONE,NONE,
obj:1697,a gate of expertise,structure,door,./dat/objects.srv,UNPRIORITIZED,TODO,,,,SHARED_CANDIDATE:obj:1646,NONE,NONE,NONE,
obj:1698,a closed door,structure,door,./dat/objects.srv,UNPRIORITIZED,TODO,,,,SHARED_CANDIDATE:obj:1628,NONE,NONE,NONE,
obj:1699,an open door,structure,door,./dat/objects.srv,UNPRIORITIZED,TODO,,,,SHARED_CANDIDATE:obj:1630,NONE,NONE,NONE,
obj:1750,a sail,structure,obstacle,./dat/objects.srv,UNPRIORITIZED,TODO,,,,SHARED_CANDIDATE:obj:1749,NONE,NONE,NONE,
obj:1765,a small sail,structure,obstacle,./dat/objects.srv,UNPRIORITIZED,TODO,,,,MESH,NONE,NONE,NONE,
obj:2178,an open fence gate,structure,top_overlay,./dat/objects.srv,UNPRIORITIZED,TODO,,,,MESH,NONE,NONE,NONE,
obj:2180,an open fence gate,structure,top_overlay,./dat/objects.srv,UNPRIORITIZED,TODO,,,,SHARED_CANDIDATE:obj:2178,NONE,NONE,NONE,
obj:2206,a stone railing,structure,obstacle,./dat/objects.srv,UNPRIORITIZED,TODO,,,,SHARED_CANDIDATE:obj:2162,NONE,NONE,NONE,
obj:2226,a stone railing,structure,obstacle,./dat/objects.srv,UNPRIORITIZED,TODO,,,,SHARED_CANDIDATE:obj:2162,NONE,NONE,NONE,
obj:2234,a wooden railing,structure,obstacle,./dat/objects.srv,UNPRIORITIZED,TODO,,,,SHARED_CANDIDATE:obj:2154,NONE,NONE,NONE,
obj:2235,a wooden railing,structure,obstacle,./dat/objects.srv,UNPRIORITIZED,TODO,,,,SHARED_CANDIDATE:obj:2154,NONE,NONE,NONE,
obj:2236,a wooden railing,structure,obstacle,./dat/objects.srv,UNPRIORITIZED,TODO,,,,SHARED_CANDIDATE:obj:2154,NONE,NONE,NONE,
obj:2237,a wooden railing,structure,obstacle,./dat/objects.srv,UNPRIORITIZED,TODO,,,,SHARED_CANDIDATE:obj:2154,NONE,NONE,NONE,
obj:2238,a wooden railing,structure,obstacle,./dat/objects.srv,UNPRIORITIZED,TODO,,,,SHARED_CANDIDATE:obj:2154,NONE,NONE,NONE,
obj:2239,a wooden railing,structure,obstacle,./dat/objects.srv,UNPRIORITIZED,TODO,,,,SHARED_CANDIDATE:obj:2154,NONE,NONE,NONE,
obj:2240,a wooden railing,structure,obstacle,./dat/objects.srv,UNPRIORITIZED,TODO,,,,SHARED_CANDIDATE:obj:2154,NONE,NONE,NONE,
obj:2241,a wooden railing,structure,obstacle,./dat/objects.srv,UNPRIORITIZED,TODO,,,,SHARED_CANDIDATE:obj:2154,NONE,NONE,NONE,
obj:2267,a rope railing,structure,obstacle,./dat/objects.srv,UNPRIORITIZED,TODO,,,,SHARED_CANDIDATE:obj:2265,NONE,NONE,NONE,
obj:2268,a rope railing,structure,obstacle,./dat/objects.srv,UNPRIORITIZED,TODO,,,,SHARED_CANDIDATE:obj:2265,NONE,NONE,NONE,
obj:2273,a rope railing,structure,obstacle,./dat/objects.srv,UNPRIORITIZED,TODO,,,,SHARED_CANDIDATE:obj:2265,NONE,NONE,NONE,
obj:2274,a rope railing,structure,obstacle,./dat/objects.srv,UNPRIORITIZED,TODO,,,,SHARED_CANDIDATE:obj:2265,NONE,NONE,NONE,
obj:2275,a rope railing,structure,obstacle,./dat/objects.srv,UNPRIORITIZED,TODO,,,,SHARED_CANDIDATE:obj:2265,NONE,NONE,NONE,
obj:2276,a rope railing,structure,obstacle,./dat/objects.srv,UNPRIORITIZED,TODO,,,,SHARED_CANDIDATE:obj:2265,NONE,NONE,NONE,
obj:2339,an open passthrough,structure,door,./dat/objects.srv,UNPRIORITIZED,TODO,,,,MESH,NONE,NONE,NONE,
obj:2341,an open passthrough,structure,door,./dat/objects.srv,UNPRIORITIZED,TODO,,,,SHARED_CANDIDATE:obj:2339,NONE,NONE,NONE,
obj:2461,a small bamboo shelf,structure,obstacle,./dat/objects.srv,UNPRIORITIZED,TODO,,,,MESH,NONE,NONE,NONE,
obj:2498,a bed,structure,obstacle,./dat/objects.srv,UNPRIORITIZED,TODO,,,,SHARED_CANDIDATE:obj:2488,NONE,NONE,NONE,
obj:2508,a hammock,structure,obstacle,./dat/objects.srv,UNPRIORITIZED,TODO,,,,SHARED_CANDIDATE:obj:2504,NONE,NONE,NONE,
obj:2510,a hammock,structure,obstacle,./dat/objects.srv,UNPRIORITIZED,TODO,,,,SHARED_CANDIDATE:obj:2504,NONE,NONE,NONE,
obj:2563,a pile of bones,structure,obstacle,./dat/objects.srv,UNPRIORITIZED,TODO,,,,MESH,NONE,NONE,NONE,
obj:2740,tanned polar bear fur,structure,obstacle,./dat/objects.srv,UNPRIORITIZED,TODO,,,,MESH,NONE,NONE,NONE,
obj:2741,tanned polar bear fur,structure,obstacle,./dat/objects.srv,UNPRIORITIZED,TODO,,,,SHARED_CANDIDATE:obj:2740,NONE,NONE,NONE,
obj:2743,a block of wood,structure,obstacle,./dat/objects.srv,UNPRIORITIZED,TODO,,,,MESH,NONE,NONE,NONE,
obj:3489,a ships telescope,structure,obstacle,./dat/objects.srv,UNPRIORITIZED,TODO,,,,SHARED_CANDIDATE:obj:3488,NONE,NONE,NONE,
obj:3491,a ships telescope,structure,obstacle,./dat/objects.srv,UNPRIORITIZED,TODO,,,,SHARED_CANDIDATE:obj:3488,NONE,NONE,NONE,
obj:3496,a crane,structure,obstacle,./dat/objects.srv,UNPRIORITIZED,TODO,,,,SHARED_CANDIDATE:obj:3493,NONE,NONE,NONE,
obj:3822,a liana,structure,obstacle,./dat/objects.srv,UNPRIORITIZED,TODO,,,,SHARED_CANDIDATE:obj:3809,NONE,NONE,NONE,
obj:3823,a liana,structure,obstacle,./dat/objects.srv,UNPRIORITIZED,TODO,,,,SHARED_CANDIDATE:obj:3809,NONE,NONE,NONE,
obj:3824,a liana,structure,obstacle,./dat/objects.srv,UNPRIORITIZED,TODO,,,,SHARED_CANDIDATE:obj:3809,NONE,NONE,NONE,
obj:3826,a liana,structure,obstacle,./dat/objects.srv,UNPRIORITIZED,TODO,,,,SHARED_CANDIDATE:obj:3809,NONE,NONE,NONE,
obj:3827,a liana,structure,obstacle,./dat/objects.srv,UNPRIORITIZED,TODO,,,,SHARED_CANDIDATE:obj:3809,NONE,NONE,NONE,
obj:3828,a liana,structure,obstacle,./dat/objects.srv,UNPRIORITIZED,TODO,,,,SHARED_CANDIDATE:obj:3809,NONE,NONE,NONE,
obj:3832,a liana,structure,obstacle,./dat/objects.srv,UNPRIORITIZED,TODO,,,,SHARED_CANDIDATE:obj:3809,NONE,NONE,NONE,
obj:3838,a liana,structure,obstacle,./dat/objects.srv,UNPRIORITIZED,TODO,,,,SHARED_CANDIDATE:obj:3809,NONE,NONE,NONE,
obj:3845,a liana,structure,obstacle,./dat/objects.srv,UNPRIORITIZED,TODO,,,,SHARED_CANDIDATE:obj:3809,NONE,NONE,NONE,
obj:3846,a liana,structure,obstacle,./dat/objects.srv,UNPRIORITIZED,TODO,,,,SHARED_CANDIDATE:obj:3809,NONE,NONE,NONE,
obj:3847,a liana,structure,obstacle,./dat/objects.srv,UNPRIORITIZED,TODO,,,,SHARED_CANDIDATE:obj:3809,NONE,NONE,NONE,
obj:3848,a liana,structure,obstacle,./dat/objects.srv,UNPRIORITIZED,TODO,,,,SHARED_CANDIDATE:obj:3809,NONE,NONE,NONE,
obj:4849,wooden trash,structure,obstacle,./dat/objects.srv,UNPRIORITIZED,TODO,,,,MESH,NONE,NONE,NONE,
obj:4911,an open door,structure,top_overlay,./dat/objects.srv,UNPRIORITIZED,TODO,,,,SHARED_CANDIDATE:obj:1630,NONE,NONE,NONE,
obj:4914,an open door,structure,top_overlay,./dat/objects.srv,UNPRIORITIZED,TODO,,,,SHARED_CANDIDATE:obj:1630,NONE,NONE,NONE,
obj:4996,the remains of a canopic jar,structure,obstacle,./dat/objects.srv,UNPRIORITIZED,TODO,,,,MESH,NONE,NONE,NONE,
obj:5071,electric iron bars,structure,obstacle,./dat/objects.srv,UNPRIORITIZED,TODO,,,,MESH,NONE,NONE,NONE,
obj:5072,electric iron bars,structure,obstacle,./dat/objects.srv,UNPRIORITIZED,TODO,,,,SHARED_CANDIDATE:obj:5071,NONE,NONE,NONE,
obj:5073,electric iron bars,structure,obstacle,./dat/objects.srv,UNPRIORITIZED,TODO,,,,SHARED_CANDIDATE:obj:5071,NONE,NONE,NONE,
obj:5083,an open door,structure,door,./dat/objects.srv,UNPRIORITIZED,TODO,,,,SHARED_CANDIDATE:obj:1630,NONE,NONE,NONE,
obj:5085,an open door,structure,door,./dat/objects.srv,UNPRIORITIZED,TODO,,,,SHARED_CANDIDATE:obj:1630,NONE,NONE,NONE,
obj:1000,grass,terrain,ground,./dat/objects.srv,UNPRIORITIZED,TODO,,,,SHARED_CANDIDATE:obj:102,NONE,NONE,NONE,
obj:1001,grass,terrain,ground,./dat/objects.srv,UNPRIORITIZED,TODO,,,,SHARED_CANDIDATE:obj:102,NONE,NONE,NONE,
obj:1002,grass,terrain,ground,./dat/objects.srv,UNPRIORITIZED,TODO,,,,SHARED_CANDIDATE:obj:102,NONE,NONE,NONE,
obj:1003,grass,terrain,ground,./dat/objects.srv,UNPRIORITIZED,TODO,,,,SHARED_CANDIDATE:obj:102,NONE,NONE,NONE,
obj:1004,grass,terrain,ground,./dat/objects.srv,UNPRIORITIZED,TODO,,,,SHARED_CANDIDATE:obj:102,NONE,NONE,NONE,
obj:1005,grass,terrain,ground,./dat/objects.srv,UNPRIORITIZED,TODO,,,,SHARED_CANDIDATE:obj:102,NONE,NONE,NONE,
obj:1006,grass,terrain,ground,./dat/objects.srv,UNPRIORITIZED,TODO,,,,SHARED_CANDIDATE:obj:102,NONE,NONE,NONE,
obj:1007,rock soil,terrain,ground,./dat/objects.srv,UNPRIORITIZED,TODO,,,,SHARED_CANDIDATE:obj:107,NONE,NONE,NONE,
obj:1008,rock soil,terrain,ground,./dat/objects.srv,UNPRIORITIZED,TODO,,,,SHARED_CANDIDATE:obj:107,NONE,NONE,NONE,
obj:1009,rock soil,terrain,ground,./dat/objects.srv,UNPRIORITIZED,TODO,,,,SHARED_CANDIDATE:obj:107,NONE,NONE,NONE,
obj:1010,rock soil,terrain,ground,./dat/objects.srv,UNPRIORITIZED,TODO,,,,SHARED_CANDIDATE:obj:107,NONE,NONE,NONE,
obj:1011,rock soil,terrain,ground,./dat/objects.srv,UNPRIORITIZED,TODO,,,,SHARED_CANDIDATE:obj:107,NONE,NONE,NONE,
obj:1012,rock soil,terrain,ground,./dat/objects.srv,UNPRIORITIZED,TODO,,,,SHARED_CANDIDATE:obj:107,NONE,NONE,NONE,
obj:1013,rock soil,terrain,ground,./dat/objects.srv,UNPRIORITIZED,TODO,,,,SHARED_CANDIDATE:obj:107,NONE,NONE,NONE,
obj:1014,rock soil,terrain,ground,./dat/objects.srv,UNPRIORITIZED,TODO,,,,SHARED_CANDIDATE:obj:107,NONE,NONE,NONE,
obj:1015,rock soil,terrain,ground,./dat/objects.srv,UNPRIORITIZED,TODO,,,,SHARED_CANDIDATE:obj:107,NONE,NONE,NONE,
obj:1016,rock soil,terrain,ground,./dat/objects.srv,UNPRIORITIZED,TODO,,,,SHARED_CANDIDATE:obj:107,NONE,NONE,NONE,
obj:1017,rock soil,terrain,ground,./dat/objects.srv,UNPRIORITIZED,TODO,,,,SHARED_CANDIDATE:obj:107,NONE,NONE,NONE,
obj:1018,rock soil,terrain,ground,./dat/objects.srv,UNPRIORITIZED,TODO,,,,SHARED_CANDIDATE:obj:107,NONE,NONE,NONE,
obj:102,grass,terrain,ground,./dat/objects.srv,UNPRIORITIZED,TODO,,,,MESH,NONE,NONE,NONE,
obj:1022,jungle grass,terrain,ground,./dat/objects.srv,UNPRIORITIZED,TODO,,,,SHARED_CANDIDATE:obj:1019,NONE,NONE,NONE,
obj:1023,jungle grass,terrain,ground,./dat/objects.srv,UNPRIORITIZED,TODO,,,,SHARED_CANDIDATE:obj:1019,NONE,NONE,NONE,
obj:1024,jungle grass,terrain,ground,./dat/objects.srv,UNPRIORITIZED,TODO,,,,SHARED_CANDIDATE:obj:1019,NONE,NONE,NONE,
obj:1025,jungle grass,terrain,ground,./dat/objects.srv,UNPRIORITIZED,TODO,,,,SHARED_CANDIDATE:obj:1019,NONE,NONE,NONE,
obj:1026,jungle grass,terrain,ground,./dat/objects.srv,UNPRIORITIZED,TODO,,,,SHARED_CANDIDATE:obj:1019,NONE,NONE,NONE,
obj:1027,jungle grass,terrain,ground,./dat/objects.srv,UNPRIORITIZED,TODO,,,,SHARED_CANDIDATE:obj:1019,NONE,NONE,NONE,
obj:1028,jungle grass,terrain,ground,./dat/objects.srv,UNPRIORITIZED,TODO,,,,SHARED_CANDIDATE:obj:1019,NONE,NONE,NONE,
obj:1029,jungle grass,terrain,ground,./dat/objects.srv,UNPRIORITIZED,TODO,,,,SHARED_CANDIDATE:obj:1019,NONE,NONE,NONE,
obj:1030,jungle grass,terrain,ground,./dat/objects.srv,UNPRIORITIZED,TODO,,,,SHARED_CANDIDATE:obj:1019,NONE,NONE,NONE,
obj:1031,jungle grass,terrain,ground,./dat/objects.srv,UNPRIORITIZED,TODO,,,,SHARED_CANDIDATE:obj:1019,NONE,NONE,NONE,
obj:1032,jungle grass,terrain,ground,./dat/objects.srv,UNPRIORITIZED,TODO,,,,SHARED_CANDIDATE:obj:1019,NONE,NONE,NONE,
obj:1033,jungle grass,terrain,ground,./dat/objects.srv,UNPRIORITIZED,TODO,,,,SHARED_CANDIDATE:obj:1019,NONE,NONE,NONE,
obj:1034,jungle grass,terrain,ground,./dat/objects.srv,UNPRIORITIZED,TODO,,,,SHARED_CANDIDATE:obj:1019,NONE,NONE,NONE,
obj:1035,jungle grass,terrain,ground,./dat/objects.srv,UNPRIORITIZED,TODO,,,,SHARED_CANDIDATE:obj:1019,NONE,NONE,NONE,
obj:1036,jungle grass,terrain,ground,./dat/objects.srv,UNPRIORITIZED,TODO,,,,SHARED_CANDIDATE:obj:1019,NONE,NONE,NONE,
obj:1037,jungle grass,terrain,ground,./dat/objects.srv,UNPRIORITIZED,TODO,,,,SHARED_CANDIDATE:obj:1019,NONE,NONE,NONE,
obj:1038,jungle grass,terrain,ground,./dat/objects.srv,UNPRIORITIZED,TODO,,,,SHARED_CANDIDATE:obj:1019,NONE,NONE,NONE,
obj:1039,jungle grass,terrain,ground,./dat/objects.srv,UNPRIORITIZED,TODO,,,,SHARED_CANDIDATE:obj:1019,NONE,NONE,NONE,
obj:1040,jungle grass,terrain,ground,./dat/objects.srv,UNPRIORITIZED,TODO,,,,SHARED_CANDIDATE:obj:1019,NONE,NONE,NONE,
obj:1041,jungle grass,terrain,ground,./dat/objects.srv,UNPRIORITIZED,TODO,,,,SHARED_CANDIDATE:obj:1019,NONE,NONE,NONE,
obj:1042,jungle grass,terrain,ground,./dat/objects.srv,UNPRIORITIZED,TODO,,,,SHARED_CANDIDATE:obj:1019,NONE,NONE,NONE,
obj:1043,jungle grass,terrain,ground,./dat/objects.srv,UNPRIORITIZED,TODO,,,,SHARED_CANDIDATE:obj:1019,NONE,NONE,NONE,
obj:1044,jungle grass,terrain,ground,./dat/objects.srv,UNPRIORITIZED,TODO,,,,SHARED_CANDIDATE:obj:1019,NONE,NONE,NONE,
obj:1045,jungle grass,terrain,ground,./dat/objects.srv,UNPRIORITIZED,TODO,,,,SHARED_CANDIDATE:obj:1019,NONE,NONE,NONE,
obj:1046,jungle grass,terrain,ground,./dat/objects.srv,UNPRIORITIZED,TODO,,,,SHARED_CANDIDATE:obj:1019,NONE,NONE,NONE,
obj:1047,jungle grass,terrain,ground,./dat/objects.srv,UNPRIORITIZED,TODO,,,,SHARED_CANDIDATE:obj:1019,NONE,NONE,NONE,
obj:1048,jungle grass ,terrain,ground,./dat/objects.srv,UNPRIORITIZED,TODO,,,,SHARED_CANDIDATE:obj:1019,NONE,NONE,NONE,
obj:1049,jungle grass,terrain,ground,./dat/objects.srv,UNPRIORITIZED,TODO,,,,SHARED_CANDIDATE:obj:1019,NONE,NONE,NONE,
obj:105,gravel,terrain,ground,./dat/objects.srv,UNPRIORITIZED,TODO,,,,MESH,NONE,NONE,NONE,
obj:1050,jungle grass,terrain,ground,./dat/objects.srv,UNPRIORITIZED,TODO,,,,SHARED_CANDIDATE:obj:1019,NONE,NONE,NONE,
obj:1051,jungle grass,terrain,ground,./dat/objects.srv,UNPRIORITIZED,TODO,,,,SHARED_CANDIDATE:obj:1019,NONE,NONE,NONE,
obj:1052,jungle grass,terrain,ground,./dat/objects.srv,UNPRIORITIZED,TODO,,,,SHARED_CANDIDATE:obj:1019,NONE,NONE,NONE,
obj:1053,jungle grass,terrain,ground,./dat/objects.srv,UNPRIORITIZED,TODO,,,,SHARED_CANDIDATE:obj:1019,NONE,NONE,NONE,
obj:107,rock soil,terrain,ground,./dat/objects.srv,UNPRIORITIZED,TODO,,,,MESH,NONE,NONE,NONE,
obj:1087,grass,terrain,ground,./dat/objects.srv,UNPRIORITIZED,TODO,,,,SHARED_CANDIDATE:obj:102,NONE,NONE,NONE,
obj:1088,grass,terrain,ground,./dat/objects.srv,UNPRIORITIZED,TODO,,,,SHARED_CANDIDATE:obj:102,NONE,NONE,NONE,
obj:1089,grass,terrain,ground,./dat/objects.srv,UNPRIORITIZED,TODO,,,,SHARED_CANDIDATE:obj:102,NONE,NONE,NONE,
obj:1090,grass,terrain,ground,./dat/objects.srv,UNPRIORITIZED,TODO,,,,SHARED_CANDIDATE:obj:102,NONE,NONE,NONE,
obj:1091,grass,terrain,ground,./dat/objects.srv,UNPRIORITIZED,TODO,,,,SHARED_CANDIDATE:obj:102,NONE,NONE,NONE,
obj:1092,grass,terrain,ground,./dat/objects.srv,UNPRIORITIZED,TODO,,,,SHARED_CANDIDATE:obj:102,NONE,NONE,NONE,
obj:1093,grass,terrain,ground,./dat/objects.srv,UNPRIORITIZED,TODO,,,,SHARED_CANDIDATE:obj:102,NONE,NONE,NONE,
obj:1094,grass,terrain,ground,./dat/objects.srv,UNPRIORITIZED,TODO,,,,SHARED_CANDIDATE:obj:102,NONE,NONE,NONE,
obj:1095,grass,terrain,ground,./dat/objects.srv,UNPRIORITIZED,TODO,,,,SHARED_CANDIDATE:obj:102,NONE,NONE,NONE,
obj:1096,grass,terrain,ground,./dat/objects.srv,UNPRIORITIZED,TODO,,,,SHARED_CANDIDATE:obj:102,NONE,NONE,NONE,
obj:1097,grass,terrain,ground,./dat/objects.srv,UNPRIORITIZED,TODO,,,,SHARED_CANDIDATE:obj:102,NONE,NONE,NONE,
obj:1098,grass,terrain,ground,./dat/objects.srv,UNPRIORITIZED,TODO,,,,SHARED_CANDIDATE:obj:102,NONE,NONE,NONE,
obj:110,grass,terrain,ground,./dat/objects.srv,UNPRIORITIZED,TODO,,,,SHARED_CANDIDATE:obj:102,NONE,NONE,NONE,
obj:111,grass,terrain,ground,./dat/objects.srv,UNPRIORITIZED,TODO,,,,SHARED_CANDIDATE:obj:102,NONE,NONE,NONE,
obj:112,grass,terrain,ground,./dat/objects.srv,UNPRIORITIZED,TODO,,,,SHARED_CANDIDATE:obj:102,NONE,NONE,NONE,
obj:113,grass,terrain,ground,./dat/objects.srv,UNPRIORITIZED,TODO,,,,SHARED_CANDIDATE:obj:102,NONE,NONE,NONE,
obj:114,grass,terrain,ground,./dat/objects.srv,UNPRIORITIZED,TODO,,,,SHARED_CANDIDATE:obj:102,NONE,NONE,NONE,
obj:115,grass,terrain,ground,./dat/objects.srv,UNPRIORITIZED,TODO,,,,SHARED_CANDIDATE:obj:102,NONE,NONE,NONE,
obj:116,grass,terrain,ground,./dat/objects.srv,UNPRIORITIZED,TODO,,,,SHARED_CANDIDATE:obj:102,NONE,NONE,NONE,
obj:117,grass,terrain,ground,./dat/objects.srv,UNPRIORITIZED,TODO,,,,SHARED_CANDIDATE:obj:102,NONE,NONE,NONE,
obj:118,grass,terrain,ground,./dat/objects.srv,UNPRIORITIZED,TODO,,,,SHARED_CANDIDATE:obj:102,NONE,NONE,NONE,
obj:119,grass,terrain,ground,./dat/objects.srv,UNPRIORITIZED,TODO,,,,SHARED_CANDIDATE:obj:102,NONE,NONE,NONE,
obj:120,grass,terrain,ground,./dat/objects.srv,UNPRIORITIZED,TODO,,,,SHARED_CANDIDATE:obj:102,NONE,NONE,NONE,
obj:121,grass,terrain,ground,./dat/objects.srv,UNPRIORITIZED,TODO,,,,SHARED_CANDIDATE:obj:102,NONE,NONE,NONE,
obj:122,sand,terrain,ground,./dat/objects.srv,UNPRIORITIZED,TODO,,,,SHARED_CANDIDATE:obj:104,NONE,NONE,NONE,
obj:123,sand,terrain,ground,./dat/objects.srv,UNPRIORITIZED,TODO,,,,SHARED_CANDIDATE:obj:104,NONE,NONE,NONE,
obj:124,sand,terrain,ground,./dat/objects.srv,UNPRIORITIZED,TODO,,,,SHARED_CANDIDATE:obj:104,NONE,NONE,NONE,
obj:125,sand,terrain,ground,./dat/objects.srv,UNPRIORITIZED,TODO,,,,SHARED_CANDIDATE:obj:104,NONE,NONE,NONE,
obj:126,sand,terrain,ground,./dat/objects.srv,UNPRIORITIZED,TODO,,,,SHARED_CANDIDATE:obj:104,NONE,NONE,NONE,
obj:127,sand,terrain,ground,./dat/objects.srv,UNPRIORITIZED,TODO,,,,SHARED_CANDIDATE:obj:104,NONE,NONE,NONE,
obj:128,sand,terrain,ground,./dat/objects.srv,UNPRIORITIZED,TODO,,,,SHARED_CANDIDATE:obj:104,NONE,NONE,NONE,
obj:129,sand,terrain,ground,./dat/objects.srv,UNPRIORITIZED,TODO,,,,SHARED_CANDIDATE:obj:104,NONE,NONE,NONE,
obj:130,sand,terrain,ground,./dat/objects.srv,UNPRIORITIZED,TODO,,,,SHARED_CANDIDATE:obj:104,NONE,NONE,NONE,
obj:131,sand,terrain,ground,./dat/objects.srv,UNPRIORITIZED,TODO,,,,SHARED_CANDIDATE:obj:104,NONE,NONE,NONE,
obj:132,sand,terrain,ground,./dat/objects.srv,UNPRIORITIZED,TODO,,,,SHARED_CANDIDATE:obj:104,NONE,NONE,NONE,
obj:133,sand,terrain,ground,./dat/objects.srv,UNPRIORITIZED,TODO,,,,SHARED_CANDIDATE:obj:104,NONE,NONE,NONE,
obj:134,dirt,terrain,ground,./dat/objects.srv,UNPRIORITIZED,TODO,,,,SHARED_CANDIDATE:obj:103,NONE,NONE,NONE,
obj:135,dirt,terrain,ground,./dat/objects.srv,UNPRIORITIZED,TODO,,,,SHARED_CANDIDATE:obj:103,NONE,NONE,NONE,
obj:136,dirt,terrain,ground,./dat/objects.srv,UNPRIORITIZED,TODO,,,,SHARED_CANDIDATE:obj:103,NONE,NONE,NONE,
obj:137,dirt,terrain,ground,./dat/objects.srv,UNPRIORITIZED,TODO,,,,SHARED_CANDIDATE:obj:103,NONE,NONE,NONE,
obj:138,dirt,terrain,ground,./dat/objects.srv,UNPRIORITIZED,TODO,,,,SHARED_CANDIDATE:obj:103,NONE,NONE,NONE,
obj:139,dirt,terrain,ground,./dat/objects.srv,UNPRIORITIZED,TODO,,,,SHARED_CANDIDATE:obj:103,NONE,NONE,NONE,
obj:140,dirt,terrain,ground,./dat/objects.srv,UNPRIORITIZED,TODO,,,,SHARED_CANDIDATE:obj:103,NONE,NONE,NONE,
obj:141,dirt,terrain,ground,./dat/objects.srv,UNPRIORITIZED,TODO,,,,SHARED_CANDIDATE:obj:103,NONE,NONE,NONE,
obj:142,dirt,terrain,ground,./dat/objects.srv,UNPRIORITIZED,TODO,,,,SHARED_CANDIDATE:obj:103,NONE,NONE,NONE,
obj:143,dirt,terrain,ground,./dat/objects.srv,UNPRIORITIZED,TODO,,,,SHARED_CANDIDATE:obj:103,NONE,NONE,NONE,
obj:144,dirt,terrain,ground,./dat/objects.srv,UNPRIORITIZED,TODO,,,,SHARED_CANDIDATE:obj:103,NONE,NONE,NONE,
obj:145,dirt,terrain,ground,./dat/objects.srv,UNPRIORITIZED,TODO,,,,SHARED_CANDIDATE:obj:103,NONE,NONE,NONE,
obj:146,gravel,terrain,ground,./dat/objects.srv,UNPRIORITIZED,TODO,,,,SHARED_CANDIDATE:obj:105,NONE,NONE,NONE,
obj:147,gravel,terrain,ground,./dat/objects.srv,UNPRIORITIZED,TODO,,,,SHARED_CANDIDATE:obj:105,NONE,NONE,NONE,
obj:148,gravel,terrain,ground,./dat/objects.srv,UNPRIORITIZED,TODO,,,,SHARED_CANDIDATE:obj:105,NONE,NONE,NONE,
obj:149,gravel,terrain,ground,./dat/objects.srv,UNPRIORITIZED,TODO,,,,SHARED_CANDIDATE:obj:105,NONE,NONE,NONE,
obj:150,gravel,terrain,ground,./dat/objects.srv,UNPRIORITIZED,TODO,,,,SHARED_CANDIDATE:obj:105,NONE,NONE,NONE,
obj:151,gravel,terrain,ground,./dat/objects.srv,UNPRIORITIZED,TODO,,,,SHARED_CANDIDATE:obj:105,NONE,NONE,NONE,
obj:152,gravel,terrain,ground,./dat/objects.srv,UNPRIORITIZED,TODO,,,,SHARED_CANDIDATE:obj:105,NONE,NONE,NONE,
obj:153,gravel,terrain,ground,./dat/objects.srv,UNPRIORITIZED,TODO,,,,SHARED_CANDIDATE:obj:105,NONE,NONE,NONE,
obj:154,gravel,terrain,ground,./dat/objects.srv,UNPRIORITIZED,TODO,,,,SHARED_CANDIDATE:obj:105,NONE,NONE,NONE,
obj:155,gravel,terrain,ground,./dat/objects.srv,UNPRIORITIZED,TODO,,,,SHARED_CANDIDATE:obj:105,NONE,NONE,NONE,
obj:156,gravel,terrain,ground,./dat/objects.srv,UNPRIORITIZED,TODO,,,,SHARED_CANDIDATE:obj:105,NONE,NONE,NONE,
obj:157,gravel,terrain,ground,./dat/objects.srv,UNPRIORITIZED,TODO,,,,SHARED_CANDIDATE:obj:105,NONE,NONE,NONE,
obj:158,gravel,terrain,ground,./dat/objects.srv,UNPRIORITIZED,TODO,,,,SHARED_CANDIDATE:obj:105,NONE,NONE,NONE,
obj:159,gravel,terrain,ground,./dat/objects.srv,UNPRIORITIZED,TODO,,,,SHARED_CANDIDATE:obj:105,NONE,NONE,NONE,
obj:160,gravel,terrain,ground,./dat/objects.srv,UNPRIORITIZED,TODO,,,,SHARED_CANDIDATE:obj:105,NONE,NONE,NONE,
obj:161,gravel,terrain,ground,./dat/objects.srv,UNPRIORITIZED,TODO,,,,SHARED_CANDIDATE:obj:105,NONE,NONE,NONE,
obj:162,gravel,terrain,ground,./dat/objects.srv,UNPRIORITIZED,TODO,,,,SHARED_CANDIDATE:obj:105,NONE,NONE,NONE,
obj:163,gravel,terrain,ground,./dat/objects.srv,UNPRIORITIZED,TODO,,,,SHARED_CANDIDATE:obj:105,NONE,NONE,NONE,
obj:164,gravel,terrain,ground,./dat/objects.srv,UNPRIORITIZED,TODO,,,,SHARED_CANDIDATE:obj:105,NONE,NONE,NONE,
obj:165,gravel,terrain,ground,./dat/objects.srv,UNPRIORITIZED,TODO,,,,SHARED_CANDIDATE:obj:105,NONE,NONE,NONE,
obj:166,gravel,terrain,ground,./dat/objects.srv,UNPRIORITIZED,TODO,,,,SHARED_CANDIDATE:obj:105,NONE,NONE,NONE,
obj:167,gravel,terrain,ground,./dat/objects.srv,UNPRIORITIZED,TODO,,,,SHARED_CANDIDATE:obj:105,NONE,NONE,NONE,
obj:168,gravel,terrain,ground,./dat/objects.srv,UNPRIORITIZED,TODO,,,,SHARED_CANDIDATE:obj:105,NONE,NONE,NONE,
obj:169,gravel,terrain,ground,./dat/objects.srv,UNPRIORITIZED,TODO,,,,SHARED_CANDIDATE:obj:105,NONE,NONE,NONE,
obj:170,rock soil,terrain,ground,./dat/objects.srv,UNPRIORITIZED,TODO,,,,SHARED_CANDIDATE:obj:107,NONE,NONE,NONE,
obj:1700,water,terrain,ground,./dat/objects.srv,UNPRIORITIZED,TODO,,,,SHARED_CANDIDATE:obj:635,NONE,NONE,NONE,
obj:1701,water,terrain,ground,./dat/objects.srv,UNPRIORITIZED,TODO,,,,SHARED_CANDIDATE:obj:635,NONE,NONE,NONE,
obj:1702,water,terrain,ground,./dat/objects.srv,UNPRIORITIZED,TODO,,,,SHARED_CANDIDATE:obj:635,NONE,NONE,NONE,
obj:1703,water,terrain,ground,./dat/objects.srv,UNPRIORITIZED,TODO,,,,SHARED_CANDIDATE:obj:635,NONE,NONE,NONE,
obj:1704,water,terrain,ground,./dat/objects.srv,UNPRIORITIZED,TODO,,,,SHARED_CANDIDATE:obj:635,NONE,NONE,NONE,
obj:1705,water,terrain,ground,./dat/objects.srv,UNPRIORITIZED,TODO,,,,SHARED_CANDIDATE:obj:635,NONE,NONE,NONE,
obj:1706,water,terrain,ground,./dat/objects.srv,UNPRIORITIZED,TODO,,,,SHARED_CANDIDATE:obj:635,NONE,NONE,NONE,
obj:1707,water,terrain,ground,./dat/objects.srv,UNPRIORITIZED,TODO,,,,SHARED_CANDIDATE:obj:635,NONE,NONE,NONE,
obj:1708,water,terrain,ground,./dat/objects.srv,UNPRIORITIZED,TODO,,,,SHARED_CANDIDATE:obj:635,NONE,NONE,NONE,
obj:1709,water,terrain,ground,./dat/objects.srv,UNPRIORITIZED,TODO,,,,SHARED_CANDIDATE:obj:635,NONE,NONE,NONE,
obj:171,rock soil,terrain,ground,./dat/objects.srv,UNPRIORITIZED,TODO,,,,SHARED_CANDIDATE:obj:107,NONE,NONE,NONE,
obj:1710,water,terrain,ground,./dat/objects.srv,UNPRIORITIZED,TODO,,,,SHARED_CANDIDATE:obj:635,NONE,NONE,NONE,
obj:1711,water,terrain,ground,./dat/objects.srv,UNPRIORITIZED,TODO,,,,SHARED_CANDIDATE:obj:635,NONE,NONE,NONE,
obj:1712,water,terrain,ground,./dat/objects.srv,UNPRIORITIZED,TODO,,,,SHARED_CANDIDATE:obj:635,NONE,NONE,NONE,
obj:1713,water,terrain,ground,./dat/objects.srv,UNPRIORITIZED,TODO,,,,SHARED_CANDIDATE:obj:635,NONE,NONE,NONE,
obj:1714,water,terrain,ground,./dat/objects.srv,UNPRIORITIZED,TODO,,,,SHARED_CANDIDATE:obj:635,NONE,NONE,NONE,
obj:1715,water,terrain,ground,./dat/objects.srv,UNPRIORITIZED,TODO,,,,SHARED_CANDIDATE:obj:635,NONE,NONE,NONE,
obj:1719,a waterfall,terrain,border,./dat/objects.srv,UNPRIORITIZED,TODO,,,,SHARED_CANDIDATE:obj:1718,NONE,NONE,NONE,
obj:172,rock soil,terrain,ground,./dat/objects.srv,UNPRIORITIZED,TODO,,,,SHARED_CANDIDATE:obj:107,NONE,NONE,NONE,
obj:1721,a waterfall,terrain,border,./dat/objects.srv,UNPRIORITIZED,TODO,,,,SHARED_CANDIDATE:obj:1718,NONE,NONE,NONE,
obj:1722,swamp,terrain,ground,./dat/objects.srv,UNPRIORITIZED,TODO,,,,SHARED_CANDIDATE:obj:659,NONE,NONE,NONE,
obj:1723,swamp,terrain,ground,./dat/objects.srv,UNPRIORITIZED,TODO,,,,SHARED_CANDIDATE:obj:659,NONE,NONE,NONE,
obj:1724,swamp,terrain,ground,./dat/objects.srv,UNPRIORITIZED,TODO,,,,SHARED_CANDIDATE:obj:659,NONE,NONE,NONE,
obj:1725,swamp,terrain,ground,./dat/objects.srv,UNPRIORITIZED,TODO,,,,SHARED_CANDIDATE:obj:659,NONE,NONE,NONE,
obj:1726,swamp,terrain,ground,./dat/objects.srv,UNPRIORITIZED,TODO,,,,SHARED_CANDIDATE:obj:659,NONE,NONE,NONE,
obj:1727,swamp,terrain,ground,./dat/objects.srv,UNPRIORITIZED,TODO,,,,SHARED_CANDIDATE:obj:659,NONE,NONE,NONE,
obj:1728,swamp,terrain,ground,./dat/objects.srv,UNPRIORITIZED,TODO,,,,SHARED_CANDIDATE:obj:659,NONE,NONE,NONE,
obj:1729,swamp,terrain,ground,./dat/objects.srv,UNPRIORITIZED,TODO,,,,SHARED_CANDIDATE:obj:659,NONE,NONE,NONE,
obj:173,rock soil,terrain,ground,./dat/objects.srv,UNPRIORITIZED,TODO,,,,SHARED_CANDIDATE:obj:107,NONE,NONE,NONE,
obj:1730,swamp,terrain,ground,./dat/objects.srv,UNPRIORITIZED,TODO,,,,SHARED_CANDIDATE:obj:659,NONE,NONE,NONE,
obj:1731,swamp,terrain,ground,./dat/objects.srv,UNPRIORITIZED,TODO,,,,SHARED_CANDIDATE:obj:659,NONE,NONE,NONE,
obj:1732,swamp,terrain,ground,./dat/objects.srv,UNPRIORITIZED,TODO,,,,SHARED_CANDIDATE:obj:659,NONE,NONE,NONE,
obj:1733,swamp,terrain,ground,./dat/objects.srv,UNPRIORITIZED,TODO,,,,SHARED_CANDIDATE:obj:659,NONE,NONE,NONE,
obj:174,rock soil,terrain,ground,./dat/objects.srv,UNPRIORITIZED,TODO,,,,SHARED_CANDIDATE:obj:107,NONE,NONE,NONE,
obj:175,rock soil,terrain,ground,./dat/objects.srv,UNPRIORITIZED,TODO,,,,SHARED_CANDIDATE:obj:107,NONE,NONE,NONE,
obj:176,rock soil,terrain,ground,./dat/objects.srv,UNPRIORITIZED,TODO,,,,SHARED_CANDIDATE:obj:107,NONE,NONE,NONE,
obj:177,rock soil,terrain,ground,./dat/objects.srv,UNPRIORITIZED,TODO,,,,SHARED_CANDIDATE:obj:107,NONE,NONE,NONE,
obj:178,rock soil,terrain,ground,./dat/objects.srv,UNPRIORITIZED,TODO,,,,SHARED_CANDIDATE:obj:107,NONE,NONE,NONE,
obj:179,rock soil,terrain,ground,./dat/objects.srv,UNPRIORITIZED,TODO,,,,SHARED_CANDIDATE:obj:107,NONE,NONE,NONE,
obj:180,rock soil,terrain,ground,./dat/objects.srv,UNPRIORITIZED,TODO,,,,SHARED_CANDIDATE:obj:107,NONE,NONE,NONE,
obj:181,rock soil,terrain,ground,./dat/objects.srv,UNPRIORITIZED,TODO,,,,SHARED_CANDIDATE:obj:107,NONE,NONE,NONE,
obj:182,grass,terrain,ground,./dat/objects.srv,UNPRIORITIZED,TODO,,,,SHARED_CANDIDATE:obj:102,NONE,NONE,NONE,
obj:183,grass,terrain,ground,./dat/objects.srv,UNPRIORITIZED,TODO,,,,SHARED_CANDIDATE:obj:102,NONE,NONE,NONE,
obj:184,grass,terrain,ground,./dat/objects.srv,UNPRIORITIZED,TODO,,,,SHARED_CANDIDATE:obj:102,NONE,NONE,NONE,
obj:185,grass,terrain,ground,./dat/objects.srv,UNPRIORITIZED,TODO,,,,SHARED_CANDIDATE:obj:102,NONE,NONE,NONE,
obj:186,grass,terrain,ground,./dat/objects.srv,UNPRIORITIZED,TODO,,,,SHARED_CANDIDATE:obj:102,NONE,NONE,NONE,
obj:187,grass,terrain,ground,./dat/objects.srv,UNPRIORITIZED,TODO,,,,SHARED_CANDIDATE:obj:102,NONE,NONE,NONE,
obj:188,grass,terrain,ground,./dat/objects.srv,UNPRIORITIZED,TODO,,,,SHARED_CANDIDATE:obj:102,NONE,NONE,NONE,
obj:189,grass,terrain,ground,./dat/objects.srv,UNPRIORITIZED,TODO,,,,SHARED_CANDIDATE:obj:102,NONE,NONE,NONE,
obj:190,dirt,terrain,ground,./dat/objects.srv,UNPRIORITIZED,TODO,,,,SHARED_CANDIDATE:obj:103,NONE,NONE,NONE,
obj:191,dirt,terrain,ground,./dat/objects.srv,UNPRIORITIZED,TODO,,,,SHARED_CANDIDATE:obj:103,NONE,NONE,NONE,
obj:192,dirt,terrain,ground,./dat/objects.srv,UNPRIORITIZED,TODO,,,,SHARED_CANDIDATE:obj:103,NONE,NONE,NONE,
obj:193,dirt,terrain,ground,./dat/objects.srv,UNPRIORITIZED,TODO,,,,SHARED_CANDIDATE:obj:103,NONE,NONE,NONE,
obj:195,grass,terrain,ground,./dat/objects.srv,UNPRIORITIZED,TODO,,,,SHARED_CANDIDATE:obj:102,NONE,NONE,NONE,
obj:196,grass,terrain,ground,./dat/objects.srv,UNPRIORITIZED,TODO,,,,SHARED_CANDIDATE:obj:102,NONE,NONE,NONE,
obj:197,grass,terrain,ground,./dat/objects.srv,UNPRIORITIZED,TODO,,,,SHARED_CANDIDATE:obj:102,NONE,NONE,NONE,
obj:198,grass,terrain,ground,./dat/objects.srv,UNPRIORITIZED,TODO,,,,SHARED_CANDIDATE:obj:102,NONE,NONE,NONE,
obj:199,grass,terrain,ground,./dat/objects.srv,UNPRIORITIZED,TODO,,,,SHARED_CANDIDATE:obj:102,NONE,NONE,NONE,
obj:200,grass,terrain,ground,./dat/objects.srv,UNPRIORITIZED,TODO,,,,SHARED_CANDIDATE:obj:102,NONE,NONE,NONE,
obj:201,grass,terrain,ground,./dat/objects.srv,UNPRIORITIZED,TODO,,,,SHARED_CANDIDATE:obj:102,NONE,NONE,NONE,
obj:202,grass,terrain,ground,./dat/objects.srv,UNPRIORITIZED,TODO,,,,SHARED_CANDIDATE:obj:102,NONE,NONE,NONE,
obj:203,grass,terrain,ground,./dat/objects.srv,UNPRIORITIZED,TODO,,,,SHARED_CANDIDATE:obj:102,NONE,NONE,NONE,
obj:204,grass,terrain,ground,./dat/objects.srv,UNPRIORITIZED,TODO,,,,SHARED_CANDIDATE:obj:102,NONE,NONE,NONE,
obj:205,grass,terrain,ground,./dat/objects.srv,UNPRIORITIZED,TODO,,,,SHARED_CANDIDATE:obj:102,NONE,NONE,NONE,
obj:206,grass,terrain,ground,./dat/objects.srv,UNPRIORITIZED,TODO,,,,SHARED_CANDIDATE:obj:102,NONE,NONE,NONE,
obj:207,gravel,terrain,ground,./dat/objects.srv,UNPRIORITIZED,TODO,,,,SHARED_CANDIDATE:obj:105,NONE,NONE,NONE,
obj:208,gravel,terrain,ground,./dat/objects.srv,UNPRIORITIZED,TODO,,,,SHARED_CANDIDATE:obj:105,NONE,NONE,NONE,
obj:209,gravel,terrain,ground,./dat/objects.srv,UNPRIORITIZED,TODO,,,,SHARED_CANDIDATE:obj:105,NONE,NONE,NONE,
obj:210,gravel,terrain,ground,./dat/objects.srv,UNPRIORITIZED,TODO,,,,SHARED_CANDIDATE:obj:105,NONE,NONE,NONE,
obj:211,gravel,terrain,ground,./dat/objects.srv,UNPRIORITIZED,TODO,,,,SHARED_CANDIDATE:obj:105,NONE,NONE,NONE,
obj:212,gravel,terrain,ground,./dat/objects.srv,UNPRIORITIZED,TODO,,,,SHARED_CANDIDATE:obj:105,NONE,NONE,NONE,
obj:213,gravel,terrain,ground,./dat/objects.srv,UNPRIORITIZED,TODO,,,,SHARED_CANDIDATE:obj:105,NONE,NONE,NONE,
obj:214,gravel,terrain,ground,./dat/objects.srv,UNPRIORITIZED,TODO,,,,SHARED_CANDIDATE:obj:105,NONE,NONE,NONE,
obj:215,gravel,terrain,ground,./dat/objects.srv,UNPRIORITIZED,TODO,,,,SHARED_CANDIDATE:obj:105,NONE,NONE,NONE,
obj:216,gravel,terrain,ground,./dat/objects.srv,UNPRIORITIZED,TODO,,,,SHARED_CANDIDATE:obj:105,NONE,NONE,NONE,
obj:217,gravel,terrain,ground,./dat/objects.srv,UNPRIORITIZED,TODO,,,,SHARED_CANDIDATE:obj:105,NONE,NONE,NONE,
obj:218,gravel,terrain,ground,./dat/objects.srv,UNPRIORITIZED,TODO,,,,SHARED_CANDIDATE:obj:105,NONE,NONE,NONE,
obj:219,grass,terrain,ground,./dat/objects.srv,UNPRIORITIZED,TODO,,,,SHARED_CANDIDATE:obj:102,NONE,NONE,NONE,
obj:220,grass,terrain,ground,./dat/objects.srv,UNPRIORITIZED,TODO,,,,SHARED_CANDIDATE:obj:102,NONE,NONE,NONE,
obj:221,grass,terrain,ground,./dat/objects.srv,UNPRIORITIZED,TODO,,,,SHARED_CANDIDATE:obj:102,NONE,NONE,NONE,
obj:222,grass,terrain,ground,./dat/objects.srv,UNPRIORITIZED,TODO,,,,SHARED_CANDIDATE:obj:102,NONE,NONE,NONE,
obj:223,grass,terrain,ground,./dat/objects.srv,UNPRIORITIZED,TODO,,,,SHARED_CANDIDATE:obj:102,NONE,NONE,NONE,
obj:224,grass,terrain,ground,./dat/objects.srv,UNPRIORITIZED,TODO,,,,SHARED_CANDIDATE:obj:102,NONE,NONE,NONE,
obj:225,grass,terrain,ground,./dat/objects.srv,UNPRIORITIZED,TODO,,,,SHARED_CANDIDATE:obj:102,NONE,NONE,NONE,
obj:226,grass,terrain,ground,./dat/objects.srv,UNPRIORITIZED,TODO,,,,SHARED_CANDIDATE:obj:102,NONE,NONE,NONE,
obj:227,grass,terrain,ground,./dat/objects.srv,UNPRIORITIZED,TODO,,,,SHARED_CANDIDATE:obj:102,NONE,NONE,NONE,
obj:228,grass,terrain,ground,./dat/objects.srv,UNPRIORITIZED,TODO,,,,SHARED_CANDIDATE:obj:102,NONE,NONE,NONE,
obj:229,grass,terrain,ground,./dat/objects.srv,UNPRIORITIZED,TODO,,,,SHARED_CANDIDATE:obj:102,NONE,NONE,NONE,
obj:230,grass,terrain,ground,./dat/objects.srv,UNPRIORITIZED,TODO,,,,SHARED_CANDIDATE:obj:102,NONE,NONE,NONE,
obj:232,sand,terrain,ground,./dat/objects.srv,UNPRIORITIZED,TODO,,,,SHARED_CANDIDATE:obj:104,NONE,NONE,NONE,
obj:233,sand,terrain,ground,./dat/objects.srv,UNPRIORITIZED,TODO,,,,SHARED_CANDIDATE:obj:104,NONE,NONE,NONE,
obj:234,sand,terrain,ground,./dat/objects.srv,UNPRIORITIZED,TODO,,,,SHARED_CANDIDATE:obj:104,NONE,NONE,NONE,
obj:235,sand,terrain,ground,./dat/objects.srv,UNPRIORITIZED,TODO,,,,SHARED_CANDIDATE:obj:104,NONE,NONE,NONE,
obj:236,sand,terrain,ground,./dat/objects.srv,UNPRIORITIZED,TODO,,,,SHARED_CANDIDATE:obj:104,NONE,NONE,NONE,
obj:237,sand,terrain,ground,./dat/objects.srv,UNPRIORITIZED,TODO,,,,SHARED_CANDIDATE:obj:104,NONE,NONE,NONE,
obj:238,sand,terrain,ground,./dat/objects.srv,UNPRIORITIZED,TODO,,,,SHARED_CANDIDATE:obj:104,NONE,NONE,NONE,
obj:239,sand,terrain,ground,./dat/objects.srv,UNPRIORITIZED,TODO,,,,SHARED_CANDIDATE:obj:104,NONE,NONE,NONE,
obj:240,sand,terrain,ground,./dat/objects.srv,UNPRIORITIZED,TODO,,,,SHARED_CANDIDATE:obj:104,NONE,NONE,NONE,
obj:241,sand,terrain,ground,./dat/objects.srv,UNPRIORITIZED,TODO,,,,SHARED_CANDIDATE:obj:104,NONE,NONE,NONE,
obj:242,sand,terrain,ground,./dat/objects.srv,UNPRIORITIZED,TODO,,,,SHARED_CANDIDATE:obj:104,NONE,NONE,NONE,
obj:243,sand,terrain,ground,./dat/objects.srv,UNPRIORITIZED,TODO,,,,SHARED_CANDIDATE:obj:104,NONE,NONE,NONE,
obj:244,rock soil,terrain,ground,./dat/objects.srv,UNPRIORITIZED,TODO,,,,SHARED_CANDIDATE:obj:107,NONE,NONE,NONE,
obj:245,rock soil,terrain,ground,./dat/objects.srv,UNPRIORITIZED,TODO,,,,SHARED_CANDIDATE:obj:107,NONE,NONE,NONE,
obj:246,rock soil,terrain,ground,./dat/objects.srv,UNPRIORITIZED,TODO,,,,SHARED_CANDIDATE:obj:107,NONE,NONE,NONE,
obj:247,rock soil,terrain,ground,./dat/objects.srv,UNPRIORITIZED,TODO,,,,SHARED_CANDIDATE:obj:107,NONE,NONE,NONE,
obj:248,rock soil,terrain,ground,./dat/objects.srv,UNPRIORITIZED,TODO,,,,SHARED_CANDIDATE:obj:107,NONE,NONE,NONE,
obj:249,rock soil,terrain,ground,./dat/objects.srv,UNPRIORITIZED,TODO,,,,SHARED_CANDIDATE:obj:107,NONE,NONE,NONE,
obj:250,rock soil,terrain,ground,./dat/objects.srv,UNPRIORITIZED,TODO,,,,SHARED_CANDIDATE:obj:107,NONE,NONE,NONE,
obj:251,rock soil,terrain,ground,./dat/objects.srv,UNPRIORITIZED,TODO,,,,SHARED_CANDIDATE:obj:107,NONE,NONE,NONE,
obj:252,rock soil,terrain,ground,./dat/objects.srv,UNPRIORITIZED,TODO,,,,SHARED_CANDIDATE:obj:107,NONE,NONE,NONE,
obj:253,rock soil,terrain,ground,./dat/objects.srv,UNPRIORITIZED,TODO,,,,SHARED_CANDIDATE:obj:107,NONE,NONE,NONE,
obj:254,rock soil,terrain,ground,./dat/objects.srv,UNPRIORITIZED,TODO,,,,SHARED_CANDIDATE:obj:107,NONE,NONE,NONE,
obj:255,rock soil,terrain,ground,./dat/objects.srv,UNPRIORITIZED,TODO,,,,SHARED_CANDIDATE:obj:107,NONE,NONE,NONE,
obj:256,rock soil,terrain,ground,./dat/objects.srv,UNPRIORITIZED,TODO,,,,SHARED_CANDIDATE:obj:107,NONE,NONE,NONE,
obj:257,rock soil,terrain,ground,./dat/objects.srv,UNPRIORITIZED,TODO,,,,SHARED_CANDIDATE:obj:107,NONE,NONE,NONE,
obj:258,rock soil,terrain,ground,./dat/objects.srv,UNPRIORITIZED,TODO,,,,SHARED_CANDIDATE:obj:107,NONE,NONE,NONE,
obj:259,rock soil,terrain,ground,./dat/objects.srv,UNPRIORITIZED,TODO,,,,SHARED_CANDIDATE:obj:107,NONE,NONE,NONE,
obj:2591,a polar bear fur,terrain,border,./dat/objects.srv,UNPRIORITIZED,TODO,,,,MESH,NONE,NONE,NONE,
obj:2592,a polar bear fur,terrain,border,./dat/objects.srv,UNPRIORITIZED,TODO,,,,SHARED_CANDIDATE:obj:2591,NONE,NONE,NONE,
obj:2593,a polar bear fur,terrain,border,./dat/objects.srv,UNPRIORITIZED,TODO,,,,SHARED_CANDIDATE:obj:2591,NONE,NONE,NONE,
obj:2594,a polar bear fur,terrain,border,./dat/objects.srv,UNPRIORITIZED,TODO,,,,SHARED_CANDIDATE:obj:2591,NONE,NONE,NONE,
obj:260,rock soil,terrain,ground,./dat/objects.srv,UNPRIORITIZED,TODO,,,,SHARED_CANDIDATE:obj:107,NONE,NONE,NONE,
obj:261,rock soil,terrain,ground,./dat/objects.srv,UNPRIORITIZED,TODO,,,,SHARED_CANDIDATE:obj:107,NONE,NONE,NONE,
obj:262,rock soil,terrain,ground,./dat/objects.srv,UNPRIORITIZED,TODO,,,,SHARED_CANDIDATE:obj:107,NONE,NONE,NONE,
obj:263,rock soil,terrain,ground,./dat/objects.srv,UNPRIORITIZED,TODO,,,,SHARED_CANDIDATE:obj:107,NONE,NONE,NONE,
obj:264,rock soil,terrain,ground,./dat/objects.srv,UNPRIORITIZED,TODO,,,,SHARED_CANDIDATE:obj:107,NONE,NONE,NONE,
obj:265,rock soil,terrain,ground,./dat/objects.srv,UNPRIORITIZED,TODO,,,,SHARED_CANDIDATE:obj:107,NONE,NONE,NONE,
obj:266,rock soil,terrain,ground,./dat/objects.srv,UNPRIORITIZED,TODO,,,,SHARED_CANDIDATE:obj:107,NONE,NONE,NONE,
obj:267,rock soil,terrain,ground,./dat/objects.srv,UNPRIORITIZED,TODO,,,,SHARED_CANDIDATE:obj:107,NONE,NONE,NONE,
obj:268,grass,terrain,ground,./dat/objects.srv,UNPRIORITIZED,TODO,,,,SHARED_CANDIDATE:obj:102,NONE,NONE,NONE,
obj:269,grass,terrain,ground,./dat/objects.srv,UNPRIORITIZED,TODO,,,,SHARED_CANDIDATE:obj:102,NONE,NONE,NONE,
obj:270,grass,terrain,ground,./dat/objects.srv,UNPRIORITIZED,TODO,,,,SHARED_CANDIDATE:obj:102,NONE,NONE,NONE,
obj:271,grass,terrain,ground,./dat/objects.srv,UNPRIORITIZED,TODO,,,,SHARED_CANDIDATE:obj:102,NONE,NONE,NONE,
obj:272,grass,terrain,ground,./dat/objects.srv,UNPRIORITIZED,TODO,,,,SHARED_CANDIDATE:obj:102,NONE,NONE,NONE,
obj:273,grass,terrain,ground,./dat/objects.srv,UNPRIORITIZED,TODO,,,,SHARED_CANDIDATE:obj:102,NONE,NONE,NONE,
obj:274,grass,terrain,ground,./dat/objects.srv,UNPRIORITIZED,TODO,,,,SHARED_CANDIDATE:obj:102,NONE,NONE,NONE,
obj:275,grass,terrain,ground,./dat/objects.srv,UNPRIORITIZED,TODO,,,,SHARED_CANDIDATE:obj:102,NONE,NONE,NONE,
obj:276,grass,terrain,ground,./dat/objects.srv,UNPRIORITIZED,TODO,,,,SHARED_CANDIDATE:obj:102,NONE,NONE,NONE,
obj:277,grass,terrain,ground,./dat/objects.srv,UNPRIORITIZED,TODO,,,,SHARED_CANDIDATE:obj:102,NONE,NONE,NONE,
obj:278,grass,terrain,ground,./dat/objects.srv,UNPRIORITIZED,TODO,,,,SHARED_CANDIDATE:obj:102,NONE,NONE,NONE,
obj:279,grass,terrain,ground,./dat/objects.srv,UNPRIORITIZED,TODO,,,,SHARED_CANDIDATE:obj:102,NONE,NONE,NONE,
obj:281,grass,terrain,ground,./dat/objects.srv,UNPRIORITIZED,TODO,,,,SHARED_CANDIDATE:obj:102,NONE,NONE,NONE,
obj:282,grass,terrain,ground,./dat/objects.srv,UNPRIORITIZED,TODO,,,,SHARED_CANDIDATE:obj:102,NONE,NONE,NONE,
obj:283,grass,terrain,ground,./dat/objects.srv,UNPRIORITIZED,TODO,,,,SHARED_CANDIDATE:obj:102,NONE,NONE,NONE,
obj:284,grass,terrain,ground,./dat/objects.srv,UNPRIORITIZED,TODO,,,,SHARED_CANDIDATE:obj:102,NONE,NONE,NONE,
obj:285,grass,terrain,ground,./dat/objects.srv,UNPRIORITIZED,TODO,,,,SHARED_CANDIDATE:obj:102,NONE,NONE,NONE,
obj:286,grass,terrain,ground,./dat/objects.srv,UNPRIORITIZED,TODO,,,,SHARED_CANDIDATE:obj:102,NONE,NONE,NONE,
obj:287,grass,terrain,ground,./dat/objects.srv,UNPRIORITIZED,TODO,,,,SHARED_CANDIDATE:obj:102,NONE,NONE,NONE,
obj:288,grass,terrain,ground,./dat/objects.srv,UNPRIORITIZED,TODO,,,,SHARED_CANDIDATE:obj:102,NONE,NONE,NONE,
obj:289,grass,terrain,ground,./dat/objects.srv,UNPRIORITIZED,TODO,,,,SHARED_CANDIDATE:obj:102,NONE,NONE,NONE,
obj:290,grass,terrain,ground,./dat/objects.srv,UNPRIORITIZED,TODO,,,,SHARED_CANDIDATE:obj:102,NONE,NONE,NONE,
obj:291,grass,terrain,ground,./dat/objects.srv,UNPRIORITIZED,TODO,,,,SHARED_CANDIDATE:obj:102,NONE,NONE,NONE,
obj:292,grass,terrain,ground,./dat/objects.srv,UNPRIORITIZED,TODO,,,,SHARED_CANDIDATE:obj:102,NONE,NONE,NONE,
obj:294,a pitfall,terrain,ground,./dat/objects.srv,UNPRIORITIZED,TODO,,,,MESH,NONE,NONE,NONE,
obj:295,grass,terrain,ground,./dat/objects.srv,UNPRIORITIZED,TODO,,,,SHARED_CANDIDATE:obj:102,NONE,NONE,NONE,
obj:296,grass,terrain,ground,./dat/objects.srv,UNPRIORITIZED,TODO,,,,SHARED_CANDIDATE:obj:102,NONE,NONE,NONE,
obj:297,grass,terrain,ground,./dat/objects.srv,UNPRIORITIZED,TODO,,,,SHARED_CANDIDATE:obj:102,NONE,NONE,NONE,
obj:298,grass,terrain,ground,./dat/objects.srv,UNPRIORITIZED,TODO,,,,SHARED_CANDIDATE:obj:102,NONE,NONE,NONE,
obj:299,grass,terrain,ground,./dat/objects.srv,UNPRIORITIZED,TODO,,,,SHARED_CANDIDATE:obj:102,NONE,NONE,NONE,
obj:300,grass,terrain,ground,./dat/objects.srv,UNPRIORITIZED,TODO,,,,SHARED_CANDIDATE:obj:102,NONE,NONE,NONE,
obj:301,grass,terrain,ground,./dat/objects.srv,UNPRIORITIZED,TODO,,,,SHARED_CANDIDATE:obj:102,NONE,NONE,NONE,
obj:302,grass,terrain,ground,./dat/objects.srv,UNPRIORITIZED,TODO,,,,SHARED_CANDIDATE:obj:102,NONE,NONE,NONE,
obj:303,gravel,terrain,ground,./dat/objects.srv,UNPRIORITIZED,TODO,,,,SHARED_CANDIDATE:obj:105,NONE,NONE,NONE,
obj:304,gravel,terrain,ground,./dat/objects.srv,UNPRIORITIZED,TODO,,,,SHARED_CANDIDATE:obj:105,NONE,NONE,NONE,
obj:305,gravel,terrain,ground,./dat/objects.srv,UNPRIORITIZED,TODO,,,,SHARED_CANDIDATE:obj:105,NONE,NONE,NONE,
obj:306,gravel,terrain,ground,./dat/objects.srv,UNPRIORITIZED,TODO,,,,SHARED_CANDIDATE:obj:105,NONE,NONE,NONE,
obj:307,gravel,terrain,ground,./dat/objects.srv,UNPRIORITIZED,TODO,,,,SHARED_CANDIDATE:obj:105,NONE,NONE,NONE,
obj:308,gravel,terrain,ground,./dat/objects.srv,UNPRIORITIZED,TODO,,,,SHARED_CANDIDATE:obj:105,NONE,NONE,NONE,
obj:309,gravel,terrain,ground,./dat/objects.srv,UNPRIORITIZED,TODO,,,,SHARED_CANDIDATE:obj:105,NONE,NONE,NONE,
obj:310,gravel,terrain,ground,./dat/objects.srv,UNPRIORITIZED,TODO,,,,SHARED_CANDIDATE:obj:105,NONE,NONE,NONE,
obj:311,gravel,terrain,ground,./dat/objects.srv,UNPRIORITIZED,TODO,,,,SHARED_CANDIDATE:obj:105,NONE,NONE,NONE,
obj:312,gravel,terrain,ground,./dat/objects.srv,UNPRIORITIZED,TODO,,,,SHARED_CANDIDATE:obj:105,NONE,NONE,NONE,
obj:313,gravel,terrain,ground,./dat/objects.srv,UNPRIORITIZED,TODO,,,,SHARED_CANDIDATE:obj:105,NONE,NONE,NONE,
obj:314,gravel,terrain,ground,./dat/objects.srv,UNPRIORITIZED,TODO,,,,SHARED_CANDIDATE:obj:105,NONE,NONE,NONE,
obj:315,gravel,terrain,ground,./dat/objects.srv,UNPRIORITIZED,TODO,,,,SHARED_CANDIDATE:obj:105,NONE,NONE,NONE,
obj:316,gravel,terrain,ground,./dat/objects.srv,UNPRIORITIZED,TODO,,,,SHARED_CANDIDATE:obj:105,NONE,NONE,NONE,
obj:317,gravel,terrain,ground,./dat/objects.srv,UNPRIORITIZED,TODO,,,,SHARED_CANDIDATE:obj:105,NONE,NONE,NONE,
obj:318,gravel,terrain,ground,./dat/objects.srv,UNPRIORITIZED,TODO,,,,SHARED_CANDIDATE:obj:105,NONE,NONE,NONE,
obj:319,gravel,terrain,ground,./dat/objects.srv,UNPRIORITIZED,TODO,,,,SHARED_CANDIDATE:obj:105,NONE,NONE,NONE,
obj:320,gravel,terrain,ground,./dat/objects.srv,UNPRIORITIZED,TODO,,,,SHARED_CANDIDATE:obj:105,NONE,NONE,NONE,
obj:321,gravel,terrain,ground,./dat/objects.srv,UNPRIORITIZED,TODO,,,,SHARED_CANDIDATE:obj:105,NONE,NONE,NONE,
obj:322,gravel,terrain,ground,./dat/objects.srv,UNPRIORITIZED,TODO,,,,SHARED_CANDIDATE:obj:105,NONE,NONE,NONE,
obj:323,gravel,terrain,ground,./dat/objects.srv,UNPRIORITIZED,TODO,,,,SHARED_CANDIDATE:obj:105,NONE,NONE,NONE,
obj:324,gravel,terrain,ground,./dat/objects.srv,UNPRIORITIZED,TODO,,,,SHARED_CANDIDATE:obj:105,NONE,NONE,NONE,
obj:325,gravel,terrain,ground,./dat/objects.srv,UNPRIORITIZED,TODO,,,,SHARED_CANDIDATE:obj:105,NONE,NONE,NONE,
obj:326,gravel,terrain,ground,./dat/objects.srv,UNPRIORITIZED,TODO,,,,SHARED_CANDIDATE:obj:105,NONE,NONE,NONE,
obj:327,rock soil,terrain,ground,./dat/objects.srv,UNPRIORITIZED,TODO,,,,SHARED_CANDIDATE:obj:107,NONE,NONE,NONE,
obj:328,rock soil,terrain,ground,./dat/objects.srv,UNPRIORITIZED,TODO,,,,SHARED_CANDIDATE:obj:107,NONE,NONE,NONE,
obj:329,rock soil,terrain,ground,./dat/objects.srv,UNPRIORITIZED,TODO,,,,SHARED_CANDIDATE:obj:107,NONE,NONE,NONE,
obj:330,rock soil,terrain,ground,./dat/objects.srv,UNPRIORITIZED,TODO,,,,SHARED_CANDIDATE:obj:107,NONE,NONE,NONE,
obj:331,rock soil,terrain,ground,./dat/objects.srv,UNPRIORITIZED,TODO,,,,SHARED_CANDIDATE:obj:107,NONE,NONE,NONE,
obj:332,rock soil,terrain,ground,./dat/objects.srv,UNPRIORITIZED,TODO,,,,SHARED_CANDIDATE:obj:107,NONE,NONE,NONE,
obj:333,rock soil,terrain,ground,./dat/objects.srv,UNPRIORITIZED,TODO,,,,SHARED_CANDIDATE:obj:107,NONE,NONE,NONE,
obj:334,rock soil,terrain,ground,./dat/objects.srv,UNPRIORITIZED,TODO,,,,SHARED_CANDIDATE:obj:107,NONE,NONE,NONE,
obj:335,rock soil,terrain,ground,./dat/objects.srv,UNPRIORITIZED,TODO,,,,SHARED_CANDIDATE:obj:107,NONE,NONE,NONE,
obj:336,rock soil,terrain,ground,./dat/objects.srv,UNPRIORITIZED,TODO,,,,SHARED_CANDIDATE:obj:107,NONE,NONE,NONE,
obj:337,rock soil,terrain,ground,./dat/objects.srv,UNPRIORITIZED,TODO,,,,SHARED_CANDIDATE:obj:107,NONE,NONE,NONE,
obj:338,rock soil,terrain,ground,./dat/objects.srv,UNPRIORITIZED,TODO,,,,SHARED_CANDIDATE:obj:107,NONE,NONE,NONE,
obj:339,rock soil,terrain,ground,./dat/objects.srv,UNPRIORITIZED,TODO,,,,SHARED_CANDIDATE:obj:107,NONE,NONE,NONE,
obj:340,rock soil,terrain,ground,./dat/objects.srv,UNPRIORITIZED,TODO,,,,SHARED_CANDIDATE:obj:107,NONE,NONE,NONE,
obj:341,rock soil,terrain,ground,./dat/objects.srv,UNPRIORITIZED,TODO,,,,SHARED_CANDIDATE:obj:107,NONE,NONE,NONE,
obj:342,rock soil,terrain,ground,./dat/objects.srv,UNPRIORITIZED,TODO,,,,SHARED_CANDIDATE:obj:107,NONE,NONE,NONE,
obj:343,rock soil,terrain,ground,./dat/objects.srv,UNPRIORITIZED,TODO,,,,SHARED_CANDIDATE:obj:107,NONE,NONE,NONE,
obj:344,rock soil,terrain,ground,./dat/objects.srv,UNPRIORITIZED,TODO,,,,SHARED_CANDIDATE:obj:107,NONE,NONE,NONE,
obj:345,rock soil,terrain,ground,./dat/objects.srv,UNPRIORITIZED,TODO,,,,SHARED_CANDIDATE:obj:107,NONE,NONE,NONE,
obj:346,rock soil,terrain,ground,./dat/objects.srv,UNPRIORITIZED,TODO,,,,SHARED_CANDIDATE:obj:107,NONE,NONE,NONE,
obj:347,rock soil,terrain,ground,./dat/objects.srv,UNPRIORITIZED,TODO,,,,SHARED_CANDIDATE:obj:107,NONE,NONE,NONE,
obj:348,rock soil,terrain,ground,./dat/objects.srv,UNPRIORITIZED,TODO,,,,SHARED_CANDIDATE:obj:107,NONE,NONE,NONE,
obj:349,rock soil,terrain,ground,./dat/objects.srv,UNPRIORITIZED,TODO,,,,SHARED_CANDIDATE:obj:107,NONE,NONE,NONE,
obj:350,rock soil,terrain,ground,./dat/objects.srv,UNPRIORITIZED,TODO,,,,SHARED_CANDIDATE:obj:107,NONE,NONE,NONE,
obj:394,a hole,terrain,ground,./dat/objects.srv,UNPRIORITIZED,TODO,,,,SHARED_CANDIDATE:obj:385,NONE,NONE,NONE,
obj:395,dirt floor,terrain,ground,./dat/objects.srv,UNPRIORITIZED,TODO,,,,ALIAS_OF:obj:371,NONE,NONE,NONE,
obj:396,grass,terrain,ground,./dat/objects.srv,UNPRIORITIZED,TODO,,,,SHARED_CANDIDATE:obj:102,NONE,NONE,NONE,
obj:397,grass,terrain,ground,./dat/objects.srv,UNPRIORITIZED,TODO,,,,SHARED_CANDIDATE:obj:102,NONE,NONE,NONE,
obj:398,grass,terrain,ground,./dat/objects.srv,UNPRIORITIZED,TODO,,,,SHARED_CANDIDATE:obj:102,NONE,NONE,NONE,
obj:399,grass,terrain,ground,./dat/objects.srv,UNPRIORITIZED,TODO,,,,SHARED_CANDIDATE:obj:102,NONE,NONE,NONE,
obj:400,grass,terrain,ground,./dat/objects.srv,UNPRIORITIZED,TODO,,,,SHARED_CANDIDATE:obj:102,NONE,NONE,NONE,
obj:401,grass,terrain,ground,./dat/objects.srv,UNPRIORITIZED,TODO,,,,SHARED_CANDIDATE:obj:102,NONE,NONE,NONE,
obj:402,grass,terrain,ground,./dat/objects.srv,UNPRIORITIZED,TODO,,,,SHARED_CANDIDATE:obj:102,NONE,NONE,NONE,
obj:403,grass,terrain,ground,./dat/objects.srv,UNPRIORITIZED,TODO,,,,SHARED_CANDIDATE:obj:102,NONE,NONE,NONE,
obj:404,grass,terrain,ground,./dat/objects.srv,UNPRIORITIZED,TODO,,,,SHARED_CANDIDATE:obj:102,NONE,NONE,NONE,
obj:405,grass,terrain,ground,./dat/objects.srv,UNPRIORITIZED,TODO,,,,SHARED_CANDIDATE:obj:102,NONE,NONE,NONE,
obj:406,grass,terrain,ground,./dat/objects.srv,UNPRIORITIZED,TODO,,,,SHARED_CANDIDATE:obj:102,NONE,NONE,NONE,
obj:407,grass,terrain,ground,./dat/objects.srv,UNPRIORITIZED,TODO,,,,SHARED_CANDIDATE:obj:102,NONE,NONE,NONE,
obj:4418,a mountain,terrain,ground,./dat/objects.srv,UNPRIORITIZED,TODO,,,,SHARED_CANDIDATE:obj:1127,NONE,NONE,NONE,
obj:4427,a mountain,terrain,ground,./dat/objects.srv,UNPRIORITIZED,TODO,,,,SHARED_CANDIDATE:obj:1127,NONE,NONE,NONE,
obj:4428,a mountain,terrain,ground,./dat/objects.srv,UNPRIORITIZED,TODO,,,,SHARED_CANDIDATE:obj:1127,NONE,NONE,NONE,
obj:4429,a mountain,terrain,ground,./dat/objects.srv,UNPRIORITIZED,TODO,,,,SHARED_CANDIDATE:obj:1127,NONE,NONE,NONE,
obj:4430,a mountain,terrain,ground,./dat/objects.srv,UNPRIORITIZED,TODO,,,,SHARED_CANDIDATE:obj:1127,NONE,NONE,NONE,
obj:4431,a mountain,terrain,ground,./dat/objects.srv,UNPRIORITIZED,TODO,,,,SHARED_CANDIDATE:obj:1127,NONE,NONE,NONE,
obj:4432,a mountain,terrain,ground,./dat/objects.srv,UNPRIORITIZED,TODO,,,,SHARED_CANDIDATE:obj:1127,NONE,NONE,NONE,
obj:4433,a mountain,terrain,ground,./dat/objects.srv,UNPRIORITIZED,TODO,,,,SHARED_CANDIDATE:obj:1127,NONE,NONE,NONE,
obj:4434,a mountain,terrain,ground,./dat/objects.srv,UNPRIORITIZED,TODO,,,,SHARED_CANDIDATE:obj:1127,NONE,NONE,NONE,
obj:4435,a mountain,terrain,ground,./dat/objects.srv,UNPRIORITIZED,TODO,,,,SHARED_CANDIDATE:obj:1127,NONE,NONE,NONE,
obj:4436,a mountain,terrain,ground,./dat/objects.srv,UNPRIORITIZED,TODO,,,,SHARED_CANDIDATE:obj:1127,NONE,NONE,NONE,
obj:4437,a mountain,terrain,ground,./dat/objects.srv,UNPRIORITIZED,TODO,,,,SHARED_CANDIDATE:obj:1127,NONE,NONE,NONE,
obj:4438,a mountain,terrain,ground,./dat/objects.srv,UNPRIORITIZED,TODO,,,,SHARED_CANDIDATE:obj:1127,NONE,NONE,NONE,
obj:4439,a mountain,terrain,ground,./dat/objects.srv,UNPRIORITIZED,TODO,,,,SHARED_CANDIDATE:obj:1127,NONE,NONE,NONE,
obj:4440,a mountain,terrain,ground,./dat/objects.srv,UNPRIORITIZED,TODO,,,,SHARED_CANDIDATE:obj:1127,NONE,NONE,NONE,
obj:4441,a mountain,terrain,ground,./dat/objects.srv,UNPRIORITIZED,TODO,,,,SHARED_CANDIDATE:obj:1127,NONE,NONE,NONE,
obj:4442,a mountain,terrain,ground,./dat/objects.srv,UNPRIORITIZED,TODO,,,,SHARED_CANDIDATE:obj:1127,NONE,NONE,NONE,
obj:4443,a mountain,terrain,ground,./dat/objects.srv,UNPRIORITIZED,TODO,,,,SHARED_CANDIDATE:obj:1127,NONE,NONE,NONE,
obj:4444,a mountain,terrain,ground,./dat/objects.srv,UNPRIORITIZED,TODO,,,,SHARED_CANDIDATE:obj:1127,NONE,NONE,NONE,
obj:4505,rock soil,terrain,border,./dat/objects.srv,UNPRIORITIZED,TODO,,,,SHARED_CANDIDATE:obj:107,NONE,NONE,NONE,
obj:4507,rock soil,terrain,border,./dat/objects.srv,UNPRIORITIZED,TODO,,,,SHARED_CANDIDATE:obj:107,NONE,NONE,NONE,
obj:4510,rock soil,terrain,border,./dat/objects.srv,UNPRIORITIZED,TODO,,,,SHARED_CANDIDATE:obj:107,NONE,NONE,NONE,
obj:4511,rock soil,terrain,border,./dat/objects.srv,UNPRIORITIZED,TODO,,,,SHARED_CANDIDATE:obj:107,NONE,NONE,NONE,
obj:4514,rock soil,terrain,border,./dat/objects.srv,UNPRIORITIZED,TODO,,,,SHARED_CANDIDATE:obj:107,NONE,NONE,NONE,
obj:453,wooden floor,terrain,ground,./dat/objects.srv,UNPRIORITIZED,TODO,,,,SHARED_CANDIDATE:obj:408,NONE,NONE,NONE,
obj:4556,grass,terrain,ground,./dat/objects.srv,UNPRIORITIZED,TODO,,,,SHARED_CANDIDATE:obj:102,NONE,NONE,NONE,
obj:4557,grass,terrain,ground,./dat/objects.srv,UNPRIORITIZED,TODO,,,,SHARED_CANDIDATE:obj:102,NONE,NONE,NONE,
obj:4558,grass,terrain,ground,./dat/objects.srv,UNPRIORITIZED,TODO,,,,SHARED_CANDIDATE:obj:102,NONE,NONE,NONE,
obj:4569,rock soil,terrain,border,./dat/objects.srv,UNPRIORITIZED,TODO,,,,SHARED_CANDIDATE:obj:107,NONE,NONE,NONE,
obj:4570,rock soil,terrain,border,./dat/objects.srv,UNPRIORITIZED,TODO,,,,SHARED_CANDIDATE:obj:107,NONE,NONE,NONE,
obj:4571,rock soil,terrain,border,./dat/objects.srv,UNPRIORITIZED,TODO,,,,SHARED_CANDIDATE:obj:107,NONE,NONE,NONE,
obj:4572,rock soil,terrain,border,./dat/objects.srv,UNPRIORITIZED,TODO,,,,SHARED_CANDIDATE:obj:107,NONE,NONE,NONE,
obj:4573,rock soil,terrain,border,./dat/objects.srv,UNPRIORITIZED,TODO,,,,SHARED_CANDIDATE:obj:107,NONE,NONE,NONE,
obj:4574,rock soil,terrain,border,./dat/objects.srv,UNPRIORITIZED,TODO,,,,SHARED_CANDIDATE:obj:107,NONE,NONE,NONE,
obj:4575,rock soil,terrain,border,./dat/objects.srv,UNPRIORITIZED,TODO,,,,SHARED_CANDIDATE:obj:107,NONE,NONE,NONE,
obj:4576,rock soil,terrain,border,./dat/objects.srv,UNPRIORITIZED,TODO,,,,SHARED_CANDIDATE:obj:107,NONE,NONE,NONE,
obj:4577,rock soil,terrain,border,./dat/objects.srv,UNPRIORITIZED,TODO,,,,SHARED_CANDIDATE:obj:107,NONE,NONE,NONE,
obj:4578,rock soil,terrain,border,./dat/objects.srv,UNPRIORITIZED,TODO,,,,SHARED_CANDIDATE:obj:107,NONE,NONE,NONE,
obj:4579,rock soil,terrain,border,./dat/objects.srv,UNPRIORITIZED,TODO,,,,SHARED_CANDIDATE:obj:107,NONE,NONE,NONE,
obj:4580,rock soil,terrain,border,./dat/objects.srv,UNPRIORITIZED,TODO,,,,SHARED_CANDIDATE:obj:107,NONE,NONE,NONE,
obj:4581,rock soil,terrain,border,./dat/objects.srv,UNPRIORITIZED,TODO,,,,SHARED_CANDIDATE:obj:107,NONE,NONE,NONE,
obj:4582,rock soil,terrain,border,./dat/objects.srv,UNPRIORITIZED,TODO,,,,SHARED_CANDIDATE:obj:107,NONE,NONE,NONE,
obj:4583,rock soil,terrain,border,./dat/objects.srv,UNPRIORITIZED,TODO,,,,SHARED_CANDIDATE:obj:107,NONE,NONE,NONE,
obj:4678,dirt,terrain,border,./dat/objects.srv,UNPRIORITIZED,TODO,,,,SHARED_CANDIDATE:obj:103,NONE,NONE,NONE,
obj:4679,dirt,terrain,border,./dat/objects.srv,UNPRIORITIZED,TODO,,,,SHARED_CANDIDATE:obj:103,NONE,NONE,NONE,
obj:468,nothing special,terrain,ground,./dat/objects.srv,UNPRIORITIZED,TODO,,,,MESH,NONE,NONE,NONE,
obj:469,stairs,terrain,ground,./dat/objects.srv,UNPRIORITIZED,TODO,,,,SHARED_CANDIDATE:obj:413,NONE,NONE,NONE,
obj:4692,swamp,terrain,ground,./dat/objects.srv,UNPRIORITIZED,TODO,,,,SHARED_CANDIDATE:obj:659,NONE,NONE,NONE,
obj:4693,swamp,terrain,ground,./dat/objects.srv,UNPRIORITIZED,TODO,,,,SHARED_CANDIDATE:obj:659,NONE,NONE,NONE,
obj:4694,swamp,terrain,ground,./dat/objects.srv,UNPRIORITIZED,TODO,,,,SHARED_CANDIDATE:obj:659,NONE,NONE,NONE,
obj:4696,swamp,terrain,ground,./dat/objects.srv,UNPRIORITIZED,TODO,,,,SHARED_CANDIDATE:obj:659,NONE,NONE,NONE,
obj:4697,swamp,terrain,ground,./dat/objects.srv,UNPRIORITIZED,TODO,,,,SHARED_CANDIDATE:obj:659,NONE,NONE,NONE,
obj:4698,swamp,terrain,ground,./dat/objects.srv,UNPRIORITIZED,TODO,,,,SHARED_CANDIDATE:obj:659,NONE,NONE,NONE,
obj:4699,swamp,terrain,ground,./dat/objects.srv,UNPRIORITIZED,TODO,,,,SHARED_CANDIDATE:obj:659,NONE,NONE,NONE,
obj:4701,swamp,terrain,ground,./dat/objects.srv,UNPRIORITIZED,TODO,,,,SHARED_CANDIDATE:obj:659,NONE,NONE,NONE,
obj:4723,swamp,terrain,border,./dat/objects.srv,UNPRIORITIZED,TODO,,,,SHARED_CANDIDATE:obj:659,NONE,NONE,NONE,
obj:4724,swamp,terrain,border,./dat/objects.srv,UNPRIORITIZED,TODO,,,,SHARED_CANDIDATE:obj:659,NONE,NONE,NONE,
obj:4725,swamp,terrain,border,./dat/objects.srv,UNPRIORITIZED,TODO,,,,SHARED_CANDIDATE:obj:659,NONE,NONE,NONE,
obj:4745,grass,terrain,ground,./dat/objects.srv,UNPRIORITIZED,TODO,,,,SHARED_CANDIDATE:obj:102,NONE,NONE,NONE,
obj:4746,rock soil,terrain,ground,./dat/objects.srv,UNPRIORITIZED,TODO,,,,SHARED_CANDIDATE:obj:107,NONE,NONE,NONE,
obj:4747,swamp,terrain,ground,./dat/objects.srv,UNPRIORITIZED,TODO,,,,SHARED_CANDIDATE:obj:659,NONE,NONE,NONE,
obj:4748,gravel,terrain,ground,./dat/objects.srv,UNPRIORITIZED,TODO,,,,SHARED_CANDIDATE:obj:105,NONE,NONE,NONE,
obj:476,an open trapdoor,terrain,ground,./dat/objects.srv,UNPRIORITIZED,TODO,,,,MESH,NONE,NONE,NONE,
obj:479,stone floor,terrain,ground,./dat/objects.srv,UNPRIORITIZED,TODO,,,,SHARED_CANDIDATE:obj:416,NONE,NONE,NONE,
obj:481,stone floor,terrain,ground,./dat/objects.srv,UNPRIORITIZED,TODO,,,,SHARED_CANDIDATE:obj:416,NONE,NONE,NONE,
obj:4823,stairs,terrain,ground,./dat/objects.srv,UNPRIORITIZED,TODO,,,,SHARED_CANDIDATE:obj:413,NONE,NONE,NONE,
obj:4825,stairs,terrain,ground,./dat/objects.srv,UNPRIORITIZED,TODO,,,,SHARED_CANDIDATE:obj:413,NONE,NONE,NONE,
obj:4826,stairs,terrain,ground,./dat/objects.srv,UNPRIORITIZED,TODO,,,,SHARED_CANDIDATE:obj:413,NONE,NONE,NONE,
obj:484,stairs,terrain,ground,./dat/objects.srv,UNPRIORITIZED,TODO,,,,SHARED_CANDIDATE:obj:413,NONE,NONE,NONE,
obj:485,stairs,terrain,ground,./dat/objects.srv,UNPRIORITIZED,TODO,,,,SHARED_CANDIDATE:obj:413,NONE,NONE,NONE,
obj:562,stone floor,terrain,ground,./dat/objects.srv,UNPRIORITIZED,TODO,,,,SHARED_CANDIDATE:obj:416,NONE,NONE,NONE,
obj:564,wooden floor,terrain,ground,./dat/objects.srv,UNPRIORITIZED,TODO,,,,SHARED_CANDIDATE:obj:408,NONE,NONE,NONE,
obj:567,stairs,terrain,ground,./dat/objects.srv,UNPRIORITIZED,TODO,,,,SHARED_CANDIDATE:obj:413,NONE,NONE,NONE,
obj:594,a hole,terrain,ground,./dat/objects.srv,UNPRIORITIZED,TODO,,,,SHARED_CANDIDATE:obj:385,NONE,NONE,NONE,
obj:607,a hole,terrain,ground,./dat/objects.srv,UNPRIORITIZED,TODO,,,,SHARED_CANDIDATE:obj:385,NONE,NONE,NONE,
obj:609,a hole,terrain,ground,./dat/objects.srv,UNPRIORITIZED,TODO,,,,SHARED_CANDIDATE:obj:385,NONE,NONE,NONE,
obj:610,a hole,terrain,ground,./dat/objects.srv,UNPRIORITIZED,TODO,,,,SHARED_CANDIDATE:obj:385,NONE,NONE,NONE,
obj:615,a hole,terrain,ground,./dat/objects.srv,UNPRIORITIZED,TODO,,,,SHARED_CANDIDATE:obj:385,NONE,NONE,NONE,
obj:617,sand,terrain,ground,./dat/objects.srv,UNPRIORITIZED,TODO,,,,ALIAS_OF:obj:614,NONE,NONE,NONE,
obj:623,sand,terrain,ground,./dat/objects.srv,UNPRIORITIZED,TODO,,,,SHARED_CANDIDATE:obj:104,NONE,NONE,NONE,
obj:624,sand,terrain,ground,./dat/objects.srv,UNPRIORITIZED,TODO,,,,SHARED_CANDIDATE:obj:104,NONE,NONE,NONE,
obj:625,sand,terrain,ground,./dat/objects.srv,UNPRIORITIZED,TODO,,,,SHARED_CANDIDATE:obj:104,NONE,NONE,NONE,
obj:626,sand,terrain,ground,./dat/objects.srv,UNPRIORITIZED,TODO,,,,SHARED_CANDIDATE:obj:104,NONE,NONE,NONE,
obj:627,sand,terrain,ground,./dat/objects.srv,UNPRIORITIZED,TODO,,,,SHARED_CANDIDATE:obj:104,NONE,NONE,NONE,
obj:628,sand,terrain,ground,./dat/objects.srv,UNPRIORITIZED,TODO,,,,SHARED_CANDIDATE:obj:104,NONE,NONE,NONE,
obj:629,sand,terrain,ground,./dat/objects.srv,UNPRIORITIZED,TODO,,,,SHARED_CANDIDATE:obj:104,NONE,NONE,NONE,
obj:630,sand,terrain,ground,./dat/objects.srv,UNPRIORITIZED,TODO,,,,SHARED_CANDIDATE:obj:104,NONE,NONE,NONE,
obj:631,sand,terrain,ground,./dat/objects.srv,UNPRIORITIZED,TODO,,,,SHARED_CANDIDATE:obj:104,NONE,NONE,NONE,
obj:632,sand,terrain,ground,./dat/objects.srv,UNPRIORITIZED,TODO,,,,SHARED_CANDIDATE:obj:104,NONE,NONE,NONE,
obj:633,sand,terrain,ground,./dat/objects.srv,UNPRIORITIZED,TODO,,,,SHARED_CANDIDATE:obj:104,NONE,NONE,NONE,
obj:634,sand,terrain,ground,./dat/objects.srv,UNPRIORITIZED,TODO,,,,SHARED_CANDIDATE:obj:104,NONE,NONE,NONE,
obj:635,water,terrain,ground,./dat/objects.srv,UNPRIORITIZED,TODO,,,,MESH,NONE,NONE,NONE,
obj:636,water,terrain,ground,./dat/objects.srv,UNPRIORITIZED,TODO,,,,SHARED_CANDIDATE:obj:635,NONE,NONE,NONE,
obj:637,water,terrain,ground,./dat/objects.srv,UNPRIORITIZED,TODO,,,,SHARED_CANDIDATE:obj:635,NONE,NONE,NONE,
obj:638,water,terrain,ground,./dat/objects.srv,UNPRIORITIZED,TODO,,,,SHARED_CANDIDATE:obj:635,NONE,NONE,NONE,
obj:639,water,terrain,ground,./dat/objects.srv,UNPRIORITIZED,TODO,,,,SHARED_CANDIDATE:obj:635,NONE,NONE,NONE,
obj:640,water,terrain,ground,./dat/objects.srv,UNPRIORITIZED,TODO,,,,SHARED_CANDIDATE:obj:635,NONE,NONE,NONE,
obj:641,water,terrain,ground,./dat/objects.srv,UNPRIORITIZED,TODO,,,,SHARED_CANDIDATE:obj:635,NONE,NONE,NONE,
obj:642,water,terrain,ground,./dat/objects.srv,UNPRIORITIZED,TODO,,,,SHARED_CANDIDATE:obj:635,NONE,NONE,NONE,
obj:643,water,terrain,ground,./dat/objects.srv,UNPRIORITIZED,TODO,,,,SHARED_CANDIDATE:obj:635,NONE,NONE,NONE,
obj:644,water,terrain,ground,./dat/objects.srv,UNPRIORITIZED,TODO,,,,SHARED_CANDIDATE:obj:635,NONE,NONE,NONE,
obj:645,water,terrain,ground,./dat/objects.srv,UNPRIORITIZED,TODO,,,,SHARED_CANDIDATE:obj:635,NONE,NONE,NONE,
obj:646,water,terrain,ground,./dat/objects.srv,UNPRIORITIZED,TODO,,,,SHARED_CANDIDATE:obj:635,NONE,NONE,NONE,
obj:647,lava,terrain,ground,./dat/objects.srv,UNPRIORITIZED,TODO,,,,MESH,NONE,NONE,NONE,
obj:648,lava,terrain,ground,./dat/objects.srv,UNPRIORITIZED,TODO,,,,SHARED_CANDIDATE:obj:647,NONE,NONE,NONE,
obj:649,lava,terrain,ground,./dat/objects.srv,UNPRIORITIZED,TODO,,,,SHARED_CANDIDATE:obj:647,NONE,NONE,NONE,
obj:650,lava,terrain,ground,./dat/objects.srv,UNPRIORITIZED,TODO,,,,SHARED_CANDIDATE:obj:647,NONE,NONE,NONE,
obj:651,lava,terrain,ground,./dat/objects.srv,UNPRIORITIZED,TODO,,,,SHARED_CANDIDATE:obj:647,NONE,NONE,NONE,
obj:652,lava,terrain,ground,./dat/objects.srv,UNPRIORITIZED,TODO,,,,SHARED_CANDIDATE:obj:647,NONE,NONE,NONE,
obj:653,lava,terrain,ground,./dat/objects.srv,UNPRIORITIZED,TODO,,,,SHARED_CANDIDATE:obj:647,NONE,NONE,NONE,
obj:654,lava,terrain,ground,./dat/objects.srv,UNPRIORITIZED,TODO,,,,SHARED_CANDIDATE:obj:647,NONE,NONE,NONE,
obj:655,lava,terrain,ground,./dat/objects.srv,UNPRIORITIZED,TODO,,,,SHARED_CANDIDATE:obj:647,NONE,NONE,NONE,
obj:656,lava,terrain,ground,./dat/objects.srv,UNPRIORITIZED,TODO,,,,SHARED_CANDIDATE:obj:647,NONE,NONE,NONE,
obj:657,lava,terrain,ground,./dat/objects.srv,UNPRIORITIZED,TODO,,,,SHARED_CANDIDATE:obj:647,NONE,NONE,NONE,
obj:658,lava,terrain,ground,./dat/objects.srv,UNPRIORITIZED,TODO,,,,SHARED_CANDIDATE:obj:647,NONE,NONE,NONE,
obj:659,swamp,terrain,ground,./dat/objects.srv,UNPRIORITIZED,TODO,,,,MESH,NONE,NONE,NONE,
obj:660,swamp,terrain,ground,./dat/objects.srv,UNPRIORITIZED,TODO,,,,SHARED_CANDIDATE:obj:659,NONE,NONE,NONE,
obj:661,swamp,terrain,ground,./dat/objects.srv,UNPRIORITIZED,TODO,,,,SHARED_CANDIDATE:obj:659,NONE,NONE,NONE,
obj:662,swamp,terrain,ground,./dat/objects.srv,UNPRIORITIZED,TODO,,,,SHARED_CANDIDATE:obj:659,NONE,NONE,NONE,
obj:663,swamp,terrain,ground,./dat/objects.srv,UNPRIORITIZED,TODO,,,,SHARED_CANDIDATE:obj:659,NONE,NONE,NONE,
obj:664,swamp,terrain,ground,./dat/objects.srv,UNPRIORITIZED,TODO,,,,SHARED_CANDIDATE:obj:659,NONE,NONE,NONE,
obj:665,swamp,terrain,ground,./dat/objects.srv,UNPRIORITIZED,TODO,,,,SHARED_CANDIDATE:obj:659,NONE,NONE,NONE,
obj:666,swamp,terrain,ground,./dat/objects.srv,UNPRIORITIZED,TODO,,,,SHARED_CANDIDATE:obj:659,NONE,NONE,NONE,
obj:667,swamp,terrain,ground,./dat/objects.srv,UNPRIORITIZED,TODO,,,,SHARED_CANDIDATE:obj:659,NONE,NONE,NONE,
obj:668,swamp,terrain,ground,./dat/objects.srv,UNPRIORITIZED,TODO,,,,SHARED_CANDIDATE:obj:659,NONE,NONE,NONE,
obj:669,swamp,terrain,ground,./dat/objects.srv,UNPRIORITIZED,TODO,,,,SHARED_CANDIDATE:obj:659,NONE,NONE,NONE,
obj:670,swamp,terrain,ground,./dat/objects.srv,UNPRIORITIZED,TODO,,,,SHARED_CANDIDATE:obj:659,NONE,NONE,NONE,
obj:671,lava,terrain,ground,./dat/objects.srv,UNPRIORITIZED,TODO,,,,SHARED_CANDIDATE:obj:647,NONE,NONE,NONE,
obj:672,lava,terrain,ground,./dat/objects.srv,UNPRIORITIZED,TODO,,,,SHARED_CANDIDATE:obj:647,NONE,NONE,NONE,
obj:673,lava,terrain,ground,./dat/objects.srv,UNPRIORITIZED,TODO,,,,SHARED_CANDIDATE:obj:647,NONE,NONE,NONE,
obj:674,lava,terrain,ground,./dat/objects.srv,UNPRIORITIZED,TODO,,,,SHARED_CANDIDATE:obj:647,NONE,NONE,NONE,
obj:675,lava,terrain,ground,./dat/objects.srv,UNPRIORITIZED,TODO,,,,SHARED_CANDIDATE:obj:647,NONE,NONE,NONE,
obj:676,lava,terrain,ground,./dat/objects.srv,UNPRIORITIZED,TODO,,,,SHARED_CANDIDATE:obj:647,NONE,NONE,NONE,
obj:677,lava,terrain,ground,./dat/objects.srv,UNPRIORITIZED,TODO,,,,SHARED_CANDIDATE:obj:647,NONE,NONE,NONE,
obj:678,lava,terrain,ground,./dat/objects.srv,UNPRIORITIZED,TODO,,,,SHARED_CANDIDATE:obj:647,NONE,NONE,NONE,
obj:679,lava,terrain,ground,./dat/objects.srv,UNPRIORITIZED,TODO,,,,SHARED_CANDIDATE:obj:647,NONE,NONE,NONE,
obj:680,lava,terrain,ground,./dat/objects.srv,UNPRIORITIZED,TODO,,,,SHARED_CANDIDATE:obj:647,NONE,NONE,NONE,
obj:681,lava,terrain,ground,./dat/objects.srv,UNPRIORITIZED,TODO,,,,SHARED_CANDIDATE:obj:647,NONE,NONE,NONE,
obj:682,lava,terrain,ground,./dat/objects.srv,UNPRIORITIZED,TODO,,,,SHARED_CANDIDATE:obj:647,NONE,NONE,NONE,
obj:683,lava,terrain,ground,./dat/objects.srv,UNPRIORITIZED,TODO,,,,SHARED_CANDIDATE:obj:647,NONE,NONE,NONE,
obj:684,lava,terrain,ground,./dat/objects.srv,UNPRIORITIZED,TODO,,,,SHARED_CANDIDATE:obj:647,NONE,NONE,NONE,
obj:685,lava,terrain,ground,./dat/objects.srv,UNPRIORITIZED,TODO,,,,SHARED_CANDIDATE:obj:647,NONE,NONE,NONE,
obj:686,lava,terrain,ground,./dat/objects.srv,UNPRIORITIZED,TODO,,,,SHARED_CANDIDATE:obj:647,NONE,NONE,NONE,
obj:687,lava,terrain,ground,./dat/objects.srv,UNPRIORITIZED,TODO,,,,SHARED_CANDIDATE:obj:647,NONE,NONE,NONE,
obj:688,lava,terrain,ground,./dat/objects.srv,UNPRIORITIZED,TODO,,,,SHARED_CANDIDATE:obj:647,NONE,NONE,NONE,
obj:689,lava,terrain,ground,./dat/objects.srv,UNPRIORITIZED,TODO,,,,SHARED_CANDIDATE:obj:647,NONE,NONE,NONE,
obj:690,lava,terrain,ground,./dat/objects.srv,UNPRIORITIZED,TODO,,,,SHARED_CANDIDATE:obj:647,NONE,NONE,NONE,
obj:691,lava,terrain,ground,./dat/objects.srv,UNPRIORITIZED,TODO,,,,SHARED_CANDIDATE:obj:647,NONE,NONE,NONE,
obj:692,lava,terrain,ground,./dat/objects.srv,UNPRIORITIZED,TODO,,,,SHARED_CANDIDATE:obj:647,NONE,NONE,NONE,
obj:693,lava,terrain,ground,./dat/objects.srv,UNPRIORITIZED,TODO,,,,SHARED_CANDIDATE:obj:647,NONE,NONE,NONE,
obj:694,lava,terrain,ground,./dat/objects.srv,UNPRIORITIZED,TODO,,,,SHARED_CANDIDATE:obj:647,NONE,NONE,NONE,
obj:695,grass,terrain,ground,./dat/objects.srv,UNPRIORITIZED,TODO,,,,SHARED_CANDIDATE:obj:102,NONE,NONE,NONE,
obj:696,grass,terrain,ground,./dat/objects.srv,UNPRIORITIZED,TODO,,,,SHARED_CANDIDATE:obj:102,NONE,NONE,NONE,
obj:697,grass,terrain,ground,./dat/objects.srv,UNPRIORITIZED,TODO,,,,SHARED_CANDIDATE:obj:102,NONE,NONE,NONE,
obj:698,grass,terrain,ground,./dat/objects.srv,UNPRIORITIZED,TODO,,,,SHARED_CANDIDATE:obj:102,NONE,NONE,NONE,
obj:699,grass,terrain,ground,./dat/objects.srv,UNPRIORITIZED,TODO,,,,SHARED_CANDIDATE:obj:102,NONE,NONE,NONE,
obj:700,grass,terrain,ground,./dat/objects.srv,UNPRIORITIZED,TODO,,,,SHARED_CANDIDATE:obj:102,NONE,NONE,NONE,
obj:701,grass,terrain,ground,./dat/objects.srv,UNPRIORITIZED,TODO,,,,SHARED_CANDIDATE:obj:102,NONE,NONE,NONE,
obj:702,grass,terrain,ground,./dat/objects.srv,UNPRIORITIZED,TODO,,,,SHARED_CANDIDATE:obj:102,NONE,NONE,NONE,
obj:703,grass,terrain,ground,./dat/objects.srv,UNPRIORITIZED,TODO,,,,SHARED_CANDIDATE:obj:102,NONE,NONE,NONE,
obj:704,grass,terrain,ground,./dat/objects.srv,UNPRIORITIZED,TODO,,,,SHARED_CANDIDATE:obj:102,NONE,NONE,NONE,
obj:705,grass,terrain,ground,./dat/objects.srv,UNPRIORITIZED,TODO,,,,SHARED_CANDIDATE:obj:102,NONE,NONE,NONE,
obj:706,grass,terrain,ground,./dat/objects.srv,UNPRIORITIZED,TODO,,,,SHARED_CANDIDATE:obj:102,NONE,NONE,NONE,
obj:707,grass,terrain,ground,./dat/objects.srv,UNPRIORITIZED,TODO,,,,SHARED_CANDIDATE:obj:102,NONE,NONE,NONE,
obj:708,grass,terrain,ground,./dat/objects.srv,UNPRIORITIZED,TODO,,,,SHARED_CANDIDATE:obj:102,NONE,NONE,NONE,
obj:709,grass,terrain,ground,./dat/objects.srv,UNPRIORITIZED,TODO,,,,SHARED_CANDIDATE:obj:102,NONE,NONE,NONE,
obj:710,grass,terrain,ground,./dat/objects.srv,UNPRIORITIZED,TODO,,,,SHARED_CANDIDATE:obj:102,NONE,NONE,NONE,
obj:711,grass,terrain,ground,./dat/objects.srv,UNPRIORITIZED,TODO,,,,SHARED_CANDIDATE:obj:102,NONE,NONE,NONE,
obj:712,grass,terrain,ground,./dat/objects.srv,UNPRIORITIZED,TODO,,,,SHARED_CANDIDATE:obj:102,NONE,NONE,NONE,
obj:713,grass,terrain,ground,./dat/objects.srv,UNPRIORITIZED,TODO,,,,SHARED_CANDIDATE:obj:102,NONE,NONE,NONE,
obj:714,grass,terrain,ground,./dat/objects.srv,UNPRIORITIZED,TODO,,,,SHARED_CANDIDATE:obj:102,NONE,NONE,NONE,
obj:715,grass,terrain,ground,./dat/objects.srv,UNPRIORITIZED,TODO,,,,SHARED_CANDIDATE:obj:102,NONE,NONE,NONE,
obj:716,grass,terrain,ground,./dat/objects.srv,UNPRIORITIZED,TODO,,,,SHARED_CANDIDATE:obj:102,NONE,NONE,NONE,
obj:717,grass,terrain,ground,./dat/objects.srv,UNPRIORITIZED,TODO,,,,SHARED_CANDIDATE:obj:102,NONE,NONE,NONE,
obj:718,grass,terrain,ground,./dat/objects.srv,UNPRIORITIZED,TODO,,,,SHARED_CANDIDATE:obj:102,NONE,NONE,NONE,
obj:719,sand,terrain,ground,./dat/objects.srv,UNPRIORITIZED,TODO,,,,SHARED_CANDIDATE:obj:104,NONE,NONE,NONE,
obj:720,sand,terrain,ground,./dat/objects.srv,UNPRIORITIZED,TODO,,,,SHARED_CANDIDATE:obj:104,NONE,NONE,NONE,
obj:721,sand,terrain,ground,./dat/objects.srv,UNPRIORITIZED,TODO,,,,SHARED_CANDIDATE:obj:104,NONE,NONE,NONE,
obj:722,sand,terrain,ground,./dat/objects.srv,UNPRIORITIZED,TODO,,,,SHARED_CANDIDATE:obj:104,NONE,NONE,NONE,
obj:723,sand,terrain,ground,./dat/objects.srv,UNPRIORITIZED,TODO,,,,SHARED_CANDIDATE:obj:104,NONE,NONE,NONE,
obj:724,sand,terrain,ground,./dat/objects.srv,UNPRIORITIZED,TODO,,,,SHARED_CANDIDATE:obj:104,NONE,NONE,NONE,
obj:725,sand,terrain,ground,./dat/objects.srv,UNPRIORITIZED,TODO,,,,SHARED_CANDIDATE:obj:104,NONE,NONE,NONE,
obj:726,sand,terrain,ground,./dat/objects.srv,UNPRIORITIZED,TODO,,,,SHARED_CANDIDATE:obj:104,NONE,NONE,NONE,
obj:731,swamp,terrain,ground,./dat/objects.srv,UNPRIORITIZED,TODO,,,,SHARED_CANDIDATE:obj:659,NONE,NONE,NONE,
obj:732,swamp,terrain,ground,./dat/objects.srv,UNPRIORITIZED,TODO,,,,SHARED_CANDIDATE:obj:659,NONE,NONE,NONE,
obj:733,swamp,terrain,ground,./dat/objects.srv,UNPRIORITIZED,TODO,,,,SHARED_CANDIDATE:obj:659,NONE,NONE,NONE,
obj:734,swamp,terrain,ground,./dat/objects.srv,UNPRIORITIZED,TODO,,,,SHARED_CANDIDATE:obj:659,NONE,NONE,NONE,
obj:767,swamp,terrain,ground,./dat/objects.srv,UNPRIORITIZED,TODO,,,,SHARED_CANDIDATE:obj:659,NONE,NONE,NONE,
obj:768,swamp,terrain,ground,./dat/objects.srv,UNPRIORITIZED,TODO,,,,SHARED_CANDIDATE:obj:659,NONE,NONE,NONE,
obj:769,swamp,terrain,ground,./dat/objects.srv,UNPRIORITIZED,TODO,,,,SHARED_CANDIDATE:obj:659,NONE,NONE,NONE,
obj:770,swamp,terrain,ground,./dat/objects.srv,UNPRIORITIZED,TODO,,,,SHARED_CANDIDATE:obj:659,NONE,NONE,NONE,
obj:771,swamp,terrain,ground,./dat/objects.srv,UNPRIORITIZED,TODO,,,,SHARED_CANDIDATE:obj:659,NONE,NONE,NONE,
obj:772,swamp,terrain,ground,./dat/objects.srv,UNPRIORITIZED,TODO,,,,SHARED_CANDIDATE:obj:659,NONE,NONE,NONE,
obj:773,swamp,terrain,ground,./dat/objects.srv,UNPRIORITIZED,TODO,,,,SHARED_CANDIDATE:obj:659,NONE,NONE,NONE,
obj:774,swamp,terrain,ground,./dat/objects.srv,UNPRIORITIZED,TODO,,,,SHARED_CANDIDATE:obj:659,NONE,NONE,NONE,
obj:775,swamp,terrain,ground,./dat/objects.srv,UNPRIORITIZED,TODO,,,,SHARED_CANDIDATE:obj:659,NONE,NONE,NONE,
obj:776,swamp,terrain,ground,./dat/objects.srv,UNPRIORITIZED,TODO,,,,SHARED_CANDIDATE:obj:659,NONE,NONE,NONE,
obj:777,swamp,terrain,ground,./dat/objects.srv,UNPRIORITIZED,TODO,,,,SHARED_CANDIDATE:obj:659,NONE,NONE,NONE,
obj:778,swamp,terrain,ground,./dat/objects.srv,UNPRIORITIZED,TODO,,,,SHARED_CANDIDATE:obj:659,NONE,NONE,NONE,
obj:779,swamp,terrain,ground,./dat/objects.srv,UNPRIORITIZED,TODO,,,,SHARED_CANDIDATE:obj:659,NONE,NONE,NONE,
obj:780,swamp,terrain,ground,./dat/objects.srv,UNPRIORITIZED,TODO,,,,SHARED_CANDIDATE:obj:659,NONE,NONE,NONE,
obj:781,swamp,terrain,ground,./dat/objects.srv,UNPRIORITIZED,TODO,,,,SHARED_CANDIDATE:obj:659,NONE,NONE,NONE,
obj:782,swamp,terrain,ground,./dat/objects.srv,UNPRIORITIZED,TODO,,,,SHARED_CANDIDATE:obj:659,NONE,NONE,NONE,
obj:783,swamp,terrain,ground,./dat/objects.srv,UNPRIORITIZED,TODO,,,,SHARED_CANDIDATE:obj:659,NONE,NONE,NONE,
obj:784,swamp,terrain,ground,./dat/objects.srv,UNPRIORITIZED,TODO,,,,SHARED_CANDIDATE:obj:659,NONE,NONE,NONE,
obj:785,swamp,terrain,ground,./dat/objects.srv,UNPRIORITIZED,TODO,,,,SHARED_CANDIDATE:obj:659,NONE,NONE,NONE,
obj:786,swamp,terrain,ground,./dat/objects.srv,UNPRIORITIZED,TODO,,,,SHARED_CANDIDATE:obj:659,NONE,NONE,NONE,
obj:801,grass,terrain,ground,./dat/objects.srv,UNPRIORITIZED,TODO,,,,SHARED_CANDIDATE:obj:102,NONE,NONE,NONE,
obj:802,grass,terrain,ground,./dat/objects.srv,UNPRIORITIZED,TODO,,,,SHARED_CANDIDATE:obj:102,NONE,NONE,NONE,
obj:803,grass,terrain,ground,./dat/objects.srv,UNPRIORITIZED,TODO,,,,SHARED_CANDIDATE:obj:102,NONE,NONE,NONE,
obj:804,grass,terrain,ground,./dat/objects.srv,UNPRIORITIZED,TODO,,,,SHARED_CANDIDATE:obj:102,NONE,NONE,NONE,
obj:805,grass,terrain,ground,./dat/objects.srv,UNPRIORITIZED,TODO,,,,SHARED_CANDIDATE:obj:102,NONE,NONE,NONE,
obj:806,grass,terrain,ground,./dat/objects.srv,UNPRIORITIZED,TODO,,,,SHARED_CANDIDATE:obj:102,NONE,NONE,NONE,
obj:807,grass,terrain,ground,./dat/objects.srv,UNPRIORITIZED,TODO,,,,SHARED_CANDIDATE:obj:102,NONE,NONE,NONE,
obj:808,grass,terrain,ground,./dat/objects.srv,UNPRIORITIZED,TODO,,,,SHARED_CANDIDATE:obj:102,NONE,NONE,NONE,
obj:809,grass,terrain,ground,./dat/objects.srv,UNPRIORITIZED,TODO,,,,SHARED_CANDIDATE:obj:102,NONE,NONE,NONE,
obj:810,grass,terrain,ground,./dat/objects.srv,UNPRIORITIZED,TODO,,,,SHARED_CANDIDATE:obj:102,NONE,NONE,NONE,
obj:811,grass,terrain,ground,./dat/objects.srv,UNPRIORITIZED,TODO,,,,SHARED_CANDIDATE:obj:102,NONE,NONE,NONE,
obj:812,grass,terrain,ground,./dat/objects.srv,UNPRIORITIZED,TODO,,,,SHARED_CANDIDATE:obj:102,NONE,NONE,NONE,
obj:813,ice,terrain,ground,./dat/objects.srv,UNPRIORITIZED,TODO,,,,SHARED_CANDIDATE:obj:800,NONE,NONE,NONE,
obj:814,ice,terrain,ground,./dat/objects.srv,UNPRIORITIZED,TODO,,,,SHARED_CANDIDATE:obj:800,NONE,NONE,NONE,
obj:815,ice,terrain,ground,./dat/objects.srv,UNPRIORITIZED,TODO,,,,SHARED_CANDIDATE:obj:800,NONE,NONE,NONE,
obj:816,ice,terrain,ground,./dat/objects.srv,UNPRIORITIZED,TODO,,,,SHARED_CANDIDATE:obj:800,NONE,NONE,NONE,
obj:817,ice,terrain,ground,./dat/objects.srv,UNPRIORITIZED,TODO,,,,SHARED_CANDIDATE:obj:800,NONE,NONE,NONE,
obj:818,ice,terrain,ground,./dat/objects.srv,UNPRIORITIZED,TODO,,,,SHARED_CANDIDATE:obj:800,NONE,NONE,NONE,
obj:819,ice,terrain,ground,./dat/objects.srv,UNPRIORITIZED,TODO,,,,SHARED_CANDIDATE:obj:800,NONE,NONE,NONE,
obj:820,ice,terrain,ground,./dat/objects.srv,UNPRIORITIZED,TODO,,,,SHARED_CANDIDATE:obj:800,NONE,NONE,NONE,
obj:821,ice,terrain,ground,./dat/objects.srv,UNPRIORITIZED,TODO,,,,SHARED_CANDIDATE:obj:800,NONE,NONE,NONE,
obj:822,ice,terrain,ground,./dat/objects.srv,UNPRIORITIZED,TODO,,,,SHARED_CANDIDATE:obj:800,NONE,NONE,NONE,
obj:823,ice,terrain,ground,./dat/objects.srv,UNPRIORITIZED,TODO,,,,SHARED_CANDIDATE:obj:800,NONE,NONE,NONE,
obj:824,ice,terrain,ground,./dat/objects.srv,UNPRIORITIZED,TODO,,,,SHARED_CANDIDATE:obj:800,NONE,NONE,NONE,
obj:825,gravel,terrain,ground,./dat/objects.srv,UNPRIORITIZED,TODO,,,,SHARED_CANDIDATE:obj:105,NONE,NONE,NONE,
obj:826,gravel,terrain,ground,./dat/objects.srv,UNPRIORITIZED,TODO,,,,SHARED_CANDIDATE:obj:105,NONE,NONE,NONE,
obj:827,gravel,terrain,ground,./dat/objects.srv,UNPRIORITIZED,TODO,,,,SHARED_CANDIDATE:obj:105,NONE,NONE,NONE,
obj:828,gravel,terrain,ground,./dat/objects.srv,UNPRIORITIZED,TODO,,,,SHARED_CANDIDATE:obj:105,NONE,NONE,NONE,
obj:829,gravel,terrain,ground,./dat/objects.srv,UNPRIORITIZED,TODO,,,,SHARED_CANDIDATE:obj:105,NONE,NONE,NONE,
obj:830,gravel,terrain,ground,./dat/objects.srv,UNPRIORITIZED,TODO,,,,SHARED_CANDIDATE:obj:105,NONE,NONE,NONE,
obj:831,gravel,terrain,ground,./dat/objects.srv,UNPRIORITIZED,TODO,,,,SHARED_CANDIDATE:obj:105,NONE,NONE,NONE,
obj:832,gravel,terrain,ground,./dat/objects.srv,UNPRIORITIZED,TODO,,,,SHARED_CANDIDATE:obj:105,NONE,NONE,NONE,
obj:833,gravel,terrain,ground,./dat/objects.srv,UNPRIORITIZED,TODO,,,,SHARED_CANDIDATE:obj:105,NONE,NONE,NONE,
obj:834,gravel,terrain,ground,./dat/objects.srv,UNPRIORITIZED,TODO,,,,SHARED_CANDIDATE:obj:105,NONE,NONE,NONE,
obj:835,gravel,terrain,ground,./dat/objects.srv,UNPRIORITIZED,TODO,,,,SHARED_CANDIDATE:obj:105,NONE,NONE,NONE,
obj:836,gravel,terrain,ground,./dat/objects.srv,UNPRIORITIZED,TODO,,,,SHARED_CANDIDATE:obj:105,NONE,NONE,NONE,
obj:841,tar,terrain,ground,./dat/objects.srv,UNPRIORITIZED,TODO,,,,SHARED_CANDIDATE:obj:837,NONE,NONE,NONE,
obj:842,tar,terrain,ground,./dat/objects.srv,UNPRIORITIZED,TODO,,,,SHARED_CANDIDATE:obj:837,NONE,NONE,NONE,
obj:843,tar,terrain,ground,./dat/objects.srv,UNPRIORITIZED,TODO,,,,SHARED_CANDIDATE:obj:837,NONE,NONE,NONE,
obj:844,tar,terrain,ground,./dat/objects.srv,UNPRIORITIZED,TODO,,,,SHARED_CANDIDATE:obj:837,NONE,NONE,NONE,
obj:845,tar,terrain,ground,./dat/objects.srv,UNPRIORITIZED,TODO,,,,SHARED_CANDIDATE:obj:837,NONE,NONE,NONE,
obj:846,tar,terrain,ground,./dat/objects.srv,UNPRIORITIZED,TODO,,,,SHARED_CANDIDATE:obj:837,NONE,NONE,NONE,
obj:847,tar,terrain,ground,./dat/objects.srv,UNPRIORITIZED,TODO,,,,SHARED_CANDIDATE:obj:837,NONE,NONE,NONE,
obj:848,tar,terrain,ground,./dat/objects.srv,UNPRIORITIZED,TODO,,,,SHARED_CANDIDATE:obj:837,NONE,NONE,NONE,
obj:849,tar,terrain,ground,./dat/objects.srv,UNPRIORITIZED,TODO,,,,SHARED_CANDIDATE:obj:837,NONE,NONE,NONE,
obj:850,tar,terrain,ground,./dat/objects.srv,UNPRIORITIZED,TODO,,,,SHARED_CANDIDATE:obj:837,NONE,NONE,NONE,
obj:851,tar,terrain,ground,./dat/objects.srv,UNPRIORITIZED,TODO,,,,SHARED_CANDIDATE:obj:837,NONE,NONE,NONE,
obj:852,tar,terrain,ground,./dat/objects.srv,UNPRIORITIZED,TODO,,,,SHARED_CANDIDATE:obj:837,NONE,NONE,NONE,
obj:865,shallow water,terrain,ground,./dat/objects.srv,UNPRIORITIZED,TODO,,,,MESH,NONE,NONE,NONE,
obj:866,shallow water,terrain,ground,./dat/objects.srv,UNPRIORITIZED,TODO,,,,SHARED_CANDIDATE:obj:865,NONE,NONE,NONE,
obj:867,shallow water,terrain,ground,./dat/objects.srv,UNPRIORITIZED,TODO,,,,SHARED_CANDIDATE:obj:865,NONE,NONE,NONE,
obj:868,shallow water,terrain,ground,./dat/objects.srv,UNPRIORITIZED,TODO,,,,SHARED_CANDIDATE:obj:865,NONE,NONE,NONE,
obj:869,shallow water,terrain,ground,./dat/objects.srv,UNPRIORITIZED,TODO,,,,SHARED_CANDIDATE:obj:865,NONE,NONE,NONE,
obj:871,cobbled pavement,terrain,ground,./dat/objects.srv,UNPRIORITIZED,TODO,,,,SHARED_CANDIDATE:obj:870,NONE,NONE,NONE,
obj:872,cobbled pavement,terrain,ground,./dat/objects.srv,UNPRIORITIZED,TODO,,,,SHARED_CANDIDATE:obj:870,NONE,NONE,NONE,
obj:873,cobbled pavement,terrain,ground,./dat/objects.srv,UNPRIORITIZED,TODO,,,,SHARED_CANDIDATE:obj:870,NONE,NONE,NONE,
obj:874,cobbled pavement,terrain,ground,./dat/objects.srv,UNPRIORITIZED,TODO,,,,SHARED_CANDIDATE:obj:870,NONE,NONE,NONE,
obj:875,cobbled pavement,terrain,ground,./dat/objects.srv,UNPRIORITIZED,TODO,,,,SHARED_CANDIDATE:obj:870,NONE,NONE,NONE,
obj:876,cobbled pavement,terrain,ground,./dat/objects.srv,UNPRIORITIZED,TODO,,,,SHARED_CANDIDATE:obj:870,NONE,NONE,NONE,
obj:877,cobbled pavement,terrain,ground,./dat/objects.srv,UNPRIORITIZED,TODO,,,,SHARED_CANDIDATE:obj:870,NONE,NONE,NONE,
obj:878,cobbled pavement,terrain,ground,./dat/objects.srv,UNPRIORITIZED,TODO,,,,SHARED_CANDIDATE:obj:870,NONE,NONE,NONE,
obj:879,cobbled pavement,terrain,ground,./dat/objects.srv,UNPRIORITIZED,TODO,,,,SHARED_CANDIDATE:obj:870,NONE,NONE,NONE,
obj:880,cobbled pavement,terrain,ground,./dat/objects.srv,UNPRIORITIZED,TODO,,,,SHARED_CANDIDATE:obj:870,NONE,NONE,NONE,
obj:881,cobbled pavement,terrain,ground,./dat/objects.srv,UNPRIORITIZED,TODO,,,,SHARED_CANDIDATE:obj:870,NONE,NONE,NONE,
obj:882,cobbled pavement,terrain,ground,./dat/objects.srv,UNPRIORITIZED,TODO,,,,SHARED_CANDIDATE:obj:870,NONE,NONE,NONE,
obj:883,cobbled pavement,terrain,ground,./dat/objects.srv,UNPRIORITIZED,TODO,,,,SHARED_CANDIDATE:obj:870,NONE,NONE,NONE,
obj:884,cobbled pavement,terrain,ground,./dat/objects.srv,UNPRIORITIZED,TODO,,,,SHARED_CANDIDATE:obj:870,NONE,NONE,NONE,
obj:885,cobbled pavement,terrain,ground,./dat/objects.srv,UNPRIORITIZED,TODO,,,,SHARED_CANDIDATE:obj:870,NONE,NONE,NONE,
obj:886,cobbled pavement,terrain,ground,./dat/objects.srv,UNPRIORITIZED,TODO,,,,SHARED_CANDIDATE:obj:870,NONE,NONE,NONE,
obj:887,cobbled pavement,terrain,ground,./dat/objects.srv,UNPRIORITIZED,TODO,,,,SHARED_CANDIDATE:obj:870,NONE,NONE,NONE,
obj:888,cobbled pavement,terrain,ground,./dat/objects.srv,UNPRIORITIZED,TODO,,,,SHARED_CANDIDATE:obj:870,NONE,NONE,NONE,
obj:889,cobbled pavement,terrain,ground,./dat/objects.srv,UNPRIORITIZED,TODO,,,,SHARED_CANDIDATE:obj:870,NONE,NONE,NONE,
obj:890,cobbled pavement,terrain,ground,./dat/objects.srv,UNPRIORITIZED,TODO,,,,SHARED_CANDIDATE:obj:870,NONE,NONE,NONE,
obj:891,cobbled pavement,terrain,ground,./dat/objects.srv,UNPRIORITIZED,TODO,,,,SHARED_CANDIDATE:obj:870,NONE,NONE,NONE,
obj:892,cobbled pavement,terrain,ground,./dat/objects.srv,UNPRIORITIZED,TODO,,,,SHARED_CANDIDATE:obj:870,NONE,NONE,NONE,
obj:893,cobbled pavement,terrain,ground,./dat/objects.srv,UNPRIORITIZED,TODO,,,,SHARED_CANDIDATE:obj:870,NONE,NONE,NONE,
obj:894,cobbled pavement,terrain,ground,./dat/objects.srv,UNPRIORITIZED,TODO,,,,SHARED_CANDIDATE:obj:870,NONE,NONE,NONE,
obj:895,cobbled pavement,terrain,ground,./dat/objects.srv,UNPRIORITIZED,TODO,,,,SHARED_CANDIDATE:obj:870,NONE,NONE,NONE,
obj:896,cobbled pavement,terrain,ground,./dat/objects.srv,UNPRIORITIZED,TODO,,,,SHARED_CANDIDATE:obj:870,NONE,NONE,NONE,
obj:897,cobbled pavement,terrain,ground,./dat/objects.srv,UNPRIORITIZED,TODO,,,,SHARED_CANDIDATE:obj:870,NONE,NONE,NONE,
obj:898,cobbled pavement,terrain,ground,./dat/objects.srv,UNPRIORITIZED,TODO,,,,SHARED_CANDIDATE:obj:870,NONE,NONE,NONE,
obj:899,cobbled pavement,terrain,ground,./dat/objects.srv,UNPRIORITIZED,TODO,,,,SHARED_CANDIDATE:obj:870,NONE,NONE,NONE,
obj:900,cobbled pavement,terrain,ground,./dat/objects.srv,UNPRIORITIZED,TODO,,,,SHARED_CANDIDATE:obj:870,NONE,NONE,NONE,
obj:901,cobbled pavement,terrain,ground,./dat/objects.srv,UNPRIORITIZED,TODO,,,,SHARED_CANDIDATE:obj:870,NONE,NONE,NONE,
obj:902,cobbled pavement,terrain,ground,./dat/objects.srv,UNPRIORITIZED,TODO,,,,SHARED_CANDIDATE:obj:870,NONE,NONE,NONE,
obj:903,cobbled pavement,terrain,ground,./dat/objects.srv,UNPRIORITIZED,TODO,,,,SHARED_CANDIDATE:obj:870,NONE,NONE,NONE,
obj:904,cobbled pavement,terrain,ground,./dat/objects.srv,UNPRIORITIZED,TODO,,,,SHARED_CANDIDATE:obj:870,NONE,NONE,NONE,
obj:905,cobbled pavement,terrain,ground,./dat/objects.srv,UNPRIORITIZED,TODO,,,,SHARED_CANDIDATE:obj:870,NONE,NONE,NONE,
obj:906,cobbled pavement,terrain,ground,./dat/objects.srv,UNPRIORITIZED,TODO,,,,SHARED_CANDIDATE:obj:870,NONE,NONE,NONE,
obj:907,cobbled pavement,terrain,ground,./dat/objects.srv,UNPRIORITIZED,TODO,,,,SHARED_CANDIDATE:obj:870,NONE,NONE,NONE,
obj:908,cobbled pavement,terrain,ground,./dat/objects.srv,UNPRIORITIZED,TODO,,,,SHARED_CANDIDATE:obj:870,NONE,NONE,NONE,
obj:909,cobbled pavement,terrain,ground,./dat/objects.srv,UNPRIORITIZED,TODO,,,,SHARED_CANDIDATE:obj:870,NONE,NONE,NONE,
obj:910,cobbled pavement,terrain,ground,./dat/objects.srv,UNPRIORITIZED,TODO,,,,SHARED_CANDIDATE:obj:870,NONE,NONE,NONE,
obj:911,cobbled pavement,terrain,ground,./dat/objects.srv,UNPRIORITIZED,TODO,,,,SHARED_CANDIDATE:obj:870,NONE,NONE,NONE,
obj:912,cobbled pavement,terrain,ground,./dat/objects.srv,UNPRIORITIZED,TODO,,,,SHARED_CANDIDATE:obj:870,NONE,NONE,NONE,
obj:913,cobbled pavement,terrain,ground,./dat/objects.srv,UNPRIORITIZED,TODO,,,,SHARED_CANDIDATE:obj:870,NONE,NONE,NONE,
obj:914,cobbled pavement,terrain,ground,./dat/objects.srv,UNPRIORITIZED,TODO,,,,SHARED_CANDIDATE:obj:870,NONE,NONE,NONE,
obj:915,cobbled pavement,terrain,ground,./dat/objects.srv,UNPRIORITIZED,TODO,,,,SHARED_CANDIDATE:obj:870,NONE,NONE,NONE,
obj:916,cobbled pavement,terrain,ground,./dat/objects.srv,UNPRIORITIZED,TODO,,,,SHARED_CANDIDATE:obj:870,NONE,NONE,NONE,
obj:917,cobbled pavement,terrain,ground,./dat/objects.srv,UNPRIORITIZED,TODO,,,,SHARED_CANDIDATE:obj:870,NONE,NONE,NONE,
obj:918,cobbled pavement,terrain,ground,./dat/objects.srv,UNPRIORITIZED,TODO,,,,SHARED_CANDIDATE:obj:870,NONE,NONE,NONE,
obj:919,cobbled pavement,terrain,ground,./dat/objects.srv,UNPRIORITIZED,TODO,,,,SHARED_CANDIDATE:obj:870,NONE,NONE,NONE,
obj:920,cobbled pavement,terrain,ground,./dat/objects.srv,UNPRIORITIZED,TODO,,,,SHARED_CANDIDATE:obj:870,NONE,NONE,NONE,
obj:921,cobbled pavement,terrain,ground,./dat/objects.srv,UNPRIORITIZED,TODO,,,,SHARED_CANDIDATE:obj:870,NONE,NONE,NONE,
obj:922,cobbled pavement,terrain,ground,./dat/objects.srv,UNPRIORITIZED,TODO,,,,SHARED_CANDIDATE:obj:870,NONE,NONE,NONE,
obj:938,a road,terrain,ground,./dat/objects.srv,UNPRIORITIZED,TODO,,,,SHARED_CANDIDATE:obj:937,NONE,NONE,NONE,
obj:939,a road,terrain,ground,./dat/objects.srv,UNPRIORITIZED,TODO,,,,SHARED_CANDIDATE:obj:937,NONE,NONE,NONE,
obj:940,a road,terrain,ground,./dat/objects.srv,UNPRIORITIZED,TODO,,,,SHARED_CANDIDATE:obj:937,NONE,NONE,NONE,
obj:941,a road,terrain,ground,./dat/objects.srv,UNPRIORITIZED,TODO,,,,SHARED_CANDIDATE:obj:937,NONE,NONE,NONE,
obj:942,a road,terrain,ground,./dat/objects.srv,UNPRIORITIZED,TODO,,,,SHARED_CANDIDATE:obj:937,NONE,NONE,NONE,
obj:943,a road,terrain,ground,./dat/objects.srv,UNPRIORITIZED,TODO,,,,SHARED_CANDIDATE:obj:937,NONE,NONE,NONE,
obj:944,a road,terrain,ground,./dat/objects.srv,UNPRIORITIZED,TODO,,,,SHARED_CANDIDATE:obj:937,NONE,NONE,NONE,
obj:945,a road,terrain,ground,./dat/objects.srv,UNPRIORITIZED,TODO,,,,SHARED_CANDIDATE:obj:937,NONE,NONE,NONE,
obj:946,a road,terrain,ground,./dat/objects.srv,UNPRIORITIZED,TODO,,,,SHARED_CANDIDATE:obj:937,NONE,NONE,NONE,
obj:947,a road,terrain,ground,./dat/objects.srv,UNPRIORITIZED,TODO,,,,SHARED_CANDIDATE:obj:937,NONE,NONE,NONE,
obj:948,a road,terrain,ground,./dat/objects.srv,UNPRIORITIZED,TODO,,,,SHARED_CANDIDATE:obj:937,NONE,NONE,NONE,
obj:949,a road,terrain,ground,./dat/objects.srv,UNPRIORITIZED,TODO,,,,SHARED_CANDIDATE:obj:937,NONE,NONE,NONE,
obj:951,ploughed soil,terrain,ground,./dat/objects.srv,UNPRIORITIZED,TODO,,,,MESH,NONE,NONE,NONE,
obj:953,ploughed soil,terrain,ground,./dat/objects.srv,UNPRIORITIZED,TODO,,,,SHARED_CANDIDATE:obj:951,NONE,NONE,NONE,
obj:954,grass,terrain,ground,./dat/objects.srv,UNPRIORITIZED,TODO,,,,SHARED_CANDIDATE:obj:102,NONE,NONE,NONE,
obj:955,grass,terrain,ground,./dat/objects.srv,UNPRIORITIZED,TODO,,,,SHARED_CANDIDATE:obj:102,NONE,NONE,NONE,
obj:956,grass,terrain,ground,./dat/objects.srv,UNPRIORITIZED,TODO,,,,SHARED_CANDIDATE:obj:102,NONE,NONE,NONE,
obj:957,grass,terrain,ground,./dat/objects.srv,UNPRIORITIZED,TODO,,,,SHARED_CANDIDATE:obj:102,NONE,NONE,NONE,
obj:958,grass,terrain,ground,./dat/objects.srv,UNPRIORITIZED,TODO,,,,SHARED_CANDIDATE:obj:102,NONE,NONE,NONE,
obj:959,grass,terrain,ground,./dat/objects.srv,UNPRIORITIZED,TODO,,,,SHARED_CANDIDATE:obj:102,NONE,NONE,NONE,
obj:960,grass,terrain,ground,./dat/objects.srv,UNPRIORITIZED,TODO,,,,SHARED_CANDIDATE:obj:102,NONE,NONE,NONE,
obj:961,grass,terrain,ground,./dat/objects.srv,UNPRIORITIZED,TODO,,,,SHARED_CANDIDATE:obj:102,NONE,NONE,NONE,
obj:962,sand,terrain,ground,./dat/objects.srv,UNPRIORITIZED,TODO,,,,SHARED_CANDIDATE:obj:104,NONE,NONE,NONE,
obj:963,sand,terrain,ground,./dat/objects.srv,UNPRIORITIZED,TODO,,,,SHARED_CANDIDATE:obj:104,NONE,NONE,NONE,
obj:964,sand,terrain,ground,./dat/objects.srv,UNPRIORITIZED,TODO,,,,SHARED_CANDIDATE:obj:104,NONE,NONE,NONE,
obj:965,sand,terrain,ground,./dat/objects.srv,UNPRIORITIZED,TODO,,,,SHARED_CANDIDATE:obj:104,NONE,NONE,NONE,
obj:966,sand,terrain,ground,./dat/objects.srv,UNPRIORITIZED,TODO,,,,SHARED_CANDIDATE:obj:104,NONE,NONE,NONE,
obj:967,sand,terrain,ground,./dat/objects.srv,UNPRIORITIZED,TODO,,,,SHARED_CANDIDATE:obj:104,NONE,NONE,NONE,
obj:968,sand,terrain,ground,./dat/objects.srv,UNPRIORITIZED,TODO,,,,SHARED_CANDIDATE:obj:104,NONE,NONE,NONE,
obj:969,sand,terrain,ground,./dat/objects.srv,UNPRIORITIZED,TODO,,,,SHARED_CANDIDATE:obj:104,NONE,NONE,NONE,
obj:970,sand,terrain,ground,./dat/objects.srv,UNPRIORITIZED,TODO,,,,SHARED_CANDIDATE:obj:104,NONE,NONE,NONE,
obj:971,sand,terrain,ground,./dat/objects.srv,UNPRIORITIZED,TODO,,,,SHARED_CANDIDATE:obj:104,NONE,NONE,NONE,
obj:972,sand,terrain,ground,./dat/objects.srv,UNPRIORITIZED,TODO,,,,SHARED_CANDIDATE:obj:104,NONE,NONE,NONE,
obj:973,sand,terrain,ground,./dat/objects.srv,UNPRIORITIZED,TODO,,,,SHARED_CANDIDATE:obj:104,NONE,NONE,NONE,
obj:974,sand,terrain,ground,./dat/objects.srv,UNPRIORITIZED,TODO,,,,SHARED_CANDIDATE:obj:104,NONE,NONE,NONE,
obj:975,sand,terrain,ground,./dat/objects.srv,UNPRIORITIZED,TODO,,,,SHARED_CANDIDATE:obj:104,NONE,NONE,NONE,
obj:976,sand,terrain,ground,./dat/objects.srv,UNPRIORITIZED,TODO,,,,SHARED_CANDIDATE:obj:104,NONE,NONE,NONE,
obj:977,sand,terrain,ground,./dat/objects.srv,UNPRIORITIZED,TODO,,,,SHARED_CANDIDATE:obj:104,NONE,NONE,NONE,
obj:978,sand,terrain,ground,./dat/objects.srv,UNPRIORITIZED,TODO,,,,SHARED_CANDIDATE:obj:104,NONE,NONE,NONE,
obj:979,sand,terrain,ground,./dat/objects.srv,UNPRIORITIZED,TODO,,,,SHARED_CANDIDATE:obj:104,NONE,NONE,NONE,
obj:980,sand,terrain,ground,./dat/objects.srv,UNPRIORITIZED,TODO,,,,SHARED_CANDIDATE:obj:104,NONE,NONE,NONE,
obj:981,sand,terrain,ground,./dat/objects.srv,UNPRIORITIZED,TODO,,,,SHARED_CANDIDATE:obj:104,NONE,NONE,NONE,
obj:983,dry earth,terrain,ground,./dat/objects.srv,UNPRIORITIZED,TODO,,,,SHARED_CANDIDATE:obj:982,NONE,NONE,NONE,
obj:984,dry earth,terrain,ground,./dat/objects.srv,UNPRIORITIZED,TODO,,,,SHARED_CANDIDATE:obj:982,NONE,NONE,NONE,
obj:985,dry earth,terrain,ground,./dat/objects.srv,UNPRIORITIZED,TODO,,,,SHARED_CANDIDATE:obj:982,NONE,NONE,NONE,
obj:986,dry earth,terrain,ground,./dat/objects.srv,UNPRIORITIZED,TODO,,,,SHARED_CANDIDATE:obj:982,NONE,NONE,NONE,
obj:987,dry earth,terrain,ground,./dat/objects.srv,UNPRIORITIZED,TODO,,,,SHARED_CANDIDATE:obj:982,NONE,NONE,NONE,
obj:988,dry earth,terrain,ground,./dat/objects.srv,UNPRIORITIZED,TODO,,,,SHARED_CANDIDATE:obj:982,NONE,NONE,NONE,
obj:989,dry earth,terrain,ground,./dat/objects.srv,UNPRIORITIZED,TODO,,,,SHARED_CANDIDATE:obj:982,NONE,NONE,NONE,
obj:990,dry earth,terrain,ground,./dat/objects.srv,UNPRIORITIZED,TODO,,,,SHARED_CANDIDATE:obj:982,NONE,NONE,NONE,
obj:991,dry earth,terrain,ground,./dat/objects.srv,UNPRIORITIZED,TODO,,,,SHARED_CANDIDATE:obj:982,NONE,NONE,NONE,
obj:992,dry earth,terrain,ground,./dat/objects.srv,UNPRIORITIZED,TODO,,,,SHARED_CANDIDATE:obj:982,NONE,NONE,NONE,
obj:993,dry earth,terrain,ground,./dat/objects.srv,UNPRIORITIZED,TODO,,,,SHARED_CANDIDATE:obj:982,NONE,NONE,NONE,
obj:994,dry earth,terrain,ground,./dat/objects.srv,UNPRIORITIZED,TODO,,,,SHARED_CANDIDATE:obj:982,NONE,NONE,NONE,
obj:995,grass,terrain,ground,./dat/objects.srv,UNPRIORITIZED,TODO,,,,SHARED_CANDIDATE:obj:102,NONE,NONE,NONE,
obj:996,grass,terrain,ground,./dat/objects.srv,UNPRIORITIZED,TODO,,,,SHARED_CANDIDATE:obj:102,NONE,NONE,NONE,
obj:997,grass,terrain,ground,./dat/objects.srv,UNPRIORITIZED,TODO,,,,SHARED_CANDIDATE:obj:102,NONE,NONE,NONE,
obj:998,grass,terrain,ground,./dat/objects.srv,UNPRIORITIZED,TODO,,,,SHARED_CANDIDATE:obj:102,NONE,NONE,NONE,
obj:999,grass,terrain,ground,./dat/objects.srv,UNPRIORITIZED,TODO,,,,SHARED_CANDIDATE:obj:102,NONE,NONE,NONE,
obj:5022,a magic forcefield,traversal,teleport,./dat/objects.srv,UNPRIORITIZED,TODO,,,,MESH,NONE,NONE,NONE,
obj:5023,a magic forcefield,traversal,level_change,./dat/objects.srv,UNPRIORITIZED,TODO,,,,SHARED_CANDIDATE:obj:5022,NONE,NONE,NONE,
obj:1399,an oriental wall,usable,liquid_source,./dat/objects.srv,UNPRIORITIZED,TODO,,,,MESH,NONE,NONE,NONE,
obj:1400,an oriental wall,usable,liquid_source,./dat/objects.srv,UNPRIORITIZED,TODO,,,,SHARED_CANDIDATE:obj:1399,NONE,NONE,NONE,
obj:1439,an oriental wall,usable,liquid_source,./dat/objects.srv,UNPRIORITIZED,TODO,,,,SHARED_CANDIDATE:obj:1399,NONE,NONE,NONE,
obj:1440,an oriental wall,usable,liquid_source,./dat/objects.srv,UNPRIORITIZED,TODO,,,,SHARED_CANDIDATE:obj:1399,NONE,NONE,NONE,
obj:2567,a lever,usable,interactable,./dat/objects.srv,UNPRIORITIZED,TODO,,,,MESH,NONE,NONE,NONE,
obj:2570,a lever,usable,interactable,./dat/objects.srv,UNPRIORITIZED,TODO,,,,ALIAS_OF:obj:2567,NONE,NONE,NONE,
obj:2775,a furniture package,usable,interactable,./dat/objects.srv,UNPRIORITIZED,TODO,,,,MESH,NONE,NONE,NONE,
obj:2776,a furniture package,usable,interactable,./dat/objects.srv,UNPRIORITIZED,TODO,,,,SHARED_CANDIDATE:obj:2775,NONE,NONE,NONE,
obj:2777,a furniture package,usable,interactable,./dat/objects.srv,UNPRIORITIZED,TODO,,,,SHARED_CANDIDATE:obj:2775,NONE,NONE,NONE,
obj:2778,a furniture package,usable,interactable,./dat/objects.srv,UNPRIORITIZED,TODO,,,,SHARED_CANDIDATE:obj:2775,NONE,NONE,NONE,
obj:2779,a furniture package,usable,interactable,./dat/objects.srv,UNPRIORITIZED,TODO,,,,SHARED_CANDIDATE:obj:2775,NONE,NONE,NONE,
obj:2780,a furniture package,usable,interactable,./dat/objects.srv,UNPRIORITIZED,TODO,,,,SHARED_CANDIDATE:obj:2775,NONE,NONE,NONE,
obj:2781,a furniture package,usable,interactable,./dat/objects.srv,UNPRIORITIZED,TODO,,,,SHARED_CANDIDATE:obj:2775,NONE,NONE,NONE,
obj:2782,a furniture package,usable,interactable,./dat/objects.srv,UNPRIORITIZED,TODO,,,,SHARED_CANDIDATE:obj:2775,NONE,NONE,NONE,
obj:2783,a furniture package,usable,interactable,./dat/objects.srv,UNPRIORITIZED,TODO,,,,SHARED_CANDIDATE:obj:2775,NONE,NONE,NONE,
obj:2784,a furniture package,usable,interactable,./dat/objects.srv,UNPRIORITIZED,TODO,,,,SHARED_CANDIDATE:obj:2775,NONE,NONE,NONE,
obj:2786,a furniture package,usable,interactable,./dat/objects.srv,UNPRIORITIZED,TODO,,,,SHARED_CANDIDATE:obj:2775,NONE,NONE,NONE,
obj:2787,a furniture package,usable,interactable,./dat/objects.srv,UNPRIORITIZED,TODO,,,,SHARED_CANDIDATE:obj:2775,NONE,NONE,NONE,
obj:2790,a furniture package,usable,interactable,./dat/objects.srv,UNPRIORITIZED,TODO,,,,SHARED_CANDIDATE:obj:2775,NONE,NONE,NONE,
obj:2793,a furniture package,usable,interactable,./dat/objects.srv,UNPRIORITIZED,TODO,,,,SHARED_CANDIDATE:obj:2775,NONE,NONE,NONE,
obj:2794,a furniture package,usable,interactable,./dat/objects.srv,UNPRIORITIZED,TODO,,,,SHARED_CANDIDATE:obj:2775,NONE,NONE,NONE,
obj:2796,a furniture package,usable,interactable,./dat/objects.srv,UNPRIORITIZED,TODO,,,,SHARED_CANDIDATE:obj:2775,NONE,NONE,NONE,
obj:2797,a furniture package,usable,interactable,./dat/objects.srv,UNPRIORITIZED,TODO,,,,SHARED_CANDIDATE:obj:2775,NONE,NONE,NONE,
obj:2798,a furniture package,usable,interactable,./dat/objects.srv,UNPRIORITIZED,TODO,,,,SHARED_CANDIDATE:obj:2775,NONE,NONE,NONE,
obj:2799,a furniture package,usable,interactable,./dat/objects.srv,UNPRIORITIZED,TODO,,,,SHARED_CANDIDATE:obj:2775,NONE,NONE,NONE,
obj:2800,a furniture package,usable,interactable,./dat/objects.srv,UNPRIORITIZED,TODO,,,,SHARED_CANDIDATE:obj:2775,NONE,NONE,NONE,
obj:2801,a furniture package,usable,interactable,./dat/objects.srv,UNPRIORITIZED,TODO,,,,SHARED_CANDIDATE:obj:2775,NONE,NONE,NONE,
obj:2802,a furniture package,usable,interactable,./dat/objects.srv,UNPRIORITIZED,TODO,,,,SHARED_CANDIDATE:obj:2775,NONE,NONE,NONE,
obj:2803,a furniture package,usable,interactable,./dat/objects.srv,UNPRIORITIZED,TODO,,,,SHARED_CANDIDATE:obj:2775,NONE,NONE,NONE,
obj:2804,a furniture package,usable,interactable,./dat/objects.srv,UNPRIORITIZED,TODO,,,,SHARED_CANDIDATE:obj:2775,NONE,NONE,NONE,
obj:2805,a furniture package,usable,interactable,./dat/objects.srv,UNPRIORITIZED,TODO,,,,SHARED_CANDIDATE:obj:2775,NONE,NONE,NONE,
obj:2806,a furniture package,usable,interactable,./dat/objects.srv,UNPRIORITIZED,TODO,,,,SHARED_CANDIDATE:obj:2775,NONE,NONE,NONE,
obj:2807,a furniture package,usable,interactable,./dat/objects.srv,UNPRIORITIZED,TODO,,,,SHARED_CANDIDATE:obj:2775,NONE,NONE,NONE,
obj:2808,a furniture package,usable,interactable,./dat/objects.srv,UNPRIORITIZED,TODO,,,,SHARED_CANDIDATE:obj:2775,NONE,NONE,NONE,
obj:2809,a furniture package,usable,interactable,./dat/objects.srv,UNPRIORITIZED,TODO,,,,SHARED_CANDIDATE:obj:2775,NONE,NONE,NONE,
obj:2810,a furniture package,usable,interactable,./dat/objects.srv,UNPRIORITIZED,TODO,,,,SHARED_CANDIDATE:obj:2775,NONE,NONE,NONE,
obj:2811,a furniture package,usable,interactable,./dat/objects.srv,UNPRIORITIZED,TODO,,,,SHARED_CANDIDATE:obj:2775,NONE,NONE,NONE,
obj:2812,a furniture package,usable,interactable,./dat/objects.srv,UNPRIORITIZED,TODO,,,,SHARED_CANDIDATE:obj:2775,NONE,NONE,NONE,
obj:2879,an elven vase,usable,liquid_container,./dat/objects.srv,UNPRIORITIZED,TODO,,,,MESH,NONE,NONE,NONE,
obj:2883,a cup,usable,liquid_container,./dat/objects.srv,UNPRIORITIZED,TODO,,,,SHARED_CANDIDATE:obj:2881,NONE,NONE,NONE,
obj:2884,a cup,usable,liquid_container,./dat/objects.srv,UNPRIORITIZED,TODO,,,,SHARED_CANDIDATE:obj:2881,NONE,NONE,NONE,
obj:2934,a tablelamp,usable,interactable,./dat/objects.srv,UNPRIORITIZED,TODO,,,,MESH,NONE,NONE,NONE,
obj:2954,a simple fanfare,usable,interactable,./dat/objects.srv,UNPRIORITIZED,TODO,,,,MESH,NONE,NONE,NONE,
obj:2956,a royal fanfare,usable,interactable,./dat/objects.srv,UNPRIORITIZED,TODO,,,,MESH,NONE,NONE,NONE,
obj:2958,a war horn,usable,interactable,./dat/objects.srv,UNPRIORITIZED,TODO,,,,MESH,NONE,NONE,NONE,
obj:2959,a piano,usable,interactable,./dat/objects.srv,UNPRIORITIZED,TODO,,,,MESH,NONE,NONE,NONE,
obj:2960,a piano,usable,interactable,./dat/objects.srv,UNPRIORITIZED,TODO,,,,SHARED_CANDIDATE:obj:2959,NONE,NONE,NONE,
obj:2961,a piano,usable,interactable,./dat/objects.srv,UNPRIORITIZED,TODO,,,,SHARED_CANDIDATE:obj:2959,NONE,NONE,NONE,
obj:2962,a piano,usable,interactable,./dat/objects.srv,UNPRIORITIZED,TODO,,,,SHARED_CANDIDATE:obj:2959,NONE,NONE,NONE,
obj:2963,a harp,usable,interactable,./dat/objects.srv,UNPRIORITIZED,TODO,,,,MESH,NONE,NONE,NONE,
obj:2967,a magical key,usable,key,./dat/objects.srv,UNPRIORITIZED,TODO,,,,MESH,NONE,NONE,NONE,
obj:2968,a wooden key,usable,key,./dat/objects.srv,UNPRIORITIZED,TODO,,,,MESH,NONE,NONE,NONE,
obj:2970,a copper key,usable,key,./dat/objects.srv,UNPRIORITIZED,TODO,,,,MESH,NONE,NONE,NONE,
obj:2971,a crystal key,usable,key,./dat/objects.srv,UNPRIORITIZED,TODO,,,,MESH,NONE,NONE,NONE,
obj:2972,a golden key,usable,key,./dat/objects.srv,UNPRIORITIZED,TODO,,,,MESH,NONE,NONE,NONE,
obj:2973,a bone key,usable,key,./dat/objects.srv,UNPRIORITIZED,TODO,,,,MESH,NONE,NONE,NONE,
obj:2976,a birdcage,usable,interactable,./dat/objects.srv,UNPRIORITIZED,TODO,,,,MESH,NONE,NONE,NONE,
obj:2977,a pumpkinhead,usable,interactable,./dat/objects.srv,UNPRIORITIZED,TODO,,,,MESH,NONE,NONE,NONE,
obj:3078,a mysterious fetish,usable,interactable,./dat/objects.srv,UNPRIORITIZED,TODO,,,,MESH,NONE,NONE,NONE,
obj:3103,a cornucopia,usable,interactable,./dat/objects.srv,UNPRIORITIZED,TODO,,,,MESH,NONE,NONE,NONE,
obj:3148,a spell rune,usable,rune,./dat/objects.srv,UNPRIORITIZED,TODO,,,,MESH,NONE,NONE,NONE,
obj:3149,a spell rune,usable,rune,./dat/objects.srv,UNPRIORITIZED,TODO,,,,SHARED_CANDIDATE:obj:3148,NONE,NONE,NONE,
obj:3150,a spell rune,usable,rune,./dat/objects.srv,UNPRIORITIZED,TODO,,,,SHARED_CANDIDATE:obj:3148,NONE,NONE,NONE,
obj:3151,a spell rune,usable,rune,./dat/objects.srv,UNPRIORITIZED,TODO,,,,SHARED_CANDIDATE:obj:3148,NONE,NONE,NONE,
obj:3152,a spell rune,usable,rune,./dat/objects.srv,UNPRIORITIZED,TODO,,,,SHARED_CANDIDATE:obj:3148,NONE,NONE,NONE,
obj:3153,a spell rune,usable,rune,./dat/objects.srv,UNPRIORITIZED,TODO,,,,SHARED_CANDIDATE:obj:3148,NONE,NONE,NONE,
obj:3154,a spell rune,usable,rune,./dat/objects.srv,UNPRIORITIZED,TODO,,,,SHARED_CANDIDATE:obj:3148,NONE,NONE,NONE,
obj:3155,a spell rune,usable,rune,./dat/objects.srv,UNPRIORITIZED,TODO,,,,SHARED_CANDIDATE:obj:3148,NONE,NONE,NONE,
obj:3156,a spell rune,usable,rune,./dat/objects.srv,UNPRIORITIZED,TODO,,,,SHARED_CANDIDATE:obj:3148,NONE,NONE,NONE,
obj:3157,a spell rune,usable,rune,./dat/objects.srv,UNPRIORITIZED,TODO,,,,SHARED_CANDIDATE:obj:3148,NONE,NONE,NONE,
obj:3158,a spell rune,usable,rune,./dat/objects.srv,UNPRIORITIZED,TODO,,,,SHARED_CANDIDATE:obj:3148,NONE,NONE,NONE,
obj:3159,a spell rune,usable,rune,./dat/objects.srv,UNPRIORITIZED,TODO,,,,SHARED_CANDIDATE:obj:3148,NONE,NONE,NONE,
obj:3160,a spell rune,usable,rune,./dat/objects.srv,UNPRIORITIZED,TODO,,,,SHARED_CANDIDATE:obj:3148,NONE,NONE,NONE,
obj:3161,a spell rune,usable,rune,./dat/objects.srv,UNPRIORITIZED,TODO,,,,SHARED_CANDIDATE:obj:3148,NONE,NONE,NONE,
obj:3162,a spell rune,usable,rune,./dat/objects.srv,UNPRIORITIZED,TODO,,,,SHARED_CANDIDATE:obj:3148,NONE,NONE,NONE,
obj:3163,a spell rune,usable,rune,./dat/objects.srv,UNPRIORITIZED,TODO,,,,SHARED_CANDIDATE:obj:3148,NONE,NONE,NONE,
obj:3164,a spell rune,usable,rune,./dat/objects.srv,UNPRIORITIZED,TODO,,,,SHARED_CANDIDATE:obj:3148,NONE,NONE,NONE,
obj:3165,a spell rune,usable,rune,./dat/objects.srv,UNPRIORITIZED,TODO,,,,SHARED_CANDIDATE:obj:3148,NONE,NONE,NONE,
obj:3166,a spell rune,usable,rune,./dat/objects.srv,UNPRIORITIZED,TODO,,,,SHARED_CANDIDATE:obj:3148,NONE,NONE,NONE,
obj:3167,a spell rune,usable,rune,./dat/objects.srv,UNPRIORITIZED,TODO,,,,SHARED_CANDIDATE:obj:3148,NONE,NONE,NONE,
obj:3168,a spell rune,usable,rune,./dat/objects.srv,UNPRIORITIZED,TODO,,,,SHARED_CANDIDATE:obj:3148,NONE,NONE,NONE,
obj:3169,a spell rune,usable,rune,./dat/objects.srv,UNPRIORITIZED,TODO,,,,SHARED_CANDIDATE:obj:3148,NONE,NONE,NONE,
obj:3170,a spell rune,usable,rune,./dat/objects.srv,UNPRIORITIZED,TODO,,,,SHARED_CANDIDATE:obj:3148,NONE,NONE,NONE,
obj:3171,a spell rune,usable,rune,./dat/objects.srv,UNPRIORITIZED,TODO,,,,SHARED_CANDIDATE:obj:3148,NONE,NONE,NONE,
obj:3172,a spell rune,usable,rune,./dat/objects.srv,UNPRIORITIZED,TODO,,,,SHARED_CANDIDATE:obj:3148,NONE,NONE,NONE,
obj:3173,a spell rune,usable,rune,./dat/objects.srv,UNPRIORITIZED,TODO,,,,SHARED_CANDIDATE:obj:3148,NONE,NONE,NONE,
obj:3174,a spell rune,usable,rune,./dat/objects.srv,UNPRIORITIZED,TODO,,,,SHARED_CANDIDATE:obj:3148,NONE,NONE,NONE,
obj:3175,a spell rune,usable,rune,./dat/objects.srv,UNPRIORITIZED,TODO,,,,SHARED_CANDIDATE:obj:3148,NONE,NONE,NONE,
obj:3176,a spell rune,usable,rune,./dat/objects.srv,UNPRIORITIZED,TODO,,,,SHARED_CANDIDATE:obj:3148,NONE,NONE,NONE,
obj:3177,a spell rune,usable,rune,./dat/objects.srv,UNPRIORITIZED,TODO,,,,SHARED_CANDIDATE:obj:3148,NONE,NONE,NONE,
obj:3178,a spell rune,usable,rune,./dat/objects.srv,UNPRIORITIZED,TODO,,,,SHARED_CANDIDATE:obj:3148,NONE,NONE,NONE,
obj:3180,a spell rune,usable,rune,./dat/objects.srv,UNPRIORITIZED,TODO,,,,SHARED_CANDIDATE:obj:3148,NONE,NONE,NONE,
obj:3181,a spell rune,usable,rune,./dat/objects.srv,UNPRIORITIZED,TODO,,,,SHARED_CANDIDATE:obj:3148,NONE,NONE,NONE,
obj:3182,a spell rune,usable,rune,./dat/objects.srv,UNPRIORITIZED,TODO,,,,SHARED_CANDIDATE:obj:3148,NONE,NONE,NONE,
obj:3183,a spell rune,usable,rune,./dat/objects.srv,UNPRIORITIZED,TODO,,,,SHARED_CANDIDATE:obj:3148,NONE,NONE,NONE,
obj:3184,a spell rune,usable,rune,./dat/objects.srv,UNPRIORITIZED,TODO,,,,SHARED_CANDIDATE:obj:3148,NONE,NONE,NONE,
obj:3185,a spell rune,usable,rune,./dat/objects.srv,UNPRIORITIZED,TODO,,,,SHARED_CANDIDATE:obj:3148,NONE,NONE,NONE,
obj:3186,a spell rune,usable,rune,./dat/objects.srv,UNPRIORITIZED,TODO,,,,SHARED_CANDIDATE:obj:3148,NONE,NONE,NONE,
obj:3187,a spell rune,usable,rune,./dat/objects.srv,UNPRIORITIZED,TODO,,,,SHARED_CANDIDATE:obj:3148,NONE,NONE,NONE,
obj:3188,a spell rune,usable,rune,./dat/objects.srv,UNPRIORITIZED,TODO,,,,SHARED_CANDIDATE:obj:3148,NONE,NONE,NONE,
obj:3189,a spell rune,usable,rune,./dat/objects.srv,UNPRIORITIZED,TODO,,,,SHARED_CANDIDATE:obj:3148,NONE,NONE,NONE,
obj:3190,a spell rune,usable,rune,./dat/objects.srv,UNPRIORITIZED,TODO,,,,SHARED_CANDIDATE:obj:3148,NONE,NONE,NONE,
obj:3191,a spell rune,usable,rune,./dat/objects.srv,UNPRIORITIZED,TODO,,,,SHARED_CANDIDATE:obj:3148,NONE,NONE,NONE,
obj:3192,a spell rune,usable,rune,./dat/objects.srv,UNPRIORITIZED,TODO,,,,SHARED_CANDIDATE:obj:3148,NONE,NONE,NONE,
obj:3194,a spell rune,usable,rune,./dat/objects.srv,UNPRIORITIZED,TODO,,,,SHARED_CANDIDATE:obj:3148,NONE,NONE,NONE,
obj:3195,a spell rune,usable,rune,./dat/objects.srv,UNPRIORITIZED,TODO,,,,SHARED_CANDIDATE:obj:3148,NONE,NONE,NONE,
obj:3196,a spell rune,usable,rune,./dat/objects.srv,UNPRIORITIZED,TODO,,,,SHARED_CANDIDATE:obj:3148,NONE,NONE,NONE,
obj:3197,a spell rune,usable,rune,./dat/objects.srv,UNPRIORITIZED,TODO,,,,SHARED_CANDIDATE:obj:3148,NONE,NONE,NONE,
obj:3198,a spell rune,usable,rune,./dat/objects.srv,UNPRIORITIZED,TODO,,,,SHARED_CANDIDATE:obj:3148,NONE,NONE,NONE,
obj:3199,a spell rune,usable,rune,./dat/objects.srv,UNPRIORITIZED,TODO,,,,SHARED_CANDIDATE:obj:3148,NONE,NONE,NONE,
obj:3200,a spell rune,usable,rune,./dat/objects.srv,UNPRIORITIZED,TODO,,,,SHARED_CANDIDATE:obj:3148,NONE,NONE,NONE,
obj:3201,a spell rune,usable,rune,./dat/objects.srv,UNPRIORITIZED,TODO,,,,SHARED_CANDIDATE:obj:3148,NONE,NONE,NONE,
obj:3202,a spell rune,usable,rune,./dat/objects.srv,UNPRIORITIZED,TODO,,,,SHARED_CANDIDATE:obj:3148,NONE,NONE,NONE,
obj:3203,a spell rune,usable,rune,./dat/objects.srv,UNPRIORITIZED,TODO,,,,SHARED_CANDIDATE:obj:3148,NONE,NONE,NONE,
obj:3218,a present,usable,interactable,./dat/objects.srv,UNPRIORITIZED,TODO,,,,MESH,NONE,NONE,NONE,
obj:3219,Waldos Posthorn,usable,interactable,./dat/objects.srv,UNPRIORITIZED,TODO,,,,MESH,NONE,NONE,NONE,
obj:3250,the carrot of doom,usable,food,./dat/objects.srv,UNPRIORITIZED,TODO,,,,MESH,NONE,NONE,NONE,
obj:3477,a ewer,usable,liquid_container,./dat/objects.srv,UNPRIORITIZED,TODO,,,,MESH,NONE,NONE,NONE,
obj:3478,a ewer,usable,liquid_container,./dat/objects.srv,UNPRIORITIZED,TODO,,,,SHARED_CANDIDATE:obj:3477,NONE,NONE,NONE,
obj:3479,a ewer,usable,liquid_container,./dat/objects.srv,UNPRIORITIZED,TODO,,,,SHARED_CANDIDATE:obj:3477,NONE,NONE,NONE,
obj:3480,a ewer,usable,liquid_container,./dat/objects.srv,UNPRIORITIZED,TODO,,,,SHARED_CANDIDATE:obj:3477,NONE,NONE,NONE,
obj:3577,meat,usable,food,./dat/objects.srv,UNPRIORITIZED,TODO,,,,MESH,NONE,NONE,NONE,
obj:3578,a fish,usable,food,./dat/objects.srv,UNPRIORITIZED,TODO,,,,MESH,NONE,NONE,NONE,
obj:3579,salmon,usable,food,./dat/objects.srv,UNPRIORITIZED,TODO,,,,MESH,NONE,NONE,NONE,
obj:3580,a fish,usable,food,./dat/objects.srv,UNPRIORITIZED,TODO,,,,SHARED_CANDIDATE:obj:3578,NONE,NONE,NONE,
obj:3581,shrimp,usable,food,./dat/objects.srv,UNPRIORITIZED,TODO,,,,MESH,NONE,NONE,NONE,
obj:3582,ham,usable,food,./dat/objects.srv,UNPRIORITIZED,TODO,,,,MESH,NONE,NONE,NONE,
obj:3583,dragon ham,usable,food,./dat/objects.srv,UNPRIORITIZED,TODO,,,,MESH,NONE,NONE,NONE,
obj:3584,a pear,usable,food,./dat/objects.srv,UNPRIORITIZED,TODO,,,,MESH,NONE,NONE,NONE,
obj:3585,a red apple,usable,food,./dat/objects.srv,UNPRIORITIZED,TODO,,,,MESH,NONE,NONE,NONE,
obj:3586,an orange,usable,food,./dat/objects.srv,UNPRIORITIZED,TODO,,,,MESH,NONE,NONE,NONE,
obj:3587,a banana,usable,food,./dat/objects.srv,UNPRIORITIZED,TODO,,,,MESH,NONE,NONE,NONE,
obj:3588,a blueberry,usable,food,./dat/objects.srv,UNPRIORITIZED,TODO,,,,MESH,NONE,NONE,NONE,
obj:3589,a coconut,usable,food,./dat/objects.srv,UNPRIORITIZED,TODO,,,,MESH,NONE,NONE,NONE,
obj:3590,a cherry,usable,food,./dat/objects.srv,UNPRIORITIZED,TODO,,,,MESH,NONE,NONE,NONE,
obj:3591,a strawberry,usable,food,./dat/objects.srv,UNPRIORITIZED,TODO,,,,MESH,NONE,NONE,NONE,
obj:3594,a pumpkin,usable,food,./dat/objects.srv,UNPRIORITIZED,TODO,,,,MESH,NONE,NONE,NONE,
obj:3595,a carrot,usable,food,./dat/objects.srv,UNPRIORITIZED,TODO,,,,MESH,NONE,NONE,NONE,
obj:3596,a tomato,usable,food,./dat/objects.srv,UNPRIORITIZED,TODO,,,,MESH,NONE,NONE,NONE,
obj:3597,a corncob,usable,food,./dat/objects.srv,UNPRIORITIZED,TODO,,,,MESH,NONE,NONE,NONE,
obj:3598,a cookie,usable,food,./dat/objects.srv,UNPRIORITIZED,TODO,,,,MESH,NONE,NONE,NONE,
obj:3599,a candy cane,usable,food,./dat/objects.srv,UNPRIORITIZED,TODO,,,,MESH,NONE,NONE,NONE,
obj:3600,a bread,usable,food,./dat/objects.srv,UNPRIORITIZED,TODO,,,,MESH,NONE,NONE,NONE,
obj:3601,a roll,usable,food,./dat/objects.srv,UNPRIORITIZED,TODO,,,,MESH,NONE,NONE,NONE,
obj:3602,a brown bread,usable,food,./dat/objects.srv,UNPRIORITIZED,TODO,,,,MESH,NONE,NONE,NONE,
obj:3603,flour,usable,interactable,./dat/objects.srv,UNPRIORITIZED,TODO,,,,MESH,NONE,NONE,NONE,
obj:3604,a lump of dough,usable,interactable,./dat/objects.srv,UNPRIORITIZED,TODO,,,,MESH,NONE,NONE,NONE,
obj:3605,a bunch of wheat,usable,interactable,./dat/objects.srv,UNPRIORITIZED,TODO,,,,MESH,NONE,NONE,NONE,
obj:3606,an egg,usable,food,./dat/objects.srv,UNPRIORITIZED,TODO,,,,MESH,NONE,NONE,NONE,
obj:3723,a white mushroom,usable,food,./dat/objects.srv,UNPRIORITIZED,TODO,,,,MESH,NONE,NONE,NONE,
obj:3724,a red mushroom,usable,food,./dat/objects.srv,UNPRIORITIZED,TODO,,,,MESH,NONE,NONE,NONE,
obj:3725,a brown mushroom,usable,food,./dat/objects.srv,UNPRIORITIZED,TODO,,,,MESH,NONE,NONE,NONE,
obj:3726,an orange mushroom,usable,food,./dat/objects.srv,UNPRIORITIZED,TODO,,,,MESH,NONE,NONE,NONE,
obj:3727,a wood mushroom,usable,food,./dat/objects.srv,UNPRIORITIZED,TODO,,,,MESH,NONE,NONE,NONE,
obj:3728,a dark mushroom,usable,food,./dat/objects.srv,UNPRIORITIZED,TODO,,,,MESH,NONE,NONE,NONE,
obj:3729,some mushrooms,usable,food,./dat/objects.srv,UNPRIORITIZED,TODO,,,,MESH,NONE,NONE,NONE,
obj:3730,some mushrooms,usable,food,./dat/objects.srv,UNPRIORITIZED,TODO,,,,SHARED_CANDIDATE:obj:3729,NONE,NONE,NONE,
obj:3731,a fire mushroom,usable,food,./dat/objects.srv,UNPRIORITIZED,TODO,,,,MESH,NONE,NONE,NONE,
obj:3732,a green mushroom,usable,food,./dat/objects.srv,UNPRIORITIZED,TODO,,,,MESH,NONE,NONE,NONE,
obj:4603,shallow water,usable,liquid_source,./dat/objects.srv,UNPRIORITIZED,TODO,,,,SHARED_CANDIDATE:obj:618,NONE,NONE,NONE,
obj:4604,shallow water,usable,liquid_source,./dat/objects.srv,UNPRIORITIZED,TODO,,,,SHARED_CANDIDATE:obj:618,NONE,NONE,NONE,
obj:4605,shallow water,usable,liquid_source,./dat/objects.srv,UNPRIORITIZED,TODO,,,,SHARED_CANDIDATE:obj:618,NONE,NONE,NONE,
obj:4606,shallow water,usable,liquid_source,./dat/objects.srv,UNPRIORITIZED,TODO,,,,SHARED_CANDIDATE:obj:618,NONE,NONE,NONE,
obj:4607,shallow water,usable,liquid_source,./dat/objects.srv,UNPRIORITIZED,TODO,,,,SHARED_CANDIDATE:obj:618,NONE,NONE,NONE,
obj:4608,shallow water,usable,liquid_source,./dat/objects.srv,UNPRIORITIZED,TODO,,,,SHARED_CANDIDATE:obj:618,NONE,NONE,NONE,
obj:4609,shallow water,usable,liquid_source,./dat/objects.srv,UNPRIORITIZED,TODO,,,,SHARED_CANDIDATE:obj:618,NONE,NONE,NONE,
obj:4610,shallow water,usable,liquid_source,./dat/objects.srv,UNPRIORITIZED,TODO,,,,SHARED_CANDIDATE:obj:618,NONE,NONE,NONE,
obj:4611,shallow water,usable,liquid_source,./dat/objects.srv,UNPRIORITIZED,TODO,,,,SHARED_CANDIDATE:obj:618,NONE,NONE,NONE,
obj:4612,shallow water,usable,liquid_source,./dat/objects.srv,UNPRIORITIZED,TODO,,,,SHARED_CANDIDATE:obj:618,NONE,NONE,NONE,
obj:4613,shallow water,usable,liquid_source,./dat/objects.srv,UNPRIORITIZED,TODO,,,,SHARED_CANDIDATE:obj:618,NONE,NONE,NONE,
obj:4614,shallow water,usable,liquid_source,./dat/objects.srv,UNPRIORITIZED,TODO,,,,SHARED_CANDIDATE:obj:618,NONE,NONE,NONE,
obj:4835,a snake destroyer,usable,interactable,./dat/objects.srv,UNPRIORITIZED,TODO,,,,MESH,NONE,NONE,NONE,
obj:4842,a sheet of tracing paper,usable,interactable,./dat/objects.srv,UNPRIORITIZED,TODO,,,,MESH,NONE,NONE,NONE,
obj:4852,an ectoplasm container,usable,interactable,./dat/objects.srv,UNPRIORITIZED,TODO,,,,MESH,NONE,NONE,NONE,
obj:4863,a butterfly conservation kit,usable,interactable,./dat/objects.srv,UNPRIORITIZED,TODO,,,,MESH,NONE,NONE,NONE,
obj:4867,a botanist's container,usable,interactable,./dat/objects.srv,UNPRIORITIZED,TODO,,,,MESH,NONE,NONE,NONE,
obj:4872,an ice pick,usable,interactable,./dat/objects.srv,UNPRIORITIZED,TODO,,,,MESH,NONE,NONE,NONE,
obj:5076,a stony pond,usable,liquid_source,./dat/objects.srv,UNPRIORITIZED,TODO,,,,MESH,NONE,NONE,NONE,
obj:5077,a stony pond,usable,liquid_source,./dat/objects.srv,UNPRIORITIZED,TODO,,,,SHARED_CANDIDATE:obj:5076,NONE,NONE,NONE,
obj:5078,a stony pond,usable,liquid_source,./dat/objects.srv,UNPRIORITIZED,TODO,,,,SHARED_CANDIDATE:obj:5076,NONE,NONE,NONE,
obj:5079,a stony pond,usable,liquid_source,./dat/objects.srv,UNPRIORITIZED,TODO,,,,SHARED_CANDIDATE:obj:5076,NONE,NONE,NONE,
obj:5086,a furniture package,usable,interactable,./dat/objects.srv,UNPRIORITIZED,TODO,,,,SHARED_CANDIDATE:obj:2775,NONE,NONE,NONE,
obj:5087,a furniture package,usable,interactable,./dat/objects.srv,UNPRIORITIZED,TODO,,,,SHARED_CANDIDATE:obj:2775,NONE,NONE,NONE,
obj:5088,a furniture package,usable,interactable,./dat/objects.srv,UNPRIORITIZED,TODO,,,,SHARED_CANDIDATE:obj:2775,NONE,NONE,NONE,
obj:618,shallow water,usable,liquid_source,./dat/objects.srv,UNPRIORITIZED,TODO,,,,MESH,NONE,NONE,NONE,
obj:619,shallow water,usable,liquid_source,./dat/objects.srv,UNPRIORITIZED,TODO,,,,SHARED_CANDIDATE:obj:618,NONE,NONE,NONE,
obj:620,shallow water,usable,liquid_source,./dat/objects.srv,UNPRIORITIZED,TODO,,,,SHARED_CANDIDATE:obj:618,NONE,NONE,NONE,
obj:621,shallow water,usable,liquid_source,./dat/objects.srv,UNPRIORITIZED,TODO,,,,MESH,NONE,NONE,NONE,
obj:735,shallow water,usable,liquid_source,./dat/objects.srv,UNPRIORITIZED,TODO,,,,SHARED_CANDIDATE:obj:618,NONE,NONE,NONE,
obj:736,shallow water,usable,liquid_source,./dat/objects.srv,UNPRIORITIZED,TODO,,,,SHARED_CANDIDATE:obj:618,NONE,NONE,NONE,
obj:737,shallow water,usable,liquid_source,./dat/objects.srv,UNPRIORITIZED,TODO,,,,SHARED_CANDIDATE:obj:618,NONE,NONE,NONE,
obj:738,shallow water,usable,liquid_source,./dat/objects.srv,UNPRIORITIZED,TODO,,,,SHARED_CANDIDATE:obj:618,NONE,NONE,NONE,
obj:739,shallow water,usable,liquid_source,./dat/objects.srv,UNPRIORITIZED,TODO,,,,SHARED_CANDIDATE:obj:618,NONE,NONE,NONE,
obj:740,shallow water,usable,liquid_source,./dat/objects.srv,UNPRIORITIZED,TODO,,,,SHARED_CANDIDATE:obj:618,NONE,NONE,NONE,
obj:741,shallow water,usable,liquid_source,./dat/objects.srv,UNPRIORITIZED,TODO,,,,SHARED_CANDIDATE:obj:618,NONE,NONE,NONE,
obj:742,shallow water,usable,liquid_source,./dat/objects.srv,UNPRIORITIZED,TODO,,,,SHARED_CANDIDATE:obj:618,NONE,NONE,NONE,
obj:743,shallow water,usable,liquid_source,./dat/objects.srv,UNPRIORITIZED,TODO,,,,SHARED_CANDIDATE:obj:618,NONE,NONE,NONE,
obj:744,shallow water,usable,liquid_source,./dat/objects.srv,UNPRIORITIZED,TODO,,,,SHARED_CANDIDATE:obj:618,NONE,NONE,NONE,
obj:745,shallow water,usable,liquid_source,./dat/objects.srv,UNPRIORITIZED,TODO,,,,SHARED_CANDIDATE:obj:618,NONE,NONE,NONE,
obj:746,shallow water,usable,liquid_source,./dat/objects.srv,UNPRIORITIZED,TODO,,,,SHARED_CANDIDATE:obj:618,NONE,NONE,NONE,
obj:747,shallow water,usable,liquid_source,./dat/objects.srv,UNPRIORITIZED,TODO,,,,SHARED_CANDIDATE:obj:618,NONE,NONE,NONE,
obj:748,shallow water,usable,liquid_source,./dat/objects.srv,UNPRIORITIZED,TODO,,,,SHARED_CANDIDATE:obj:618,NONE,NONE,NONE,
obj:749,shallow water,usable,liquid_source,./dat/objects.srv,UNPRIORITIZED,TODO,,,,SHARED_CANDIDATE:obj:618,NONE,NONE,NONE,
obj:750,shallow water,usable,liquid_source,./dat/objects.srv,UNPRIORITIZED,TODO,,,,SHARED_CANDIDATE:obj:618,NONE,NONE,NONE,
obj:751,shallow water,usable,liquid_source,./dat/objects.srv,UNPRIORITIZED,TODO,,,,SHARED_CANDIDATE:obj:618,NONE,NONE,NONE,
obj:752,shallow water,usable,liquid_source,./dat/objects.srv,UNPRIORITIZED,TODO,,,,SHARED_CANDIDATE:obj:618,NONE,NONE,NONE,
obj:753,shallow water,usable,liquid_source,./dat/objects.srv,UNPRIORITIZED,TODO,,,,SHARED_CANDIDATE:obj:618,NONE,NONE,NONE,
obj:754,shallow water,usable,liquid_source,./dat/objects.srv,UNPRIORITIZED,TODO,,,,SHARED_CANDIDATE:obj:618,NONE,NONE,NONE,
obj:755,shallow water,usable,liquid_source,./dat/objects.srv,UNPRIORITIZED,TODO,,,,SHARED_CANDIDATE:obj:618,NONE,NONE,NONE,
obj:756,shallow water,usable,liquid_source,./dat/objects.srv,UNPRIORITIZED,TODO,,,,SHARED_CANDIDATE:obj:618,NONE,NONE,NONE,
obj:757,shallow water,usable,liquid_source,./dat/objects.srv,UNPRIORITIZED,TODO,,,,SHARED_CANDIDATE:obj:618,NONE,NONE,NONE,
obj:758,shallow water,usable,liquid_source,./dat/objects.srv,UNPRIORITIZED,TODO,,,,SHARED_CANDIDATE:obj:618,NONE,NONE,NONE,
obj:759,shallow water,usable,liquid_source,./dat/objects.srv,UNPRIORITIZED,TODO,,,,SHARED_CANDIDATE:obj:618,NONE,NONE,NONE,
obj:760,shallow water,usable,liquid_source,./dat/objects.srv,UNPRIORITIZED,TODO,,,,SHARED_CANDIDATE:obj:618,NONE,NONE,NONE,
obj:761,shallow water,usable,liquid_source,./dat/objects.srv,UNPRIORITIZED,TODO,,,,SHARED_CANDIDATE:obj:618,NONE,NONE,NONE,
obj:762,shallow water,usable,liquid_source,./dat/objects.srv,UNPRIORITIZED,TODO,,,,SHARED_CANDIDATE:obj:618,NONE,NONE,NONE,
obj:763,shallow water,usable,liquid_source,./dat/objects.srv,UNPRIORITIZED,TODO,,,,SHARED_CANDIDATE:obj:618,NONE,NONE,NONE,
obj:764,shallow water,usable,liquid_source,./dat/objects.srv,UNPRIORITIZED,TODO,,,,SHARED_CANDIDATE:obj:618,NONE,NONE,NONE,
obj:765,shallow water,usable,liquid_source,./dat/objects.srv,UNPRIORITIZED,TODO,,,,SHARED_CANDIDATE:obj:618,NONE,NONE,NONE,
obj:766,shallow water,usable,liquid_source,./dat/objects.srv,UNPRIORITIZED,TODO,,,,SHARED_CANDIDATE:obj:618,NONE,NONE,NONE,
obj:787,shallow water,usable,liquid_source,./dat/objects.srv,UNPRIORITIZED,TODO,,,,SHARED_CANDIDATE:obj:618,NONE,NONE,NONE,
obj:788,shallow water,usable,liquid_source,./dat/objects.srv,UNPRIORITIZED,TODO,,,,SHARED_CANDIDATE:obj:618,NONE,NONE,NONE,
obj:789,shallow water,usable,liquid_source,./dat/objects.srv,UNPRIORITIZED,TODO,,,,SHARED_CANDIDATE:obj:618,NONE,NONE,NONE,
obj:790,shallow water,usable,liquid_source,./dat/objects.srv,UNPRIORITIZED,TODO,,,,SHARED_CANDIDATE:obj:618,NONE,NONE,NONE,
obj:791,shallow water,usable,liquid_source,./dat/objects.srv,UNPRIORITIZED,TODO,,,,SHARED_CANDIDATE:obj:618,NONE,NONE,NONE,
obj:792,shallow water,usable,liquid_source,./dat/objects.srv,UNPRIORITIZED,TODO,,,,SHARED_CANDIDATE:obj:618,NONE,NONE,NONE,
obj:793,shallow water,usable,liquid_source,./dat/objects.srv,UNPRIORITIZED,TODO,,,,SHARED_CANDIDATE:obj:618,NONE,NONE,NONE,
obj:794,shallow water,usable,liquid_source,./dat/objects.srv,UNPRIORITIZED,TODO,,,,SHARED_CANDIDATE:obj:618,NONE,NONE,NONE,
obj:795,shallow water,usable,liquid_source,./dat/objects.srv,UNPRIORITIZED,TODO,,,,SHARED_CANDIDATE:obj:618,NONE,NONE,NONE,
obj:796,shallow water,usable,liquid_source,./dat/objects.srv,UNPRIORITIZED,TODO,,,,SHARED_CANDIDATE:obj:618,NONE,NONE,NONE,
obj:797,shallow water,usable,liquid_source,./dat/objects.srv,UNPRIORITIZED,TODO,,,,SHARED_CANDIDATE:obj:618,NONE,NONE,NONE,
obj:798,shallow water,usable,liquid_source,./dat/objects.srv,UNPRIORITIZED,TODO,,,,SHARED_CANDIDATE:obj:618,NONE,NONE,NONE,
obj:853,shallow water,usable,liquid_source,./dat/objects.srv,UNPRIORITIZED,TODO,,,,SHARED_CANDIDATE:obj:618,NONE,NONE,NONE,
obj:854,shallow water,usable,liquid_source,./dat/objects.srv,UNPRIORITIZED,TODO,,,,SHARED_CANDIDATE:obj:618,NONE,NONE,NONE,
obj:855,shallow water,usable,liquid_source,./dat/objects.srv,UNPRIORITIZED,TODO,,,,SHARED_CANDIDATE:obj:618,NONE,NONE,NONE,
obj:856,shallow water,usable,liquid_source,./dat/objects.srv,UNPRIORITIZED,TODO,,,,SHARED_CANDIDATE:obj:618,NONE,NONE,NONE,
obj:857,shallow water,usable,liquid_source,./dat/objects.srv,UNPRIORITIZED,TODO,,,,SHARED_CANDIDATE:obj:618,NONE,NONE,NONE,
obj:858,shallow water,usable,liquid_source,./dat/objects.srv,UNPRIORITIZED,TODO,,,,SHARED_CANDIDATE:obj:618,NONE,NONE,NONE,
obj:859,shallow water,usable,liquid_source,./dat/objects.srv,UNPRIORITIZED,TODO,,,,SHARED_CANDIDATE:obj:618,NONE,NONE,NONE,
obj:860,shallow water,usable,liquid_source,./dat/objects.srv,UNPRIORITIZED,TODO,,,,SHARED_CANDIDATE:obj:618,NONE,NONE,NONE,
obj:861,shallow water,usable,liquid_source,./dat/objects.srv,UNPRIORITIZED,TODO,,,,SHARED_CANDIDATE:obj:618,NONE,NONE,NONE,
obj:862,shallow water,usable,liquid_source,./dat/objects.srv,UNPRIORITIZED,TODO,,,,SHARED_CANDIDATE:obj:618,NONE,NONE,NONE,
obj:863,shallow water,usable,liquid_source,./dat/objects.srv,UNPRIORITIZED,TODO,,,,SHARED_CANDIDATE:obj:618,NONE,NONE,NONE,
obj:864,shallow water,usable,liquid_source,./dat/objects.srv,UNPRIORITIZED,TODO,,,,SHARED_CANDIDATE:obj:618,NONE,NONE,NONE,
